"","state_postal","cd","year","FECCandID","candidate","raceid","cand_party","web_score","bioguide_id"
"1","AK",1,2018,"H6AK00045","Young, Don","201802010","Republican",NA,"Y000033"
"2","AK",1,2018,"H8AK00132","Shein, Dimitri","201802011","Democrat",-0.638490583402044,NA
"3","AK",1,2018,"H8AK00140","Galvin, Alyse","201802011","Democrat",-0.725479474977302,NA
"4","AK",1,2018,"H8AK01023","Hafner, Carol","201802011","Democrat",-0.661099048095905,NA
"5","AK",1,2018,"H8AK01031","Nelson, Thomas","201802010","Republican",0.217085233096827,NA
"6","AK",1,2018,NA,"Cumings, Christopher","201802011","Democrat",NA,NA
"7","AK",1,2018,NA,"Whittaker, Jed","201802010","Republican",NA,NA
"8","AK",1,2020,"H0AK00113","Tugatuk, Ray Sean","202002011","Democrat",NA,NA
"9","AK",1,2020,"H6AK00045","Young, Don","202002010","Republican",0.0481457831814165,"Y000033"
"10","AK",1,2020,"H6AK00243","Hibler, William D.","202002011","Democrat",-0.179486523733478,NA
"11","AK",1,2020,"H6AK00268","Heikes, Gerald L.","202002010","Republican",NA,NA
"12","AK",1,2020,"H8AK00140","Galvin, Alyse S.","202002011","Democrat",-0.73499069453669,NA
"13","AK",1,2020,NA,"Nelson, Thomas","202002010","Republican",NA,"P000619"
"14","AK",1,2022,"H2AK00226","Sarah Palin","202202019","Republican",NA,NA
"15","AK",1,2022,"H2AK00267","Jay Armstrong","202202019","Republican",0.405049173546194,NA
"16","AK",1,2022,"H2AK01059","Randy Purham","202202019","Republican",0.293961352606915,NA
"17","AK",1,2022,"H2AK01083","Nick Begich","202202019","Republican",NA,NA
"18","AK",1,2022,"H2AK01158","Mary Peltola","202202019","Democrat",-0.776855050112723,"P000619"
"19","AK",1,2022,"H2AK01174","Tara Sweeney","202202019","Republican",-0.0951571458783526,NA
"20","AK",1,2022,"H2AK01232","Bob Lyons","202202019","Republican",NA,NA
"21","AK",1,2022,NA,"Brad Snowden","202202019","Republican",NA,NA
"22","AL",1,2018,"H4AL01123","Byrne, Bradley","201801010","Republican",1.23036270254088,"B001289"
"23","AL",1,2018,"H8AL01066","Kennedy Jr, Robert","201801011","Democrat",-0.186044677719639,NA
"24","AL",1,2018,"H8AL01082","McConnell, Lizzetta","201801011","Democrat",-0.948004279911043,NA
"25","AL",1,2020,"H0AL01055","Carl, Jerry","202001010","Republican",1.25394785343004,"C001054"
"26","AL",1,2020,"H0AL01063","Lambert, Douglas","202001010","Republican",NA,NA
"27","AL",1,2020,"H0AL01071","Pringle, Chris","202001010","Republican",NA,NA
"28","AL",1,2020,"H0AL01089","Hightower, Bill","202001010","Republican",1.21896515574447,NA
"29","AL",1,2020,"H0AL01097","Averhart, James","202001011","Democrat",-0.260237698786049,NA
"30","AL",1,2020,"H0AL01105","Gardner, Kiani","202001011","Democrat",-0.548408579024928,NA
"31","AL",1,2020,"H0AL01121","Castorani, John","202001010","Republican",1.44562185691282,NA
"32","AL",1,2020,"H0AL01139","Collins, Frederick","202001011","Democrat",NA,NA
"33","AL",1,2022,"H0AL01055","Jerry Carl","202201010","Republican",-0.399744671585576,"C001054"
"34","AL",2,2018,"H0AL02087","Roby, Martha","201801020","Republican",0.913957431863135,"R000591"
"35","AL",2,2018,"H8AL02163","Williams, Audri","201801021","Democrat",-0.684637800854255,NA
"36","AL",2,2018,"H8AL02171","Moore, Barry","201801020","Republican",1.57032654459231,NA
"37","AL",2,2018,"H8AL02189","Amason, Tommy","201801020","Republican",1.05517513314271,NA
"38","AL",2,2018,"H8AL02197","Isner, Tabitha","201801021","Democrat",-0.194444622316782,NA
"39","AL",2,2018,"H8AL02205","Hobson, Rich","201801020","Republican",1.42341398567985,NA
"40","AL",2,2018,"H8AL02213","Bright, Bobby","201801020","Republican",1.30963659428816,NA
"41","AL",2,2020,"H0AL02145","Coleman, Jeff","202001020","Republican",1.64359209040849,NA
"42","AL",2,2020,"H0AL02152","King, Troy","202001020","Republican",NA,NA
"43","AL",2,2020,"H0AL02160","Brown, Thomas W. Jr.","202001020","Republican",NA,NA
"44","AL",2,2020,"H0AL02178","Taylor, Jessica","202001020","Republican",NA,NA
"45","AL",2,2020,"H0AL02194","Hasdorff, Terri","202001020","Republican",1.5194933056203,NA
"46","AL",2,2020,"H0AL02202","Harvey-Hall, Phyllis","202001021","Democrat",-0.334861749905966,NA
"47","AL",2,2020,"H6AL02159","Rogers, Robert L.","202001020","Republican",NA,NA
"48","AL",2,2020,"H6AL02167","Mathis, Nathan","202001021","Democrat",NA,NA
"49","AL",2,2020,"H8AL02171","Moore, Barry","202001020","Republican",NA,"M001212"
"50","AL",2,2022,"H0AL02202","Phyllis Harvey-Hall","202201021","Democrat",-0.761485732593273,NA
"51","AL",2,2022,"H2AL02166","Vimal Patel","202201021","Democrat",0.289792756906001,NA
"52","AL",2,2022,"H8AL02171","Barry Moore","202201020","Republican",0.956637986420734,"M001212"
"53","AL",3,2018,"H2AL03032","Rogers, Mike","201801030","Republican",0.940584339427764,"R000575"
"54","AL",3,2018,"H8AL03054","Hagan, Mallory","201801031","Democrat",NA,NA
"55","AL",3,2018,"H8AL03062","Winfrey, Adia","201801031","Democrat",NA,NA
"56","AL",3,2020,"H2AL03032","Rogers, Mike D.","202001030","Republican",NA,"R000575"
"57","AL",3,2020,"H8AL03062","Winfrey, Adia McClellan","202001031","Democrat",NA,NA
"58","AL",3,2022,"H2AL03032","Mike Rogers","202201030","Republican",NA,"R000575"
"59","AL",3,2022,"H2AL03123","Michael Joiner","202201030","Republican",0.551931329936882,NA
"60","AL",3,2022,"H2AL03149","Lin Veasey","202201031","Democrat",NA,NA
"61","AL",4,2018,"H6AL04098","Aderholt, Robert","201801040","Republican",1.04895761395095,"A000055"
"62","AL",4,2018,"H8AL04086","Neighbors, Rick","201801041","Democrat",-0.463291670460455,NA
"63","AL",4,2018,"H8AL04094","Auman, Lee","201801041","Democrat",-0.309730870262268,NA
"64","AL",4,2018,"H8AL04102","Blackmon, Anthony","201801040","Republican",0.748788077928311,NA
"65","AL",4,2020,"H6AL04098","Aderholt, Robert","202001040","Republican",0.405891855279205,"A000055"
"66","AL",4,2020,"H8AL04086","Neighbors, Rick","202001041","Democrat",NA,NA
"67","AL",4,2022,"H2AL04097","Rhonda Gore","202201041","Democrat",NA,NA
"68","AL",4,2022,"H6AL04098","Robert Aderholt","202201040","Republican",1.08415318270396,"A000055"
"69","AL",4,2022,"H8AL04086","Rick Neighbors","202201041","Democrat",NA,NA
"70","AL",5,2018,"H0AL05163","Brooks, Mo","201801050","Republican",1.19537940261009,"B001274"
"71","AL",5,2018,"H8AL05190","Joffrion, Peter","201801051","Democrat",-0.684677336151249,NA
"72","AL",5,2018,"H8AL05208","Hinchman, Clayton","201801050","Republican",0.84311612073495,NA
"73","AL",5,2020,"H0AL05163","Brooks, Mo","202001050","Republican",1.34511688756258,"B001274"
"74","AL",5,2020,"H0AL05205","Lewis, Chris","202001050","Republican",0.933660353354588,NA
"75","AL",5,2022,"H2AL05102","Dale Strong","202201050","Republican",1.48543854726655,"S001220"
"76","AL",5,2022,"H2AL05110","Andy Blalock","202201050","Republican",0.988569839685271,NA
"77","AL",5,2022,"H2AL05128","Casey Wardynski","202201050","Republican",0.883273479851035,NA
"78","AL",5,2022,"H2AL05136","Harrison Wright","202201050","Republican",NA,NA
"79","AL",5,2022,"H2AL05144","Charlie Thompson","202201051","Democrat",0.231370185588654,NA
"80","AL",5,2022,"H2AL05169","John Roberts","202201050","Republican",0.70535048436988,NA
"81","AL",5,2022,"H2AL05177","Kathy Warner-Stanton","202201051","Democrat",-0.3981766762179,NA
"82","AL",5,2022,"H2AL05219","Paul Sanford","202201050","Republican",1.2445527024519,NA
"83","AL",6,2018,"H4AL06098","Palmer, Gary","201801060","Republican",1.17385967263985,"P000609"
"84","AL",6,2018,"H8AL06099","Kline, Danner","201801061","Democrat",-0.235238002147114,NA
"85","AL",6,2020,"H4AL06098","Palmer, Gary","202001060","Republican",1.19871483521351,"P000609"
"86","AL",6,2022,"H4AL06098","Gary Palmer","202201060","Republican",1.15431462292221,"P000609"
"87","AL",7,2018,"H0AL07086","Sewell, Terri","201801071","Democrat",-0.500506153002402,"S001185"
"88","AL",7,2020,"H0AL07086","Sewell, Terri A.","202001071","Democrat",-0.492293283451745,"S001185"
"89","AL",7,2022,"H0AL07086","Terri Sewell","202201071","Democrat",-0.401938128532052,"S001185"
"90","AL",7,2022,"H2AL07173","Beatrice Nichols","202201070","Republican",NA,NA
"91","AR",1,2018,"H0AR01083","Crawford, Rick","201804010","Republican",NA,"C001087"
"92","AR",1,2018,"H8AR01029","Desai, Chintan","201804011","Democrat",-0.712528492273951,NA
"93","AR",1,2020,"H0AR01083","Crawford, Rick","202004010","Republican",0.00685932359099069,"C001087"
"94","AR",1,2022,"H0AR01083","Rick Crawford","202204010","Republican",NA,"C001087"
"95","AR",1,2022,"H2AR01105","Brandt Smith","202204010","Republican",1.46362170383533,NA
"96","AR",1,2022,"H2AR01113","Monte Hodges","202204011","Democrat",NA,NA
"97","AR",1,2022,"H2AR01121","Jody Shackelford","202204010","Republican",1.00407941197203,NA
"98","AR",2,2018,"H4AR02141","Hill, French","201804020","Republican",0.509217945670988,"H001072"
"99","AR",2,2018,"H8AR02134","Spencer, Paul","201804021","Democrat",-0.582543107796268,NA
"100","AR",2,2018,"H8AR02142","Combs, Gwen","201804021","Democrat",-0.956528577413356,NA
"101","AR",2,2018,"H8AR02159","Tucker, Clarke","201804021","Democrat",-0.794682251334062,NA
"102","AR",2,2018,"H8AR02167","Dunkley, Jonathan","201804021","Democrat",NA,NA
"103","AR",2,2020,"H0AR02206","Elliott, Joyce","202004021","Democrat",NA,NA
"104","AR",2,2020,"H4AR02141","Hill, French","202004020","Republican",0.603026311472536,"H001072"
"105","AR",2,2022,"H2AR02095","Quintessa Hathaway","202204021","Democrat",-0.716418065379306,NA
"106","AR",2,2022,"H2AR02103","Conrad Reynolds","202204020","Republican",1.59249219847079,NA
"107","AR",2,2022,"H4AR02141","French Hill","202204020","Republican",0.358136537797152,"H001072"
"108","AR",3,2018,"H0AR03055","Womack, Steve","201804030","Republican",1.12878853524568,"W000809"
"109","AR",3,2018,"H8AR03066","Ryerse, Robb","201804030","Republican",-0.347847982627083,NA
"110","AR",3,2018,"H8AR03074","Mahony, Joshua","201804031","Democrat",-0.669872107819463,NA
"111","AR",3,2020,"H0AR03055","Womack, Steve","202004030","Republican",1.22438071835845,"W000809"
"112","AR",3,2020,"H0AR03105","Williams, Celeste","202004031","Democrat",-0.971182025347596,NA
"113","AR",3,2022,"H0AR03055","Steve Womack","202204030","Republican",0.954624555932648,"W000809"
"114","AR",3,2022,"H2AR03275","Neil Kumar","202204030","Republican",0.520867287206174,NA
"115","AR",3,2022,"H2AR03283","Lauren Mallett-Hays","202204031","Democrat",-0.928109854894695,NA
"116","AR",4,2018,"H4AR04048","Westerman, Bruce","201804040","Republican",NA,"W000821"
"117","AR",4,2018,"H8AR04130","Shamel, Hayden","201804041","Democrat",-0.795594837750686,NA
"118","AR",4,2018,"H8AR04148","Caldwell, Randy","201804040","Republican",NA,NA
"119","AR",4,2020,"H0AR04087","Hanson, William","202004041","Democrat",-0.841672104127721,NA
"120","AR",4,2020,"H4AR04048","Westerman, Bruce","202004040","Republican",0.235623525651341,"W000821"
"121","AR",4,2022,"H2AR04158","John White","202204041","Democrat",NA,NA
"122","AR",4,2022,"H4AR04048","Bruce Westerman","202204040","Republican",0.102634558543466,"W000821"
"123","AZ",1,2018,"H2AZ09035","Rogers, Wendy","201803010","Republican",1.0735629823958,NA
"124","AZ",1,2018,"H6AZ01199","O'Halleran, Tom","201803011","Democrat",0.0507808954808418,"O000171"
"125","AZ",1,2018,"H8AZ01229","Smith, Steve","201803010","Republican",1.26399054399912,NA
"126","AZ",1,2018,"H8AZ01237","Shedd, Tiffany","201803010","Republican",1.09182025265514,NA
"127","AZ",1,2020,"H0AZ01358","Putzova, Eva","202003011","Democrat",-0.679631226408633,NA
"128","AZ",1,2020,"H0AZ01408","Reidhead, Nolan Quinn","202003010","Republican",1.0817009837101,NA
"129","AZ",1,2020,"H6AZ01199","O'Halleran, Tom","202003011","Democrat",-0.0518189789247852,"O000171"
"130","AZ",1,2020,"H8AZ01237","Shedd, Tiffany","202003010","Republican",1.12158490559035,NA
"131","AZ",1,2022,"H0AZ07082","Josh Barnett","202203010","Republican",0.598829366066668,NA
"132","AZ",1,2022,"H2AZ06221","Jevin Hodge","202203011","Democrat",-0.0371796244740379,NA
"133","AZ",1,2022,"H2AZ06247","Elijah Norton","202203010","Republican",0.864573810805443,NA
"134","AZ",1,2022,"H2AZ06270","Adam Metzendorf","202203011","Democrat",-0.0914523776839679,NA
"135","AZ",1,2022,"H4AZ06045","David Schweikert","202203010","Republican",1.6291678809046,"S001183"
"136","AZ",2,2018,"H8AZ01104","Kirkpatrick, Ann","201803021","Democrat",-0.297589720727576,"K000368"
"137","AZ",2,2018,"H8AZ02110","Kovacs, Billy","201803021","Democrat",NA,NA
"138","AZ",2,2018,"H8AZ02136","Heinz, Matt","201803021","Democrat",-0.400621321029752,NA
"139","AZ",2,2018,"H8AZ02144","Matiella, Mary","201803021","Democrat",-0.88756455870624,NA
"140","AZ",2,2018,"H8AZ02169","Wheeler, Bruce","201803021","Democrat",-0.460794740200359,NA
"141","AZ",2,2018,"H8AZ02177","Sherry, Barbara","201803021","Democrat",-0.454817388044814,NA
"142","AZ",2,2018,"H8AZ02185","Peterson, Lea Marquez","201803020","Republican",0.950293744753898,NA
"143","AZ",2,2018,"H8AZ02193","Welch, Casey","201803020","Republican",1.06651299847607,NA
"144","AZ",2,2018,"H8AZ02201","Martin, Brandon","201803020","Republican",0.79981734712139,NA
"145","AZ",2,2018,"H8AZ02227","Morales Jr, Daniel","201803020","Republican",NA,NA
"146","AZ",2,2018,"H8AZ02235","Yuksel, Yahya","201803021","Democrat",-0.546670934550243,NA
"147","AZ",2,2020,"H0AZ02182","Morgan, Joseph David","202003020","Republican",0.107221475030953,NA
"148","AZ",2,2020,"H0AZ02190","Martin, Brandon","202003020","Republican",1.22977875606785,NA
"149","AZ",2,2020,"H0AZ02265","Ruden, Noran Eric","202003020","Republican",0.777924426641007,NA
"150","AZ",2,2020,"H0AZ02281","Quilter, Peter","202003021","Democrat",NA,NA
"151","AZ",2,2020,"H8AZ01104","Kirkpatrick, Ann","202003021","Democrat",-0.296679041148637,"K000368"
"152","AZ",2,2020,NA,"Flayer, Jordan","202003020","Republican",NA,NA
"153","AZ",2,2022,"H2AZ01339","Walt Blackman","202203020","Republican",0.746289650785654,NA
"154","AZ",2,2022,"H2AZ01354","Eli Crane","202203020","Republican",1.49534090724766,"C001132"
"155","AZ",2,2022,"H2AZ01362","Ron Watkins","202203020","Republican",1.26352200110761,NA
"156","AZ",2,2022,"H2AZ02402","Mark DeLuzio","202203020","Republican",1.02226266546661,NA
"157","AZ",2,2022,"H2AZ02410","Steven Krystofiak","202203020","Republican",1.31153587608718,NA
"158","AZ",2,2022,"H6AZ01199","Tom O'Halleran","202203021","Democrat",-0.0911905741159861,NA
"159","AZ",2,2022,NA,"Andy Yates","202203020","Republican",0.389452765904098,NA
"160","AZ",2,2022,NA,"John Moore","202203020","Republican",0.516192768954141,NA
"161","AZ",3,2018,"H2AZ07070","Grijalva, Raul","201803031","Democrat",-0.772002960261649,"G000551"
"162","AZ",3,2018,"H6AZ03179","San Miguel, Edna","201803030","Republican",1.32482684535181,NA
"163","AZ",3,2018,"H8AZ03142","Arellano, Sergio","201803030","Republican",0.604016913089725,NA
"164","AZ",3,2018,"H8AZ03159","Pierson, Nick","201803030","Republican",-0.327671383522589,NA
"165","AZ",3,2020,"H0AZ03461","Wood, Danie","202003030","Republican",1.24909544042539,NA
"166","AZ",3,2020,"H2AZ07070","Grijalva, Raœl M.","202003031","Democrat",-0.804890248853296,"G000551"
"167","AZ",3,2022,"H2AZ07187","Jeff Zink","202203030","Republican",-0.041606970001353,NA
"168","AZ",3,2022,"H4AZ07043","Ruben Gallego","202203031","Democrat",-0.563639081360692,"G000574"
"169","AZ",4,2018,"H0AZ01259","Gosar, Paul","201803040","Republican",1.36081834374117,"G000565"
"170","AZ",4,2018,"H8AZ04132","Perez, Ana Maria","201803041","Democrat",NA,NA
"171","AZ",4,2018,"H8AZ04140","Brill, David","201803041","Democrat",-0.512852002807766,NA
"172","AZ",4,2018,"H8AZ04165","DiSanto, Delina","201803041","Democrat",NA,NA
"173","AZ",4,2020,"H0AZ01259","Gosar, Paul","202003040","Republican",1.30861366987526,"G000565"
"174","AZ",4,2020,"H0AZ04535","Ward, Anne Marie","202003040","Republican",NA,NA
"175","AZ",4,2020,"H6AZ04136","Starky, Stuart Marc","202003041","Democrat",-0.502566340638888,NA
"176","AZ",4,2020,"H8AZ04165","DiSanto, Delina","202003041","Democrat",-0.568967976324965,NA
"177","AZ",4,2022,"H2AZ09175","Tanya Wheeless","202203040","Republican",1.32970988603581,NA
"178","AZ",4,2022,"H2AZ09183","Jerone Davison","202203040","Republican",-0.160710764862108,NA
"179","AZ",4,2022,"H2AZ09191","Kelly Cooper","202203040","Republican",1.05969080778174,NA
"180","AZ",4,2022,"H8AZ09040","Greg Stanton","202203041","Democrat",-0.192057981229927,"S001211"
"181","AZ",4,2022,NA,"Dave Giles","202203040","Republican",1.15568243309633,NA
"182","AZ",4,2022,NA,"Rene Lopez","202203040","Republican",1.09137326698906,NA
"183","AZ",5,2018,"H6AZ05083","Biggs, Andy","201803050","Republican",1.07458274569483,"B001302"
"184","AZ",5,2018,"H8AZ05154","Greene, Joan","201803051","Democrat",-0.634137520920094,NA
"185","AZ",5,2018,"H8AZ05162","Torres, Jose","201803051","Democrat",-0.602391753616061,NA
"186","AZ",5,2020,"H0AZ05169","Ireland, Jonathan","202003051","Democrat",-0.663877028812516,NA
"187","AZ",5,2020,"H0AZ05185","Ramos, Javier","202003051","Democrat",-0.284263829763998,NA
"188","AZ",5,2020,"H6AZ05083","Biggs, Andy","202003050","Republican",1.10533723715246,"B001302"
"189","AZ",5,2020,"H8AZ05154","Greene, Joan","202003051","Democrat",-0.811684287139673,NA
"190","AZ",5,2022,"H0AZ05185","Javier Ramos","202203051","Democrat",-0.207174475203423,NA
"191","AZ",5,2022,"H6AZ05083","Andy Biggs","202203050","Republican",1.09217245311432,"B001302"
"192","AZ",6,2018,"H4AZ06045","Schweikert, David","201803060","Republican",1.11683105616503,"S001183"
"193","AZ",6,2018,"H8AZ06087","McFadden, Garrick","201803061","Democrat",-1.10738181844077,NA
"194","AZ",6,2018,"H8AZ06095","Ross, Heather","201803061","Democrat",-0.411831334687351,NA
"195","AZ",6,2018,"H8AZ06103","Malik, Anita","201803061","Democrat",-1.03073064160529,NA
"196","AZ",6,2020,"H0AZ06068","Rimmer, Stephanie S.","202003061","Democrat",-0.657072081923769,NA
"197","AZ",6,2020,"H0AZ06084","Gentles, Karl","202003061","Democrat",-0.460893001220604,NA
"198","AZ",6,2020,"H4AZ06045","Schweikert, David","202003060","Republican",0.481799510635123,"S001183"
"199","AZ",6,2020,"H8AZ06103","Malik, Anita","202003061","Democrat",-1.52516749921032,NA
"200","AZ",6,2020,"H8AZ08083","Tipirneni, Hiral","202003061","Democrat",-0.451663695165037,NA
"201","AZ",6,2022,"H2AZ02311","Kirsten Engel","202203061","Democrat",-0.780191298626355,NA
"202","AZ",6,2022,"H2AZ02345","Daniel Hernandez","202203061","Democrat",-0.729412101194448,NA
"203","AZ",6,2022,"H2AZ02360","Juan Ciscomani","202203060","Republican",1.33456257705429,"C001133"
"204","AZ",6,2022,"H2AZ02378","Kathleen Winn","202203060","Republican",0.719247521504175,NA
"205","AZ",6,2022,"H2AZ06304","Young Mayberry","202203060","Republican",1.71724153889057,NA
"206","AZ",6,2022,"H2AZ06312","Avery Anderson","202203061","Democrat",-0.386565023423718,NA
"207","AZ",6,2022,NA,"Brandon Martin","202203060","Republican",1.40652127468787,NA
"208","AZ",6,2022,NA,"Lucretia Free","202203060","Republican",0.426221068476876,NA
"209","AZ",7,2018,"H4AZ07043","Gallego, Ruben","201803071","Democrat",NA,"G000574"
"210","AZ",7,2018,"H8AZ07044","Miranda, Catherine","201803071","Democrat",NA,NA
"211","AZ",7,2020,"H0AZ07082","Joshua Barnett","202003070","Republican",1.36105288865302,NA
"212","AZ",7,2020,"H4AZ07043","Gallego, Ruben","202003071","Democrat",-0.310312829747317,"G000574"
"213","AZ",7,2022,"H2AZ03152","Luis Pozzolo","202203070","Republican",0.603168306374805,NA
"214","AZ",7,2022,"H2AZ07070","Raul Grijalva","202203071","Democrat",-0.746651341043684,"G000551"
"215","AZ",7,2022,"H2AZ07195","Nina Becker","202203070","Republican",NA,NA
"216","AZ",8,2018,"H8AZ08083","Tipirneni, Hiral","201803081","Democrat",-0.376171378163289,NA
"217","AZ",8,2018,"H8AZ08158","Lesko, Debbie","201803080","Republican",1.64135661797221,"L000589"
"218","AZ",8,2018,"H8AZ08257","Dowling, Sandra","201803080","Republican",0.823707961937699,NA
"219","AZ",8,2020,"H0AZ08072","Muscato, Michael Archangel","202003081","Democrat",-0.766617373586372,NA
"220","AZ",8,2020,"H0AZ08080","Olsen, Robert","202003081","Democrat",NA,NA
"221","AZ",8,2020,"H8AZ08158","Lesko, Debbie","202003080","Republican",1.77004445185258,"L000589"
"222","AZ",8,2020,"H8AZ08232","Musselwhite, Bob","202003081","Democrat",-0.0340834833266174,NA
"223","AZ",8,2022,"H8AZ08158","Debbie Lesko","202203080","Republican",1.02055075367533,"L000589"
"224","AZ",9,2018,"H6AZ09010","Giles, Dave","201803090","Republican",1.08530215446802,NA
"225","AZ",9,2018,"H8AZ09016","Von Behr, Irina","201803090","Republican",0.0292473018839758,NA
"226","AZ",9,2018,"H8AZ09024","Ferrara, Steve","201803090","Republican",0.536244730493733,NA
"227","AZ",9,2018,"H8AZ09040","Stanton, Greg","201803091","Democrat",NA,"S001211"
"228","AZ",9,2020,"H0AZ09021","Tutora, Nicholas","202003090","Republican",0.0934620521472817,NA
"229","AZ",9,2020,"H0AZ09047","Huang, Hsinming Sam","202003090","Republican",NA,NA
"230","AZ",9,2020,"H6AZ09010","Giles, Dave","202003090","Republican",1.21550416141496,NA
"231","AZ",9,2020,"H8AZ09040","Stanton, Greg","202003091","Democrat",-0.771663728316418,"S001211"
"232","AZ",9,2022,"H0AZ01259","Paul Gosar","202203090","Republican",1.48915186527577,"G000565"
"233","AZ",9,2022,"H2AZ04218","Adam Morgan","202203090","Republican",0.610160013083863,NA
"234","AZ",9,2022,"H2AZ09209","Randy Kutz","202203090","Republican",1.24321567321381,NA
"235","AZ",9,2022,"H2AZ09225","Sandra Dowling","202203090","Republican",NA,NA
"236","CA",1,2018,"H2CA02142","LaMalfa, Doug","201805019","Republican",1.00706520583264,"L000578"
"237","CA",1,2018,"H6CA01202","Peterson, David","201805019","Democrat",NA,NA
"238","CA",1,2018,"H8CA01190","Holcombe, Jessica","201805019","Democrat",-0.879076003771929,NA
"239","CA",1,2018,"H8CA01208","Walters, Marty","201805019","Democrat",-0.958449870436279,NA
"240","CA",1,2018,"H8CA01257","Denney, Audrey","201805019","Democrat",-1.09020043956047,NA
"241","CA",1,2018,NA,"Cheadle, Gregory","201805019","Republican",0.547188411420619,NA
"242","CA",1,2020,"H0CA01213","Lydon, Rob","202005019","Democrat",NA,NA
"243","CA",1,2020,"H2CA02142","LaMalfa, Doug","202005019","Republican",1.08372551529932,"L000578"
"244","CA",1,2020,"H8CA01257","Denney, Audrey","202005019","Democrat",-0.668096948662061,NA
"245","CA",1,2020,NA,"Swanson, Kenneth E.","202005019","Republican",NA,NA
"246","CA",1,2022,"H2CA01227","Max Steiner","202205019","Democrat",0.254050306410163,NA
"247","CA",1,2022,"H2CA01250","Tim Geist","202205019","Republican",0.149773471144573,NA
"248","CA",1,2022,"H2CA02142","Doug LaMalfa","202205019","Republican",1.05921127143739,"L000578"
"249","CA",2,2018,"H2CA06259","Huffman, Jared","201805029","Democrat",NA,"H001068"
"250","CA",2,2018,"H4CA02098","Mensing, Dale","201805029","Republican",0.264355077313381,NA
"251","CA",2,2018,"H6CA02226","Caffrey, Andy","201805029","Democrat",-0.471524828566006,NA
"252","CA",2,2020,"H0CA02179","Moniz, Rachel","202005029","Democrat",-1.0902582356104,NA
"253","CA",2,2020,"H2CA06259","Huffman, Jared","202005029","Democrat",-0.919526581196867,"H001068"
"254","CA",2,2020,"H4CA02098","Mensing, Dale K.","202005029","Republican",NA,NA
"255","CA",2,2022,"H2CA02209","Douglas Brower","202205029","Republican",NA,NA
"256","CA",2,2022,"H2CA02225","Beth Hampson","202205029","Democrat",-1.07641766824541,NA
"257","CA",2,2022,"H2CA02241","Chris Coulombe","202205029","Republican",-0.130708095321484,NA
"258","CA",2,2022,"H2CA02258","Archimedes Ramirez","202205029","Republican",-0.157694761711311,NA
"259","CA",2,2022,"H2CA06259","Jared Huffman","202205029","Democrat",-1.02776326999648,"H001068"
"260","CA",2,2022,NA,"Darian J. Elizondo","202205029","Republican",0.25199772809481,NA
"261","CA",3,2018,"H0CA10149","Garmendi, John","201805039","Democrat",NA,"G000559"
"262","CA",3,2018,"H6CA03067","Schaupp, Charlie","201805039","Republican",NA,NA
"263","CA",3,2018,NA,"Puett, Kevin","201805039","Democrat",0.337911391370992,NA
"264","CA",3,2020,"H0CA03128","Hamilton, Tamika","202005039","Republican",NA,NA
"265","CA",3,2020,"H0CA03144","Feucht, Sean","202005039","Republican",NA,NA
"266","CA",3,2020,"H0CA10149","Garamendi, John","202005039","Democrat",-0.523971295075917,"G000559"
"267","CA",3,2022,"H2CA03140","Scott Jones","202205039","Republican",0.721237919061677,NA
"268","CA",3,2022,"H2CA03157","Kevin Kiley","202205039","Republican",NA,"K000401"
"269","CA",3,2022,"H2CA04122","Kermit Jones","202205039","Democrat",-0.598412992229429,NA
"270","CA",3,2022,"H6CA01202","David Peterson","202205039","Democrat",-0.435119863955568,NA
"271","CA",4,2018,"H8CA04152","McClintock, Tom","201805049","Republican",0.324440714086982,"M001177"
"272","CA",4,2018,"H8CA04194","Bateson, Regina","201805049","Democrat",-0.632165291490936,NA
"273","CA",4,2018,"H8CA04202","Calderon, Roza","201805049","Democrat",-0.561213964493936,NA
"274","CA",4,2018,"H8CA04210","Morse, Jessica","201805049","Democrat",-0.651163211893329,NA
"275","CA",4,2018,"H8CA04236","White, Mitchell","201805049","Republican",0.644326554198575,NA
"276","CA",4,2018,"H8CA04244","Lawton, Robert","201805049","Democrat",-0.0965864089909529,NA
"277","CA",4,2020,"H0CA04175","Kennedy, Brynne S.","202005049","Democrat",-0.770983671564085,NA
"278","CA",4,2020,"H0CA04183","Benzel, Julianne","202005049","Republican",0.0231130612928246,NA
"279","CA",4,2020,"H0CA04209","Byers, Jamie","202005049","Republican",0.669594585408991,NA
"280","CA",4,2020,"H0CA04217","Thomas, Jacob","202005049","Republican",0.325139569881293,NA
"281","CA",4,2020,"H8CA04152","McClintock, Tom","202005049","Republican",0.277082640071307,"M001177"
"282","CA",4,2022,"H0CA05107","Scott Giblin","202205049","Republican",NA,NA
"283","CA",4,2022,"H2CA04148","Matt Brock","202205049","Republican",0.628205072111184,NA
"284","CA",4,2022,"H2CA04155","Andrew David Engdahl","202205049","Democrat",NA,NA
"285","CA",4,2022,"H8CA01109","Mike Thompson","202205049","Democrat",-0.419824288652378,"T000460"
"286","CA",4,2022,NA,"Jimih L. Jones","202205049","Republican",0.321317180764857,NA
"287","CA",5,2018,"H8CA01109","Thompson, Mike","201805059","Democrat",-0.36922389778877,"T000460"
"288","CA",5,2020,"H0CA05107","Giblin, Scott","202005059","Republican",NA,NA
"289","CA",5,2020,"H0CA05115","Tyler, John Wesley","202005059","Democrat",-0.717461210541367,NA
"290","CA",5,2020,"H8CA01109","Thompson, Mike","202005059","Democrat",-0.337065139572532,"T000460"
"291","CA",5,2022,"H2CA00096","Michael J. ""Mike"" Barkley","202205059","Democrat",-0.799980394794606,NA
"292","CA",5,2022,"H2CA05111","David Main","202205059","Republican",0.108620115920833,NA
"293","CA",5,2022,"H2CA05129","Kelsten Charles Obert","202205059","Republican",0.0971090216772956,NA
"294","CA",5,2022,"H2CA22181","Nathan F. Magsig","202205059","Republican",-0.137945100039237,NA
"295","CA",5,2022,"H8CA04152","Tom McClintock","202205059","Republican",0.240440273630648,"M001177"
"296","CA",6,2018,"H6CA05195","Matsui, Doris","201805069","Democrat",-0.811451851771114,"M001163"
"297","CA",6,2018,"H8CA06090","Jefferson, Jrmar","201805069","Democrat",-0.545377764304956,NA
"298","CA",6,2020,"H0CA06162","Emard, Benjamin","202005069","Democrat",-0.780754162878137,NA
"299","CA",6,2020,"H0CA06170","Bish, Christine","202005069","Republican",0.572847596711997,NA
"300","CA",6,2020,"H0CA06188","Haisty, Sherwood Ellsworth Jr.","202005069","Republican",NA,NA
"301","CA",6,2020,"H6CA05195","Matsui, Doris","202005069","Democrat",-0.754881526877477,"M001163"
"302","CA",6,2022,"H0CA03078","Ami Bera","202205069","Democrat",-0.314638202831033,"B001287"
"303","CA",6,2022,"H0CA03128","Tamika Hamilton","202205069","Republican",0.567863478070235,NA
"304","CA",6,2022,"H0CA06170","Chris (Christine) Bish","202205069","Republican",0.021797869874156,NA
"305","CA",6,2022,"H2CA06325","D. Keith Langford, Jr.","202205069","Republican",0.748674166905984,NA
"306","CA",6,2022,"H2CA06333","Karla Black","202205069","Republican",1.30752217240297,NA
"307","CA",6,2022,"H2CA07125","Mark Gorman","202205069","Democrat",-1.02861594757574,NA
"308","CA",6,2022,"H2CA07133","Bret Daniels","202205069","Republican",1.39747687267792,NA
"309","CA",7,2018,"H0CA03078","Bera, Ami","201805079","Democrat",-0.411048812261813,"B001287"
"310","CA",7,2018,"H8CA07056","Grant, Andrew","201805079","Republican",0.0338417365012347,NA
"311","CA",7,2018,"H8CA07072","Barash, Yona","201805079","Republican",0.795379211834234,NA
"312","CA",7,2020,"H0CA03078","Bera, Ami","202005079","Democrat",-0.415988671485831,"B001287"
"313","CA",7,2020,"H0CA07129","Burdick, Jeff","202005079","Democrat",-1.1049766340393,NA
"314","CA",7,2020,"H0CA07137","Patterson, Buzz","202005079","Republican",NA,NA
"315","CA",7,2020,"H0CA07152","Ivy, Jon","202005079","Republican",-0.054438327121099,NA
"316","CA",7,2022,"H2CA06317","Jimmy Fremgen","202205079","Democrat",-1.21898135992835,NA
"317","CA",7,2022,"H2CA07141","Max Semenenko","202205079","Republican",NA,NA
"318","CA",7,2022,"H6CA05195","Doris Matsui","202205079","Democrat",-0.815066887595313,"M001163"
"319","CA",8,2018,"H2CA08164","Cook, Paul","201805089","Republican",0.732310123567654,"C001094"
"320","CA",8,2018,"H8CA08096","Odonnell, Ronald","201805089","Democrat",NA,NA
"321","CA",8,2018,"H8CA08112","Doyle, Marge","201805089","Democrat",-0.72421975151875,NA
"322","CA",8,2018,"H8CA08120","Donnelly, Tim","201805089","Republican",NA,NA
"323","CA",8,2018,"H8CA41139","Ramirez, Rita","201805089","Democrat",-0.643943959606317,NA
"324","CA",8,2020,"H0CA08101","Bubser, Christine","202005089","Democrat",-0.357057687062953,NA
"325","CA",8,2020,"H0CA08127","Staat, Jeremy","202005089","Republican",NA,NA
"326","CA",8,2020,"H0CA08135","Obernolte, Jay","202005089","Republican",0.891286819108597,"O000019"
"327","CA",8,2020,"H0CA08143","Conaway, Robert Dean","202005089","Democrat",NA,NA
"328","CA",8,2020,"H0CA08150","Ellars, James","202005089","Democrat",-0.731797439190903,NA
"329","CA",8,2020,"H0CA08200","Laws, Jerry J.","202005089","Republican",0.927204609512024,NA
"330","CA",8,2020,"H0CA08218","Whitehead, Justin David","202005089","Republican",NA,NA
"331","CA",8,2020,"H8CA08120","Donnelly, Tim","202005089","Republican",1.62680144150027,NA
"332","CA",8,2022,"H0CA10149","John Garamendi","202205089","Democrat",-0.570557438237697,"G000559"
"333","CA",8,2022,"H2CA00153","Rudy Recile","202205089","Republican",0.360029314026684,NA
"334","CA",8,2022,"H2CA08230","Cheryl Sudduth","202205089","Democrat",-0.806586271042779,NA
"335","CA",8,2022,"H2CA08248","Edwin Rutsch","202205089","Democrat",NA,NA
"336","CA",8,2022,"H2CA08255","Christopher Riley","202205089","Democrat",NA,NA
"337","CA",9,2018,"H4CA11081","McNerney, Jerry","201805099","Democrat",-0.195352699312307,"M001166"
"338","CA",9,2018,"H8CA09144","Livengood, Marla","201805099","Republican",0.284896983738354,NA
"339","CA",9,2020,"H0CA09109","Martinek, William","202005099","Republican",-0.506718490011853,NA
"340","CA",9,2020,"H0CA09125","Amador, Antonio C.","202005099","Republican",NA,NA
"341","CA",9,2020,"H4CA11081","McNerney, Jerry","202005099","Democrat",-0.192059910883704,"M001166"
"342","CA",9,2020,NA,"White, Crystal Sawyer","202005099","Democrat",NA,NA
"343","CA",9,2022,"H2CA09121","Harpreet Singh Chima","202205099","Democrat",-0.782478239223207,NA
"344","CA",9,2022,"H2CA09139","Tom Patti","202205099","Republican",NA,NA
"345","CA",9,2022,"H2CA09147","Jonathan Madison","202205099","Republican",0.599075960050954,NA
"346","CA",9,2022,"H2CA09154","Jim Shoemaker","202205099","Republican",0.749506382966235,NA
"347","CA",9,2022,"H2CA10236","Karena Apple Feng","202205099","Democrat",-0.0885703279346389,NA
"348","CA",9,2022,"H8CA10126","Josh Harder","202205099","Democrat",-0.681235248692176,"H001090"
"349","CA",9,2022,NA,"Khalid Jeffrey Jafri","202205099","Republican",NA,NA
"350","CA",10,2018,"H0CA19173","Denham, Jeff","201805109","Republican",0.220615550107175,NA
"351","CA",10,2018,"H2CA00096","Barkley, Mike","201805109","Democrat",NA,NA
"352","CA",10,2018,"H4CA10075","Eggman, Michael","201805109","Democrat",-0.157372157477734,NA
"353","CA",10,2018,"H8CA10118","Nygard, Dotty","201805109","Democrat",-0.791673613039041,NA
"354","CA",10,2018,"H8CA10126","Harder, Josh","201805109","Democrat",-0.879570725489022,"H001090"
"355","CA",10,2018,"H8CA10175","Madueno, Virginia","201805109","Democrat",-0.847682085618223,NA
"356","CA",10,2018,"H8CA10183","Zwahlen, Sue","201805109","Democrat",-0.850448852280031,NA
"357","CA",10,2018,"H8CA10209","Howze, Ted","201805109","Republican",0.296116688127514,NA
"358","CA",10,2020,"H0CA10255","Livengood, Marla","202005109","Republican",-0.0413014704179577,NA
"359","CA",10,2020,"H0CA10271","Elliott, Bob","202005109","Republican",NA,NA
"360","CA",10,2020,"H0CA10289","Blevins, Ryan","202005109","Democrat",-0.854218435436299,NA
"361","CA",10,2020,"H2CA00096","Barkley, Michael J.","202005109","Democrat",-0.811141768957849,NA
"362","CA",10,2020,"H8CA10126","Harder, Josh","202005109","Democrat",-0.626796529593145,"H001090"
"363","CA",10,2020,"H8CA10209","Howze, Ted II","202005109","Republican",NA,NA
"364","CA",10,2022,"H0CA10073","Mark DeSaulnier","202205109","Democrat",NA,"D000623"
"365","CA",11,2018,"H0CA07111","Fitzgerald, John","201805119","Republican",0.11499556683267,NA
"366","CA",11,2018,"H0CA10073","DeSaulnier, Mark","201805119","Democrat",NA,"D000623"
"367","CA",11,2018,"H8CA11090","Lytton, Dennis","201805119","Democrat",NA,NA
"368","CA",11,2020,"H0CA10073","DeSaulnier, Mark","202005119","Democrat",-0.773577146258906,"D000623"
"369","CA",11,2020,"H0CA15262","Sharma, Nisha","202005119","Republican",0.129739385702796,NA
"370","CA",11,2022,"H2CA12166","Jeffrey Phillips","202205119","Democrat",-0.566095518775671,NA
"371","CA",11,2022,"H2CA12174","John Dennis","202205119","Republican",1.04836298237725,NA
"372","CA",11,2022,"H2CA12208","Bianca Von Krieg","202205119","Democrat",NA,NA
"373","CA",11,2022,"H8CA05035","Nancy Pelosi","202205119","Democrat",-0.908348469209457,"P000197"
"374","CA",11,2022,"H8CA12262","Shahid Buttar","202205119","Democrat",-1.14015363633983,NA
"375","CA",11,2022,NA,"Eve Del Castello","202205119","Republican",NA,NA
"376","CA",12,2018,"H8CA05035","Pelosi, Nancy","201805129","Democrat",-0.912721303524036,"P000197"
"377","CA",12,2018,"H8CA12239","Jaffe, Stephen","201805129","Democrat",-0.934395398984424,NA
"378","CA",12,2018,"H8CA12254","Khojasteh, Ryan","201805129","Democrat",-0.813423224815679,NA
"379","CA",12,2018,"H8CA12262","Buttar, Shahid","201805129","Democrat",-0.353209422817384,NA
"380","CA",12,2018,"H8CA12270","Remmer, Lisa","201805129","Republican",0.0101001780496619,NA
"381","CA",12,2020,"H0CA08069","Dennis, John","202005129","Republican",0.721027809480593,NA
"382","CA",12,2020,"H0CA12111","Bacelar, Agatha","202005129","Democrat",-0.951387219823927,NA
"383","CA",12,2020,"H0CA12129","Gallagher, Tom","202005129","Democrat",-0.460178310213492,NA
"384","CA",12,2020,"H0CA12137","Lorraine, Deanna","202005129","Republican",0.981178985869418,NA
"385","CA",12,2020,"H8CA05035","Pelosi, Nancy","202005129","Democrat",-0.908486335359896,"P000197"
"386","CA",12,2020,"H8CA12262","Buttar, Shahid","202005129","Democrat",-0.880005584041641,NA
"387","CA",12,2022,"H2CA12240","Stephen Slauson","202205129","Republican",NA,NA
"388","CA",12,2022,"H2CA12257","Ned Nuerge","202205129","Republican",0.701076485585333,NA
"389","CA",12,2022,"H8CA09060","Barbara Lee","202205129","Democrat",-1.20509391534251,"L000551"
"390","CA",12,2022,NA,"Eric Wilson","202205129","Democrat",NA,NA
"391","CA",13,2018,"H8CA09060","Lee, Barbara","201805139","Democrat",-1.0342537817164,"L000551"
"392","CA",13,2020,"H0CA13127","Piterman, Nikka","202005139","Republican",-0.205578195458619,NA
"393","CA",13,2020,"H8CA09060","Lee, Barbara","202005139","Democrat",-1.13765698626592,"L000551"
"394","CA",13,2022,"H0CA22102","Phil Arballo","202205139","Democrat",-1.08743138490924,NA
"395","CA",13,2022,"H2CA13115","Adam Gray","202205139","Democrat",-0.376997785722638,NA
"396","CA",13,2022,"H2CA13123","Diego Javier Martinez","202205139","Republican",-0.0537107040863541,NA
"397","CA",13,2022,"H2CA13131","John Duarte","202205139","Republican",NA,"D000633"
"398","CA",13,2022,"H2CA16134","David A. Giglio","202205139","Republican",0.245915975423313,NA
"399","CA",14,2018,"H8CA12171","Speier, Jackie","201805149","Democrat",-1.01837153648674,"S001175"
"400","CA",14,2018,"H8CA14185","Osmena, Cristina","201805149","Republican",-0.266599971516043,NA
"401","CA",14,2020,"H0CA14117","Goodrow, Cristos","202005149","Democrat",NA,NA
"402","CA",14,2020,"H0CA14125","Petel, Ran S.","202005149","Republican",NA,NA
"403","CA",14,2020,"H8CA12171","Speier, Jackie","202005149","Democrat",-1.0487609746355,"S001175"
"404","CA",14,2022,"H0CA15247","Alison Hayden","202205149","Republican",0.529292066412527,NA
"405","CA",14,2022,"H2CA14196","Tom Wong","202205149","Republican",-0.152851177641404,NA
"406","CA",14,2022,"H2CA14204","Sri ""Steve"" Iyer","202205149","Republican",NA,NA
"407","CA",14,2022,"H2CA15094","Eric Swalwell","202205149","Democrat",-0.816454107789301,"S001193"
"408","CA",14,2022,NA,"James Andrew Peters","202205149","Democrat",-1.12495186769769,NA
"409","CA",15,2018,"H2CA15094","Swalwell, Eric","201805159","Democrat",-0.612242875969586,"S001193"
"410","CA",15,2018,"H8CA15117","Peters, Rudy","201805159","Republican",NA,NA
"411","CA",15,2020,"H0CA15239","Liu, Peter Yuan","202005159","Republican",NA,NA
"412","CA",15,2020,"H0CA15247","Hayden, Alison","202005159","Republican",-0.470212153906432,NA
"413","CA",15,2020,"H0CA15254","Intal, Austin E.","202005159","Democrat",NA,NA
"414","CA",15,2020,"H0CA15288","Campbell, Samantha","202005159","Democrat",-0.85440276144749,NA
"415","CA",15,2020,"H0CA15296","Phan, Tuan","202005159","Democrat",-0.671881829495153,NA
"416","CA",15,2020,"H2CA15094","Swalwell, Eric","202005159","Democrat",-0.438439969425132,"S001193"
"417","CA",15,2022,"H2CA14147","Gus Mattammal","202205159","Republican",NA,NA
"418","CA",15,2022,"H2CA14154","Andrew G. Watters","202205159","Democrat",NA,NA
"419","CA",15,2022,"H2CA14162","Kevin Mullin","202205159","Democrat",NA,"M001225"
"420","CA",15,2022,"H2CA14170","David J. Canepa","202205159","Democrat",NA,NA
"421","CA",15,2022,"H2CA14188","Emily Beach","202205159","Democrat",-0.981487854518684,NA
"422","CA",16,2018,"H4CA20082","Costa, Jim","201805169","Democrat",-0.683556587357328,"C001059"
"423","CA",16,2018,"H8CA16065","Heng, Elizabeth","201805169","Republican",0.327777946694163,NA
"424","CA",16,2020,"H0CA16112","Williams, Kimberly Elizabeth","202005169","Democrat",-1.43401521117002,NA
"425","CA",16,2020,"H0CA16120","Cookingham, Kevin","202005169","Republican",0.357695365912492,NA
"426","CA",16,2020,"H0CA16138","Soria, Esmeralda","202005169","Democrat",-0.962908861086868,NA
"427","CA",16,2020,"H4CA20082","Costa, Jim","202005169","Democrat",-0.679148280003302,"C001059"
"428","CA",16,2022,"H0CA18068","Rishi Kumar","202205169","Democrat",-0.666351834779031,NA
"429","CA",16,2022,"H2CA16159","Benjamin Thomas Solomon","202205169","Republican",-0.0032531204352145,NA
"430","CA",16,2022,"H2CA18130","Greg Lin Tanaka","202205169","Democrat",-0.494722518320721,NA
"431","CA",16,2022,"H2CA18148","Ajwang Rading","202205169","Democrat",-1.00960278040218,NA
"432","CA",16,2022,"H2CA18155","Peter Ohtaki","202205169","Republican",-0.644881985784016,NA
"433","CA",16,2022,"H4CA18094","Richard B. Fox","202205169","Republican",NA,NA
"434","CA",16,2022,"H8CA12098","Anna G. Eshoo","202205169","Democrat",-1.21666698846782,"E000215"
"435","CA",17,2018,"H4CA12055","Khanna, Ro","201805179","Democrat",-1.00157001904484,"K000389"
"436","CA",17,2018,"H6CA17141","Cohen, Ron","201805179","Republican",0.047854635026777,NA
"437","CA",17,2018,"H8CA17097","Tran, Khanh","201805179","Democrat",NA,NA
"438","CA",17,2018,NA,"Forbes, Stephen","201805179","Democrat",NA,NA
"439","CA",17,2020,"H0CA17193","Tandon, Ritesh","202005179","Republican",-0.149701575865266,NA
"440","CA",17,2020,"H4CA12055","Khanna, Ro","202005179","Democrat",-0.892662897850582,"K000389"
"441","CA",17,2020,"H8CA17105","Forbes, Stephen","202005179","Democrat",NA,NA
"442","CA",17,2022,"H0CA17193","Ritesh Tandon","202205179","Republican",0.0359588795022582,NA
"443","CA",17,2022,"H4CA12055","Ro Khanna","202205179","Democrat",-0.951603741256563,"K000389"
"444","CA",17,2022,"H8CA17105","Stephen Forbes","202205179","Democrat",NA,NA
"445","CA",18,2018,"H8CA12098","Eshoo, Anna","201805189","Democrat",NA,"E000215"
"446","CA",18,2018,"H8CA18087","Russell, Christine","201805189","Republican",NA,NA
"447","CA",18,2020,"H0CA18068","Kumar, Rishi","202005189","Democrat",-0.678909578425364,NA
"448","CA",18,2020,"H0CA18084","Fox, Richard B.","202005189","Republican",0.108114199851802,NA
"449","CA",18,2020,"H0CA18092","Reynolds, Phil","202005189","Republican",NA,NA
"450","CA",18,2020,"H8CA12098","Eshoo, Anna G.","202005189","Democrat",-0.75589403441737,"E000215"
"451","CA",18,2022,"H2CA18163","Peter Hernandez","202205189","Republican",0.0537350749402331,NA
"452","CA",18,2022,"H4CA16049","Zoe Lofgren","202205189","Democrat",-0.344292476667338,"L000397"
"453","CA",19,2018,"H4CA16049","Lofgren, Zoe","201805199","Democrat",-0.440583173468909,"L000397"
"454","CA",19,2020,"H0CA19207","Torres, Ivan","202005199","Democrat",-0.844208569034659,NA
"455","CA",19,2020,"H0CA39114","Cruz, Ignacio","202005199","Republican",0.816522392303261,NA
"456","CA",19,2020,"H4CA16049","Lofgren, Zoe","202005199","Democrat",-0.50818012647986,"L000397"
"457","CA",19,2020,"H8CA19051","Aguilera, Justin James","202005199","Republican",-0.586450673687652,NA
"458","CA",19,2022,"H0CA20122","Jeff Gorman","202205199","Republican",NA,NA
"459","CA",19,2022,"H2CA20136","Dalila Epperson","202205199","Republican",0.0907378814603351,NA
"460","CA",19,2022,"H6CA20152","Jimmy Panetta","202205199","Democrat",-0.733439149901724,"P000613"
"461","CA",19,2022,"H8CA20091","Douglas Deitch","202205199","Democrat",NA,NA
"462","CA",20,2018,"H6CA20152","Panetta, Jimmy","201805209","Democrat",NA,"P000613"
"463","CA",20,2018,NA,"Deitch, Douglas","201805209","Democrat",NA,NA
"464","CA",20,2020,"H0CA20122","Gorman, Jeff","202005209","Republican",NA,NA
"465","CA",20,2020,"H0CA20130","Scow, Adam Bola–os","202005209","Democrat",-1.0787440695268,NA
"466","CA",20,2020,"H6CA20152","Panetta, Jimmy","202005209","Democrat",-0.713789049618424,"P000613"
"467","CA",20,2022,"H2CA20144","Ben Dewell","202205209","Democrat",-0.241916062261953,NA
"468","CA",20,2022,"H2CA23155","Marisa Wood","202205209","Democrat",-0.830535284712339,NA
"469","CA",20,2022,"H6CA22125","Kevin McCarthy","202205209","Republican",0.875460711115262,"M001165"
"470","CA",20,2022,NA,"James Macauley","202205209","Republican",NA,"F000480"
"471","CA",20,2022,NA,"James Davis","202205209","Republican",NA,"F000480"
"472","CA",21,2018,"H2CA20094","Valadado, David","201805219","Republican",0.6979119332961,NA
"473","CA",21,2018,"H8CA10167","Cox, TJ","201805219","Democrat",-0.783389743937203,"C001124"
"474","CA",21,2020,"H0CA21104","De La Fuente, Ricardo","202005219","Democrat",-0.769311095012697,NA
"475","CA",21,2020,"H0CA21112","De La Fuente, Roque","202005219","Republican",0.0527233384544426,NA
"476","CA",21,2020,"H2CA20094","Valadao, David","202005219","Republican",0.711968943696719,"V000129"
"477","CA",21,2020,"H8CA10167","Cox, T.J.","202005219","Democrat",-0.672911237159195,NA
"478","CA",21,2022,"H0CA22110","Eric Garcia","202205219","Democrat",-1.15644995135095,NA
"479","CA",21,2022,"H2CA22215","Michael Maher","202205219","Republican",NA,NA
"480","CA",21,2022,"H2CA22249","Matt Stoll","202205219","Republican",1.30180786239518,NA
"481","CA",21,2022,"H4CA20082","Jim Costa","202205219","Democrat",-0.185657573088798,"C001059"
"482","CA",22,2018,"H8CA20059","Nunes, Devin","201805229","Republican",NA,"N000181"
"483","CA",22,2018,"H8CA22139","Janz, Andrew","201805229","Democrat",-0.688656143466621,NA
"484","CA",22,2018,"H8CA22147","Franco, Rico","201805229","Democrat",-1.20963846583175,NA
"485","CA",22,2018,"H8CA22154","Bliatout, Bobby","201805229","Democrat",-0.397470771835296,NA
"486","CA",22,2020,"H0CA22094","Rezvani, Dary","202005229","Democrat",-1.22652232282265,NA
"487","CA",22,2020,"H0CA22102","Arballo, Phil","202005229","Democrat",-1.35206464966984,NA
"488","CA",22,2020,"H8CA20059","Nunes, Devin","202005229","Republican",NA,"N000181"
"489","CA",22,2020,"H8CA22154","Bliatout, Bobby","202005229","Democrat",-0.645424997228642,NA
"490","CA",22,2022,"H2CA20094","David G. Valadao","202205229","Republican",0.593840276052394,"V000129"
"491","CA",22,2022,"H2CA21183","Chris Mathys","202205229","Republican",NA,NA
"492","CA",22,2022,"H2CA21225","Adam Medeiros","202205229","Republican",0.965745949971178,NA
"493","CA",22,2022,"H2CA21233","Rudy Salas","202205229","Democrat",NA,NA
"494","CA",23,2018,"H6CA22125","McCarthy, Kevin","201805239","Republican",0.868214026211815,"M001165"
"495","CA",23,2018,"H6CA23206","Reed, Wendy","201805239","Democrat",-0.684305602656714,NA
"496","CA",23,2018,"H8CA23103","Matta, Tatiana","201805239","Democrat",-0.814924416612674,NA
"497","CA",23,2018,"H8CA23111","Wilson, Kurtis","201805239","Democrat",NA,NA
"498","CA",23,2018,"H8CA23129","Barro, Mary","201805239","Democrat",-0.616462596327738,NA
"499","CA",23,2020,"H0CA23167","Mangone, Kim","202005239","Democrat",-0.961184136260164,NA
"500","CA",23,2020,"H6CA22125","McCarthy, Kevin","202005239","Republican",0.983805177256028,"M001165"
"501","CA",23,2022,"H0CA08135","Jay Obernolte","202205239","Republican",0.984791515312908,"O000019"
"502","CA",23,2022,"H0CA08226","Blanca A. Gomez","202205239","Democrat",NA,NA
"503","CA",23,2022,"H2CA08214","Derek Marshall","202205239","Democrat",-1.24980178425323,NA
"504","CA",24,2018,"H4CA24142","Fareed, Justin","201805249","Republican",0.184693005037797,NA
"505","CA",24,2018,"H6CA24303","Carbajal, Salud","201805249","Democrat",-0.86058295968928,"C001112"
"506","CA",24,2018,"H8CA24150","Woody, Michael","201805249","Republican",-0.0976163809991498,NA
"507","CA",24,2020,"H0CA24157","Caldwell, Andy","202005249","Republican",0.23068742346496,NA
"508","CA",24,2020,"H6CA24303","Carbajal, Salud","202005249","Democrat",-0.954234767004416,"C001112"
"509","CA",24,2022,"H2CA24229","Brad Allen","202205249","Republican",NA,NA
"510","CA",24,2022,"H6CA24303","Salud Carbajal","202205249","Democrat",-0.830056554762176,"C001112"
"511","CA",25,2018,"H4CA25123","Knight, Steve","201805259","Republican",0.411261039804555,NA
"512","CA",25,2018,"H6CA24246","Pallant, Mary","201805259","Democrat",-0.515228787312972,NA
"513","CA",25,2018,"H6CA25177","Caforio, Bryan","201805259","Democrat",-0.767830652459461,NA
"514","CA",25,2018,"H8CA25074","Hill, Katie","201805259","Democrat",-1.16300071287753,"H001087"
"515","CA",25,2018,"H8CA25082","Phoenix, Jess","201805259","Democrat",-0.817067670229754,NA
"516","CA",25,2020,"H0CA25105","Garcia, Mike","202005259","Republican",1.21767219349881,"G000061"
"517","CA",25,2020,"H0CA25147","Papadopoulos, George","202005259","Republican",NA,NA
"518","CA",25,2020,"H0CA25154","Smith, Christy","202005259","Democrat",-0.806376171232569,NA
"519","CA",25,2020,"H0CA25170","Uygur, Cenk","202005259","Democrat",-0.657041625381593,NA
"520","CA",25,2020,"H0CA25188","Jenks, Kenneth","202005259","Republican",-0.00795456236659324,NA
"521","CA",25,2020,"H0CA25196","Elize, Getro Franck","202005259","Democrat",-0.573527972351665,NA
"522","CA",25,2020,"H0CA25212","ValdŽz-Ortega, An’bal","202005259","Democrat",-1.17379423844069,NA
"523","CA",25,2020,"H0CA25220","Lozano, David","202005259","Republican",NA,NA
"524","CA",25,2020,"H0CA25238","Cooper, Robert III","202005259","Democrat",-1.53906509812507,NA
"525","CA",25,2020,"H0CA25246","Mercuri, Daniel","202005259","Republican",0.0870229416452488,NA
"526","CA",25,2020,"H0CA25253","Smith, Christopher C.","202005259","Democrat",-0.665220770694081,NA
"527","CA",25,2020,"H4CA25123","Knight, Steve","202005259","Republican",NA,NA
"528","CA",25,2022,"H2CA01177","Brian E. Hawkins","202205259","Republican",-0.469454926244706,NA
"529","CA",25,2022,"H2CA25242","Brian M Tyson","202205259","Republican",1.08656701667877,NA
"530","CA",25,2022,"H2CA25259","Burt Thakur","202205259","Republican",-0.249780214239726,NA
"531","CA",25,2022,"H2CA36439","Raul Ruiz","202205259","Democrat",-0.326689282990265,"R000599"
"532","CA",25,2022,"H2CA36447","Jonathan Reiss","202205259","Republican",0.727967187992219,NA
"533","CA",25,2022,"H2CA46131","Ceci Truman","202205259","Republican",1.22481329470578,NA
"534","CA",25,2022,NA,"James Francis Gibson","202205259","Republican",-0.0481239474890699,NA
"535","CA",26,2018,"H2CA00120","Brownley, Julia","201805269","Democrat",-0.361554530470698,"B001285"
"536","CA",26,2018,"H8CA26114","Sabato, Antonio","201805269","Republican",0.286208503478787,NA
"537","CA",26,2018,"H8CA26122","Burum, Jeffrey","201805269","Republican",1.38198950434916,NA
"538","CA",26,2018,"H8CA26130","Nelson, John","201805269","Democrat",-0.748608612438679,NA
"539","CA",26,2020,"H0CA26137","Salas, Robert L.","202005269","Democrat",-0.0746147624416803,NA
"540","CA",26,2020,"H0CA26145","Baldwin-Kennedy, Ronda","202005269","Republican",0.723733401115423,NA
"541","CA",26,2020,"H0CA26152","Petris, Enrique","202005269","Democrat",NA,NA
"542","CA",26,2020,"H2CA00120","Brownley, Julia","202005269","Democrat",-0.543356837402759,"B001285"
"543","CA",26,2022,"H2CA00120","Julia Brownley","202205269","Democrat",-0.762927120203083,"B001285"
"544","CA",26,2022,"H2CA26133","Matt Jacobs","202205269","Republican",0.367399477469217,NA
"545","CA",26,2022,"H2CA26166","Fadde Mikhail","202205269","Republican",NA,NA
"546","CA",26,2022,"H2CA26182","Paul Nathan Taylor","202205269","Republican",-0.3569224340623,NA
"547","CA",27,2018,"H0CA32101","Chu, Judy","201805279","Democrat",-0.74313775347106,"C001080"
"548","CA",27,2018,"H8CA27112","Witt, Bryan","201805279","Democrat",NA,NA
"549","CA",27,2020,"H0CA27127","Nalbandian, Johnny","202005279","Republican",0.581269940255602,NA
"550","CA",27,2020,"H0CA32101","Chu, Judy","202005279","Democrat",-0.925922419810508,"C001080"
"551","CA",27,2020,"H8CA27120","Cardenas, Beatrice","202005279","Republican",NA,NA
"552","CA",27,2022,"H0CA25105","Mike Garcia","202205279","Republican",1.01472998264478,"G000061"
"553","CA",27,2022,"H0CA25139","David Rudnick","202205279","Republican",0.306611646957043,NA
"554","CA",27,2022,"H0CA25154","Christy Smith","202205279","Democrat",-0.966977592522315,NA
"555","CA",27,2022,"H2CA25200","Ruth Luevanos","202205279","Democrat",-0.803209651058484,NA
"556","CA",27,2022,"H2CA25218","Quaye Quartey","202205279","Democrat",-0.770145251592689,NA
"557","CA",27,2022,"H2CA27255","Mark Pierce","202205279","Republican",NA,NA
"558","CA",28,2018,"H0CA27085","Schiff, Adam","201805289","Democrat",-0.646760161467022,"S001150"
"559","CA",28,2018,"H8CA28185","Nalbandian, Johnny","201805289","Republican",1.03357379606952,NA
"560","CA",28,2018,NA,"Genovese, Sal","201805289","Democrat",-0.513925338357536,NA
"561","CA",28,2020,"H0CA27085","Schiff, Adam B.","202005289","Democrat",-0.575769615738583,"S001150"
"562","CA",28,2020,"H0CA28174","Pudlo, G.","202005289","Democrat",-0.505806659245425,NA
"563","CA",28,2020,"H0CA28182","Early, Eric","202005289","Republican",0.750593104418937,NA
"564","CA",28,2020,"H0CA28224","Manoogian, Ara Khachig","202005289","Democrat",NA,NA
"565","CA",28,2020,"H4CA29109","Bodell, William J.","202005289","Republican",NA,NA
"566","CA",28,2020,"H6CA31126","Genovese, Sal","202005289","Democrat",-0.590998699781633,NA
"567","CA",28,2022,"H0CA32101","Judy Chu","202205289","Democrat",-0.901486387470604,"C001080"
"568","CA",28,2022,"H2CA28188","Wes Hallman","202205289","Republican",NA,NA
"569","CA",28,2022,"H2CA28196","Dorothy Caronna","202205289","Democrat",NA,NA
"570","CA",29,2018,"H2CA28113","Cardenas, Tony","201805299","Democrat",0.0254969037266588,"C001097"
"571","CA",29,2018,"H6CA29203","Bernal, Benito","201805299","Republican",NA,NA
"572","CA",29,2018,NA,"Shammas, Joe","201805299","Democrat",-0.0783688950972232,NA
"573","CA",29,2020,"H0CA29123","Perras, Brian","202005299","Republican",NA,NA
"574","CA",29,2020,"H0CA29131","Guzik, Michael R.","202005299","Democrat",-1.08343104211867,NA
"575","CA",29,2020,"H2CA28113","Cardenas, Tony","202005299","Democrat",-0.0283308710436612,"C001097"
"576","CA",29,2020,"H8CA29100","Duenas, Angelica Maria","202005299","Democrat",-1.18306722843328,NA
"577","CA",29,2022,"H2CA28113","Tony Cardenas","202205299","Democrat",-0.726686144106632,"C001097"
"578","CA",29,2022,"H2CA29087","Margarita Maria Carranza","202205299","Republican",NA,NA
"579","CA",29,2022,"H8CA29100","Angelica Maria Duenas","202205299","Democrat",-1.07033882352398,NA
"580","CA",29,2022,NA,"Andy Miranda","202205299","Republican",0.3063681267499,NA
"581","CA",29,2022,NA,"Rudy Melendez","202205299","Republican",NA,NA
"582","CA",30,2018,"H4CA30123","Rab, Raji","201805309","Democrat",-0.225679743802992,NA
"583","CA",30,2018,"H6CA24113","Sherman, Brad","201805309","Democrat",-0.184194259435319,"S000344"
"584","CA",30,2018,"H6CA30185","Reed, Mark","201805309","Republican",0.43661176139177,NA
"585","CA",30,2018,"H8CA30066","Pelzer, Jon","201805309","Democrat",-1.2246571274699,NA
"586","CA",30,2020,"H0CA30162","Berina, Courtney","202005309","Democrat",NA,NA
"587","CA",30,2020,"H4CA30123","Rab, A. ""Raji""","202005309","Democrat",-0.302652127694861,NA
"588","CA",30,2020,"H6CA24113","Sherman, Brad","202005309","Democrat",-0.143437558418799,"S000344"
"589","CA",30,2020,"H6CA30185","Reed, Mark","202005309","Republican",NA,NA
"590","CA",30,2022,"H0CA26145","Ronda Kennedy","202205309","Republican",0.546526576919184,NA
"591","CA",30,2022,"H0CA27085","Adam B. Schiff","202205309","Democrat",-0.827636850376766,"S001150"
"592","CA",30,2022,"H0CA27127","Johnny J. Nalbandian","202205309","Republican",0.479544459474625,NA
"593","CA",30,2022,"H0CA28174","G ""Maebe A. Girl"" Pudlo","202205309","Democrat",-0.483253153708059,NA
"594","CA",30,2022,"H2CA30325","Patrick Lee Gipson","202205309","Republican",0.283612480476639,NA
"595","CA",30,2022,"H2CA33220","Paloma Zuniga","202205309","Republican",NA,NA
"596","CA",30,2022,NA,"Sal Genovese","202205309","Democrat",-0.499453052088308,NA
"597","CA",31,2018,"H2CA31125","Aguilar, Pete","201805319","Democrat",-0.692096851800919,"A000371"
"598","CA",31,2018,"H6CA31134","Flynn, Sean","201805319","Republican",0.210481225133061,NA
"599","CA",31,2018,NA,"Ahmed, Kaisar","201805319","Democrat",NA,NA
"600","CA",31,2020,"H0CA31129","Gibboney, Agnes","202005319","Republican",0.712094174271733,NA
"601","CA",31,2020,"H2CA31125","Aguilar, Pete","202005319","Democrat",-0.878755993697602,"A000371"
"602","CA",31,2022,"H2CA28162","Daniel Bocic Martinez","202205319","Republican",-0.122854328996734,NA
"603","CA",31,2022,"H2CA31166","Rocco Anthony De Luca","202205319","Democrat",-0.666356216778967,NA
"604","CA",31,2022,"H8CA34068","Grace F. Napolitano","202205319","Democrat",-0.675727854188966,"N000179"
"605","CA",32,2018,"H8CA34068","Napolitano, Grace","201805329","Democrat",NA,"N000179"
"606","CA",32,2020,"H0CA32333","Gonzales, Emanuel","202005329","Democrat",-0.880404050802573,NA
"607","CA",32,2020,"H0CA32341","Kashifalghita, Meshal","202005329","Democrat",-0.568835975129649,NA
"608","CA",32,2020,"H8CA32088","Scott, Joshua M","202005329","Republican",0.654866347831036,NA
"609","CA",32,2020,"H8CA34068","Napolitano, Grace Flores","202005329","Democrat",-0.635222241547367,"N000179"
"610","CA",32,2022,"H2CA00146","Melissa Toomim","202205329","Republican",0.366343016827093,NA
"611","CA",32,2022,"H2CA30275","Aarika Samone Rhodes","202205329","Democrat",-0.968671597633578,NA
"612","CA",32,2022,"H2CA30283","Lucie Lapointe Volotzky","202205329","Republican",0.392487440180942,NA
"613","CA",32,2022,"H2CA30291","Shervin Aazami","202205329","Democrat",-0.889882557533872,NA
"614","CA",32,2022,"H2CA30309","Jason Potell","202205329","Democrat",-0.762516794548228,NA
"615","CA",32,2022,"H4CA30123","Raji Rab","202205329","Democrat",-0.46267478356715,NA
"616","CA",32,2022,"H6CA24113","Brad Sherman","202205329","Democrat",-0.659877871649104,"S000344"
"617","CA",33,2018,"H4CA33119","Lieu, Ted","201805339","Democrat",-0.396972275431772,"L000582"
"618","CA",33,2018,"H6CA33106","Wright, Kenneth","201805339","Republican",0.0365639776547621,NA
"619","CA",33,2018,"H8CA33268","Rodgers, Emory","201805339","Democrat",-0.623611264513199,NA
"620","CA",33,2020,"H0CA23068","Goldberg, Albert Maxwell","202005339","Democrat",NA,NA
"621","CA",33,2020,"H0CA33216","Liew, Sarah Sun","202005339","Republican",0.318956525206354,NA
"622","CA",33,2020,"H0CA33224","Barris, Liz","202005339","Democrat",NA,NA
"623","CA",33,2020,"H0CA48156","Bradley, James","202005339","Republican",0.00268164334308439,NA
"624","CA",33,2020,"H4CA33119","Lieu, Ted W.","202005339","Democrat",-0.473545167779011,"L000582"
"625","CA",33,2020,"H6CA33106","Wright, Kenneth W.","202005339","Republican",NA,NA
"626","CA",33,2022,"H2CA31125","Pete Aguilar","202205339","Democrat",-0.805435645834924,"A000371"
"627","CA",33,2022,"H2CA33253","John Mark Porter","202205339","Republican",NA,NA
"628","CA",33,2022,NA,"Ernest H. Richter","202205339","Republican",NA,NA
"629","CA",33,2022,NA,"Rex Gutierrez","202205339","Republican",0.552093713313011,NA
"630","CA",34,2018,"H8CA34266","Gomez, Jimmy","201805349","Democrat",-1.14529553621716,"G000585"
"631","CA",34,2020,"H0CA34115","Motiwalla, Frances Yasmeen","202005349","Democrat",-1.28469492957474,NA
"632","CA",34,2020,"H0CA34131","Kim, Davide","202005349","Democrat",-0.826462706380059,NA
"633","CA",34,2020,"H0CA34149","Wright, Joanne L.","202005349","Republican",-0.0413531528968682,NA
"634","CA",34,2020,"H0CA34156","Scott, Keanakay","202005349","Democrat",-1.42942107200159,NA
"635","CA",34,2020,"H8CA34266","Gomez, Jimmy","202005349","Democrat",-1.21836238390421,"G000585"
"636","CA",34,2022,"H2CA34079","David Kim","202205349","Democrat",-0.96194219913197,NA
"637","CA",34,2022,"H8CA34266","Jimmy Gomez","202205349","Democrat",-1.0244515277103,"G000585"
"638","CA",34,2022,NA,"Clifton Rio Torrado VonBuck","202205349","Republican",NA,NA
"639","CA",35,2018,"H4CA35031","Torres, Norma","201805359","Democrat",-0.600296428185553,"T000474"
"640","CA",35,2018,"H6CA31142","Baca, Joe","201805359","Democrat",-0.83092929673372,NA
"641","CA",35,2018,"H8CA35115","Valiente, Christian","201805359","Republican",0.458984879306406,NA
"642","CA",35,2020,"H0CA35146","Cargile, Mike","202005359","Republican",1.07812804676434,NA
"643","CA",35,2020,"H4CA35031","Torres, Norma","202005359","Democrat",-0.621322345722161,"T000474"
"644","CA",35,2022,"H0CA35146","Mike Cargile","202205359","Republican",0.108093617508253,NA
"645","CA",35,2022,"H2CA35142","Rafael Carcamo","202205359","Republican",1.13032090577956,NA
"646","CA",35,2022,"H2CA35159","Lloyd A. Stevens","202205359","Democrat",NA,NA
"647","CA",35,2022,"H4CA35031","Norma J. Torres","202205359","Democrat",-1.11502683426628,"T000474"
"648","CA",35,2022,NA,"Bob Erbst","202205359","Republican",0.625919836590026,NA
"649","CA",36,2018,"H2CA36439","Ruiz, Raul","201805369","Democrat",-0.560347004623963,"R000599"
"650","CA",36,2018,"H8CA36162","Ball, Dan","201805369","Republican",NA,NA
"651","CA",36,2018,"H8CA36170","Peizer, Kimberlin","201805369","Republican",0.750612333628542,NA
"652","CA",36,2018,"H8CA36188","Wolkowicz, Stephan","201805369","Republican",NA,NA
"653","CA",36,2018,"H8CA36196","Bentley, Robert","201805369","Republican",0.329227755429559,NA
"654","CA",36,2018,"H8CA36204","Hassett, Douglas","201805369","Republican",0.651352065677758,NA
"655","CA",36,2020,"H0CA36185","Stevanovich, Milo","202005369","Republican",NA,NA
"656","CA",36,2020,"H0CA36193","Cruz, Erin","202005369","Republican",0.452549650058333,NA
"657","CA",36,2020,"H0CA36201","Kimbler, Patrice","202005369","Republican",0.0568946365633645,NA
"658","CA",36,2020,"H2CA36439","Ruiz, Raul","202005369","Democrat",-0.574730204317494,"R000599"
"659","CA",36,2022,"H0CA43108","Joe E. Collins III","202205369","Republican",-0.448151876176016,NA
"660","CA",36,2022,"H2CA33196","Derrick R. Gates","202205369","Republican",0.57233476661558,NA
"661","CA",36,2022,"H2CA33212","Claire Ragge","202205369","Republican",0.189139085120084,NA
"662","CA",36,2022,"H2CA36496","Ariana Hakami","202205369","Republican",0.610750769602766,NA
"663","CA",36,2022,"H4CA33119","Ted W. Lieu","202205369","Democrat",-0.71557315859645,"L000582"
"664","CA",36,2022,"H8CA31122","Colin Kilpatrick Obrien","202205369","Democrat",NA,NA
"665","CA",37,2018,"H0CA33117","Bass, Karen","201805379","Democrat",-0.513466252799555,"B001270"
"666","CA",37,2018,"H8CA37293","Bassilian, Ron","201805379","Republican",-0.279620806367641,NA
"667","CA",37,2020,"H0CA33117","Bass, Karen","202005379","Democrat",-0.946785418690546,"B001270"
"668","CA",37,2020,"H0CA37167","Webber, Errole","202005379","Republican",NA,NA
"669","CA",37,2022,"H2CA37296","Daniel W. Lee","202205379","Democrat",-1.26912361106739,NA
"670","CA",37,2022,"H2CA37304","Sydney Kamlager","202205379","Democrat",NA,"K000400"
"671","CA",37,2022,"H2CA37312","Jan C. Perry","202205379","Democrat",-0.934532250158061,NA
"672","CA",37,2022,"H2CA37320","Baltazar ""Bong"" Fedalizo","202205379","Republican",0.0613165448106292,NA
"673","CA",37,2022,"H2CA37338","Sandra Mendoza","202205379","Democrat",NA,NA
"674","CA",37,2022,"H2CA37346","Michael Shure","202205379","Democrat",-0.673419738159626,NA
"675","CA",37,2022,NA,"Chris Champion","202205379","Republican",NA,NA
"676","CA",38,2018,"H2CA39078","Sanchez, Linda","201805389","Democrat",-0.722627653362837,"S001156"
"677","CA",38,2018,"H4CA31105","Downing, Ryan","201805389","Republican",NA,NA
"678","CA",38,2020,"H0CA38157","Tolar, Michael","202005389","Democrat",-0.77485060139632,NA
"679","CA",38,2020,"H2CA39078","Sanchez, Linda","202005389","Democrat",-0.780331892953573,"S001156"
"680","CA",38,2022,"H2CA39078","Linda Sanchez","202205389","Democrat",-0.689681048632978,"S001156"
"681","CA",38,2022,"H2CA39151","Eric J. Ching","202205389","Republican",0.574139624811521,NA
"682","CA",38,2022,NA,"John Sarega","202205389","Republican",NA,NA
"683","CA",39,2018,"H2CA46123","Cullum, John","201805399","Republican",0.486819210109807,NA
"684","CA",39,2018,"H8CA39158","Tran, Mai","201805399","Democrat",-0.362282542945499,NA
"685","CA",39,2018,"H8CA39166","Jammal, Sam","201805399","Democrat",-0.841043195979723,NA
"686","CA",39,2018,"H8CA39174","Cisneros, Gil","201805399","Democrat",-0.896819871480934,"C001123"
"687","CA",39,2018,"H8CA39182","Thorburn, Andy","201805399","Democrat",-1.20790892025598,NA
"688","CA",39,2018,"H8CA39216","Sarega, Andrew","201805399","Republican",0.649614561186667,NA
"689","CA",39,2018,"H8CA39224","Huff, Bob","201805399","Republican",NA,NA
"690","CA",39,2018,"H8CA39232","Nelson, Shawn","201805399","Republican",0.540508861579121,NA
"691","CA",39,2018,"H8CA39240","Kim, Young","201805399","Republican",0.955408817250748,NA
"692","CA",39,2018,"H8CA39257","Legget, Suzi","201805399","Democrat",NA,NA
"693","CA",39,2018,"H8CA39281","Vargas, Steven","201805399","Republican",0.229447125138526,NA
"694","CA",39,2018,"H8CA39299","Lee, Herbert","201805399","Democrat",-0.849178985876549,NA
"695","CA",39,2018,"H8CA39307","Lberatore, Phil","201805399","Republican",0.952242636738446,NA
"696","CA",39,2020,"H8CA39174","Cisneros, Gil","202005399","Democrat",-0.918760336116382,NA
"697","CA",39,2020,"H8CA39240","Kim, Young","202005399","Republican",0.657272197282581,"K000397"
"698","CA",39,2022,"H2CA39177","John Lordsal Minnella","202205399","Republican",0.781264221572612,NA
"699","CA",39,2022,"H2CA39185","Art Peterson","202205399","Republican",0.0778201122913032,NA
"700","CA",39,2022,"H2CA39193","Tony Moreno","202205399","Republican",0.812123788904215,NA
"701","CA",39,2022,"H2CA41132","Bill Spinney","202205399","Republican",-0.173380794690152,NA
"702","CA",39,2022,"H2CA43245","Mark Takano","202205399","Democrat",-0.262729900500136,"T000472"
"703","CA",39,2022,"H8CA41170","Aja Smith","202205399","Republican",0.193555487110084,NA
"704","CA",39,2022,NA,"Emmanuel L. Suarez","202205399","Republican",0.894418477452445,NA
"705","CA",40,2018,"H2CA33048","Roybal-Allard, Lucille","201805409","Democrat",-0.74699521634655,"R000486"
"706","CA",40,2020,"H0CA34099","Sanchez, David","202005409","Democrat",NA,NA
"707","CA",40,2020,"H0CA40120","Felix, Anthony Jr.","202005409","Democrat",-0.909528850881349,NA
"708","CA",40,2020,"H0CA40138","Delgado, C. Antonio","202005409","Republican",NA,NA
"709","CA",40,2020,"H2CA33048","Roybal-Allard, Lucille","202005409","Democrat",-0.688156803521874,"R000486"
"710","CA",40,2022,"H2CA40084","Greg Raths","202205409","Republican",0.424885179628237,NA
"711","CA",40,2022,"H2CA40092","Asif Mahmood","202205409","Democrat",NA,NA
"712","CA",40,2022,"H2CA45133","Nick Taurus","202205409","Republican",0.182913903198624,NA
"713","CA",40,2022,"H8CA39240","Young Kim","202205409","Republican",0.660400294969817,"K000397"
"714","CA",41,2018,"H2CA43245","Takano, Mark","201805419","Democrat",-0.984982578775609,"T000472"
"715","CA",41,2018,"H8CA41170","Smith, Aja","201805419","Republican",0.54369960318074,NA
"716","CA",41,2020,"H0CA49113","Williams, Grace","202005419","Democrat",-1.30094351134376,NA
"717","CA",41,2020,"H2CA43245","Takano, Mark A.","202005419","Democrat",-0.9516263175243,"T000472"
"718","CA",41,2020,"H8CA41170","Smith, Aja","202005419","Republican",0.633515956997545,NA
"719","CA",41,2022,"H2CA37023","Ken Calvert","202205419","Republican",0.573667417547246,"C000059"
"720","CA",41,2022,"H2CA42197","Shrina Kurani","202205419","Democrat",-1.18749923003866,NA
"721","CA",41,2022,"H2CA42205","Will Rollins","202205419","Democrat",-0.653838637721165,NA
"722","CA",41,2022,NA,"John Michael Lucio","202205419","Republican",NA,NA
"723","CA",42,2018,"H2CA37023","Calvert, Ken","201805429","Republican",NA,"C000059"
"724","CA",42,2018,"H8CA42228","Peacock, Julia","201805429","Democrat",-0.652606406532206,NA
"725","CA",42,2018,"H8CA42244","Quintero, Norman","201805429","Democrat",-0.932935734766356,NA
"726","CA",42,2020,"H0CA42217","O'Mara, William","202005429","Democrat",-0.37652696690441,NA
"727","CA",42,2020,"H0CA42233","Marston, Regina","202005429","Democrat",-0.499640304072613,NA
"728","CA",42,2020,"H2CA37023","Calvert, Ken","202005429","Republican",NA,"C000059"
"729","CA",42,2022,"H0CA47166","Peter Mathews","202205429","Democrat",-0.984809985727651,NA
"730","CA",42,2022,"H2CA40076","J. Nicole Lopez","202205429","Democrat",-0.623793839000658,NA
"731","CA",42,2022,"H2CA42213","Cristina Garcia","202205429","Democrat",NA,NA
"732","CA",42,2022,"H2CA42221","William Moses Summerville","202205429","Democrat",-1.67623615374819,NA
"733","CA",42,2022,"H2CA42247","Joaquin Beltran","202205429","Democrat",-1.4371458366934,NA
"734","CA",42,2022,"H2CA42254","Julio Cesar Flores","202205429","Republican",NA,NA
"735","CA",42,2022,"H2CA47188","Robert Garcia","202205429","Democrat",-1.33382603854173,"G000598"
"736","CA",42,2022,"H8CA47078","John Briscoe","202205429","Republican",-0.0594829618313931,NA
"737","CA",43,2018,"H4CA23011","Waters, Maxine","201805439","Democrat",-0.539230263428335,"W000187"
"738","CA",43,2018,"H6CA44145","Navarro, Omar","201805439","Republican",0.812859138846597,NA
"739","CA",43,2018,"H8CA43135","Duterte, Edwin","201805439","Republican",0.793205143558109,NA
"740","CA",43,2018,"H8CA43143","DeMartini, Frank","201805439","Republican",0.427737498506972,NA
"741","CA",43,2020,"H0CA43108","Collins, Joe E. III","202005439","Republican",-0.57451858572167,NA
"742","CA",43,2020,"H4CA23011","Waters, Maxine","202005439","Democrat",NA,"W000187"
"743","CA",43,2020,"H6CA44145","Navarro, Omar","202005439","Republican",0.959306179055124,NA
"744","CA",43,2022,"H2CA43393","Allison Pratt","202205439","Republican",NA,NA
"745","CA",43,2022,"H4CA23011","Maxine Waters","202205439","Democrat",NA,"W000187"
"746","CA",43,2022,"H6CA44145","Omar Navarro","202205439","Republican",NA,NA
"747","CA",43,2022,NA,"Jean M. Monestime","202205439","Democrat",NA,NA
"748","CA",44,2018,"H6CA44103","Barragan, Nanette","201805449","Democrat",-1.05085268577001,"B001300"
"749","CA",44,2018,"H8CA44109","Dash, Stacey","201805449","Republican",NA,NA
"750","CA",44,2018,"H8CA44117","Brown, Aja","201805449","Democrat",NA,NA
"751","CA",44,2018,NA,"Saavedra, Jazmina","201805449","Republican",NA,NA
"752","CA",44,2020,"H0CA33158","Griffin, Morris F.","202005449","Democrat",NA,NA
"753","CA",44,2020,"H0CA44189","Earley, Billy Z.","202005449","Republican",0.51268771870181,NA
"754","CA",44,2020,"H4CA44157","Joya, Analilia","202005449","Democrat",NA,NA
"755","CA",44,2020,"H6CA44103","Barragan, Nanette Diaz","202005449","Democrat",-0.969458885229065,"B001300"
"756","CA",44,2022,"H0CA38140","Paul Jones","202205449","Republican",0.353778829247136,NA
"757","CA",44,2022,"H6CA44103","Nanette Diaz Barragan","202205449","Democrat",-0.778334708130136,"B001300"
"758","CA",44,2022,NA,"Morris Falls Griffin","202205449","Democrat",-0.363334639934741,NA
"759","CA",45,2018,"H4CA45097","Walters, Mimi","201805459","Republican",0.648434501007695,NA
"760","CA",45,2018,"H8CA45130","Porter, Katie","201805459","Democrat",-1.23805321745085,"P000618"
"761","CA",45,2018,"H8CA45148","Min, Dave","201805459","Democrat",-1.09262039069858,NA
"762","CA",45,2018,"H8CA45155","Hamadanchy, Kia","201805459","Democrat",-0.870922342089613,NA
"763","CA",45,2018,"H8CA45189","Forde, Brian","201805459","Democrat",-0.837929284019497,NA
"764","CA",45,2020,"H0CA45087","Sedgwick, Don","202005459","Republican",0.914821681622411,NA
"765","CA",45,2020,"H0CA45095","Huang, Peggy","202005459","Republican",-0.0165606598230626,NA
"766","CA",45,2020,"H0CA45129","Sparks, Lisa","202005459","Republican",0.78122244890081,NA
"767","CA",45,2020,"H0CA45152","Furin, Rhonda","202005459","Republican",NA,NA
"768","CA",45,2020,"H0CA45160","Gonzales, Christopher J.","202005459","Republican",0.579310252613506,NA
"769","CA",45,2020,"H4CA45089","Raths, Greg G.","202005459","Republican",0.430246819885936,NA
"770","CA",45,2020,"H8CA45130","Porter, Katie","202005459","Democrat",-0.914269734327897,"P000618"
"771","CA",45,2022,"H0CA48198","Michelle Steel","202205459","Republican",0.411140381838607,"S001135"
"772","CA",45,2022,"H2CA39136","Jay F. Chen","202205459","Democrat",-0.593125174084108,NA
"773","CA",45,2022,"H2CA45208","Long K Pham","202205459","Republican",NA,NA
"774","CA",46,2018,"H6CA46116","Correa, Lou","201805469","Democrat",-0.208608659480036,"C001110"
"775","CA",46,2018,"H8CA46120","Lambert, Russell","201805469","Republican",0.404047480250643,NA
"776","CA",46,2020,"H0CA46077","Waters, James S.","202005469","Republican",0.193179749318243,NA
"777","CA",46,2020,"H0CA46085","Mendiolea, Pablo","202005469","Democrat",-0.773837330653422,NA
"778","CA",46,2020,"H6CA46116","Correa, Lou","202005469","Democrat",-0.333523401572405,"C001110"
"779","CA",46,2022,"H0CA45160","Christopher J. Gonzales","202205469","Republican",NA,NA
"780","CA",46,2022,"H2CA46149","Mike Ortega","202205469","Democrat",-0.99724867684338,NA
"781","CA",46,2022,"H2CA46164","Felix Rocha, Jr.","202205469","Republican",NA,NA
"782","CA",46,2022,"H6CA46116","Lou Correa","202205469","Democrat",-0.306404163278401,"C001110"
"783","CA",46,2022,NA,"Mike Nguyen","202205469","Republican",-0.255232034091839,NA
"784","CA",47,2018,"H2CA00104","Lowenthal, Alan","201805479","Democrat",-0.707902353745443,"L000579"
"785","CA",47,2018,"H8CA47060","Clifford, David","201805479","Republican",-0.0331876674900939,NA
"786","CA",47,2018,"H8CA47078","Briscoe, John","201805479","Republican",0.0670673657737854,NA
"787","CA",47,2020,"H0CA47133","Moua, Sou","202005479","Republican",NA,NA
"788","CA",47,2020,"H0CA47141","West, Amy Phan","202005479","Republican",0.312720271983197,NA
"789","CA",47,2020,"H0CA47166","Mathews, Peter","202005479","Democrat",-0.948145343023825,NA
"790","CA",47,2020,"H0CA47174","McLeod, Jalen Dupree","202005479","Democrat",-1.21175272204953,NA
"791","CA",47,2020,"H2CA00104","Lowenthal, Alan","202005479","Democrat",-0.728747316648034,"L000579"
"792","CA",47,2020,"H8CA47078","Briscoe, John","202005479","Republican",0.147233813689541,NA
"793","CA",47,2022,"H0CA48172","Brian Burley","202205479","Republican",NA,NA
"794","CA",47,2022,"H2CA45125","Amy Phan West","202205479","Republican",1.48272597274498,NA
"795","CA",47,2022,"H2CA47196","Scott Baugh","202205479","Republican",0.946426635602916,NA
"796","CA",47,2022,"H2CA47204","Errol Webber","202205479","Republican",0.486244316958529,NA
"797","CA",47,2022,"H8CA45130","Katie Porter","202205479","Democrat",-0.85904882083354,"P000618"
"798","CA",48,2018,"H6CA48245","Baugh, Scott","201805489","Republican",0.876059659232585,NA
"799","CA",48,2018,"H8CA42061","Rohrabacher, Dana","201805489","Republican",0.318138494404392,NA
"800","CA",48,2018,"H8CA48035","Rouda, Harley","201805489","Democrat",-0.710983240357736,"R000616"
"801","CA",48,2018,"H8CA48043","Oatman, Laura","201805489","Democrat",NA,NA
"802","CA",48,2018,"H8CA48050","Zarkades, Tony","201805489","Democrat",-0.491877618767725,NA
"803","CA",48,2018,"H8CA48076","Keirstead, Hans","201805489","Democrat",-1.17977811377911,NA
"804","CA",48,2018,"H8CA48084","Siddiqui, Omar","201805489","Democrat",-0.528587082567188,NA
"805","CA",48,2018,"H8CA48092","Onufrei, Stelian","201805489","Republican",0.608475767914831,NA
"806","CA",48,2018,"H8CA48100","Kotick, Michael","201805489","Democrat",-0.598492210664126,NA
"807","CA",48,2018,"H8CA48142","Gabbard, John","201805489","Republican",0.458099917675486,NA
"808","CA",48,2018,"H8CA48159","Payne, Rachel","201805489","Democrat",NA,NA
"809","CA",48,2018,NA,"Martin, Paul","201805489","Republican",0.180285881843696,NA
"810","CA",48,2018,NA,"Schaarsmith, Deanie","201805489","Democrat",NA,NA
"811","CA",48,2018,NA,"Sandman, Shastina","201805489","Republican",-0.012858473657282,NA
"812","CA",48,2020,"H0CA48172","Burley, Brian","202005489","Republican",0.603248777632245,NA
"813","CA",48,2020,"H0CA48198","Steel, Michelle","202005489","Republican",0.390143723385874,"S001135"
"814","CA",48,2020,"H0CA48214","Griffin, James Brian","202005489","Republican",0.739257541991916,NA
"815","CA",48,2020,"H0CA48230","Schuesler, John Thomas","202005489","Republican",0.337723657554059,NA
"816","CA",48,2020,"H8CA48035","Rouda, Harley Jr.","202005489","Democrat",-0.695216791820353,NA
"817","CA",48,2022,"H0CA48024","Darrell Issa","202205489","Republican",-0.0126465929784433,"I000056"
"818","CA",48,2022,"H2CA50174","Stephen Houlahan","202205489","Democrat",-0.957714956775711,NA
"819","CA",48,2022,NA,"Matthew G. Rascon","202205489","Democrat",-0.000818902676683852,NA
"820","CA",49,2018,"H6CA49102","Applegate, Doug","201805499","Democrat",-0.875931330191187,NA
"821","CA",49,2018,"H8CA49058","Levin, Mike","201805499","Democrat",-0.730407310899943,"L000593"
"822","CA",49,2018,"H8CA49066","Kerr, Paul","201805499","Democrat",-0.566408359534684,NA
"823","CA",49,2018,"H8CA49074","Jacobs, Sara","201805499","Democrat",-1.13755728334316,NA
"824","CA",49,2018,"H8CA49082","Harkey, Diane","201805499","Republican",NA,NA
"825","CA",49,2018,"H8CA49090","Gaspar, Kristin","201805499","Republican",0.709685009823423,NA
"826","CA",49,2018,"H8CA49108","Maryott, Brian","201805499","Republican",0.495837644989999,NA
"827","CA",49,2018,"H8CA49124","Chavez, Rocky","201805499","Republican",0.0861027232067889,NA
"828","CA",49,2018,"H8CA49132","Schmitt, Mike","201805499","Republican",0.187506419228246,NA
"829","CA",49,2018,"H8CA49157","Nordal, Craig","201805499","Republican",NA,NA
"830","CA",49,2018,"H8CA50155","Schoonover, Joshua","201805499","Republican",-0.214063001996143,NA
"831","CA",49,2018,NA,"Medway, David","201805499","Republican",-0.0611474306866248,NA
"832","CA",49,2020,"H8CA49058","Levin, Mike","202005499","Democrat",-0.951474668681361,"L000593"
"833","CA",49,2020,"H8CA49108","Maryott, Brian","202005499","Republican",-0.165657984027882,NA
"834","CA",49,2022,"H2CA49242","Christopher Rodriguez","202205499","Republican",0.710731792863919,NA
"835","CA",49,2022,"H2CA49267","Lisa A. Bartlett","202205499","Republican",NA,NA
"836","CA",49,2022,"H2CA49275","Josiah O'Neil","202205499","Republican",1.36149534258482,NA
"837","CA",49,2022,"H2CA49317","Renee Taylor","202205499","Republican",-0.0704902607398067,NA
"838","CA",49,2022,"H8CA49058","Mike Levin","202205499","Democrat",-0.868200562206558,"L000593"
"839","CA",49,2022,"H8CA49108","Brian Maryott","202205499","Republican",0.556450584818589,NA
"840","CA",49,2022,NA,"Nadia Bahia Smalley","202205499","Democrat",NA,NA
"841","CA",50,2018,"H6CA50258","Malloy, Patrick","201805509","Democrat",-0.780231356377729,NA
"842","CA",50,2018,"H8CA50098","Campa-Najjar, Ammar","201805509","Democrat",-0.82678127631944,NA
"843","CA",50,2018,"H8CA50106","Butner, Josh","201805509","Democrat",NA,NA
"844","CA",50,2018,"H8CA50148","Sayed, Shamus","201805509","Republican",0.0813337957594647,NA
"845","CA",50,2018,"H8CA50163","Wells, Bill","201805509","Republican",1.11466603693131,NA
"846","CA",50,2018,"H8CA52052","Hunter, Duncan","201805509","Republican",0.563919024335432,"H001048"
"847","CA",50,2020,"H0CA48024","Issa, Darrell","202005509","Republican",1.40284524409601,"I000056"
"848","CA",50,2020,"H0CA50145","DeMaio, Carl","202005509","Republican",0.660149693789225,NA
"849","CA",50,2020,"H0CA50202","Wilkins, Nathan","202005509","Republican",NA,NA
"850","CA",50,2020,"H0CA53131","Calderon, Marisa","202005509","Democrat",0.963920250037876,NA
"851","CA",50,2020,"H8CA50098","Campa-Najjar, Ammar","202005509","Democrat",-0.463222681760432,NA
"852","CA",50,2020,"H8CA52037","Jones, Brian","202005509","Republican",1.12717042251641,NA
"853","CA",50,2022,"H2CA50224","Kylie Taitano","202205509","Democrat",NA,NA
"854","CA",50,2022,"H2CA50232","Corey Gustafson","202205509","Republican",1.06557553924403,NA
"855","CA",50,2022,"H2CA50240","David Chiddick","202205509","Republican",NA,NA
"856","CA",50,2022,"H2CA52089","Scott Peters","202205509","Democrat",-0.432903498399355,"P000608"
"857","CA",51,2018,"H2CA50026","Vargas, Juan","201805519","Democrat",NA,"V000130"
"858","CA",51,2018,"H8CA51054","Renison, John","201805519","Republican",1.10885002232868,NA
"859","CA",51,2018,"H8CA51062","Hidalgo, Juan","201805519","Republican",0.313987096423003,NA
"860","CA",51,2018,"H8CA51088","Fuentes, Louis","201805519","Republican",0.105963461357659,NA
"861","CA",51,2020,"H2CA50026","Vargas, Juan","202005519","Democrat",0.378984072141186,"V000130"
"862","CA",51,2020,"H8CA51062","Hidalgo, Juan M. Jr.","202005519","Republican",NA,NA
"863","CA",51,2022,"H2CA51206","Stan Caplan","202205519","Republican",1.00181045302976,NA
"864","CA",51,2022,"H8CA49074","Sara Jacobs","202205519","Democrat",NA,"J000305"
"865","CA",52,2018,"H2CA52089","Peters, Scott","201805529","Democrat",-0.46403980664728,"P000608"
"866","CA",52,2018,"H6CA52148","Horst, John","201805529","Republican",0.0846632998155002,NA
"867","CA",52,2018,"H8CA50130","Casara, Danny","201805529","Republican",1.31888529891228,NA
"868","CA",52,2018,"H8CA52102","Qudrat, Omar","201805529","Republican",0.328711564245131,NA
"869","CA",52,2018,"H8CA52110","Veltmeyer, James","201805529","Republican",0.509264313649704,NA
"870","CA",52,2018,"H8CA52136","Allman, Michael","201805529","Republican",NA,NA
"871","CA",52,2018,"H8CA52151","Cullen, Jeffrey","201805529","Republican",-0.1600798987636,NA
"872","CA",52,2020,"H0CA52067","Casady, Nancy","202005529","Democrat",-0.748230577825494,NA
"873","CA",52,2020,"H0CA52083","DeBello, Jim","202005529","Republican",0.520575319803834,NA
"874","CA",52,2020,"H2CA52089","Peters, Scott","202005529","Democrat",-0.337724065269244,"P000608"
"875","CA",52,2022,"H2CA50026","Juan Vargas","202205529","Democrat",-1.17580243211275,"V000130"
"876","CA",52,2022,"H2CA52162","Joaquin Vasquez","202205529","Democrat",-1.17197653110126,NA
"877","CA",52,2022,"H2CA52188","Tyler Geffeney","202205529","Republican",0.965474851524157,NA
"878","CA",53,2018,"H0CA49055","Davis, Susan","201805539","Democrat",-0.686219476228757,"D000598"
"879","CA",53,2018,"H6CA53062","Mendoza, Matt","201805539","Republican",0.942069448196067,NA
"880","CA",53,2018,"H8CA53084","Murtaugh, Morgan","201805539","Republican",0.598449150234331,NA
"881","CA",53,2018,"H8CA53092","Kane, Shawn","201805539","Republican",NA,NA
"882","CA",53,2018,NA,"Goda, Brett","201805539","Republican",0.878550441171718,NA
"883","CA",53,2020,"H0CA52059","Ramos, Famela","202005539","Republican",0.737720052057863,NA
"884","CA",53,2020,"H0CA53081","Vazquez, Joaquin","202005539","Democrat",-1.19553806427715,NA
"885","CA",53,2020,"H0CA53107","Gomez, Georgette","202005539","Democrat",-1.5556025335431,NA
"886","CA",53,2020,"H0CA53123","Goldbeck, Janessa","202005539","Democrat",-0.959579703456612,NA
"887","CA",53,2020,"H0CA53164","Meza, Annette","202005539","Democrat",-1.39973125834561,NA
"888","CA",53,2020,"H0CA53172","Brooks, John","202005539","Democrat",-0.662034470103893,NA
"889","CA",53,2020,"H0CA53180","Kutner, Eric Roger","202005539","Democrat",-0.309236992289342,NA
"890","CA",53,2020,"H0CA53214","Oristian, Michael Patrick","202005539","Republican",0.175974528229996,NA
"891","CA",53,2020,"H0CA53222","Fountain, Joseph R.","202005539","Democrat",NA,NA
"892","CA",53,2020,"H0CA53230","Wong, Tom","202005539","Democrat",-1.64618463210347,NA
"893","CA",53,2020,"H0CA53248","Santori, Suzette","202005539","Democrat",-0.778665181231419,NA
"894","CA",53,2020,"H0CA53255","Stoddard, Chris","202005539","Republican",NA,NA
"895","CA",53,2020,"H0CA53263","Caballero, Jose","202005539","Democrat",-0.856988382794548,NA
"896","CA",53,2020,"H8CA49074","Jacobs, Sara","202005539","Democrat",-1.08427172836528,"J000305"
"897","CO",1,2018,"H6CO01141","DeGette, Diana","201806011","Democrat",-0.336444915631526,"D000197"
"898","CO",1,2018,"H8CO01154","Rao, Saira","201806011","Democrat",-1.16871373822658,NA
"899","CO",1,2018,"H8CO01162","Stockham, Charles","201806010","Republican",0.119816637124016,NA
"900","CO",1,2020,"H0CO02233","Bolling, Shane","202006010","Republican",NA,NA
"901","CO",1,2020,"H6CO01141","DeGette, Diana L.","202006011","Democrat",-0.328067617494198,"D000197"
"902","CO",1,2022,"H2CO01199","Neal Walia","202206011","Democrat",-0.990605545869381,NA
"903","CO",1,2022,"H2CO01215","Jennifer Qualteri","202206010","Republican",NA,NA
"904","CO",1,2022,"H6CO01141","Dianna Degette","202206011","Democrat",-0.274689191246512,"D000197"
"905","CO",2,2018,"H8CO02160","Neguse, Joe","201806021","Democrat",-1.37639911664025,"N000191"
"906","CO",2,2018,"H8CO02202","Williams, Mark","201806021","Democrat",-1.09327569130867,NA
"907","CO",2,2018,"H8CO02251","Yu, Peter","201806020","Republican",-0.193364311900773,NA
"908","CO",2,2020,"H0CO02225","Winn, Charlie","202006020","Republican",-0.329320410653284,NA
"909","CO",2,2020,"H8CO02160","Neguse, Joseph","202006021","Democrat",-1.09481759449947,"N000191"
"910","CO",2,2022,"H2CO02205","Marshall Dawson","202206020","Republican",0.444334484831436,NA
"911","CO",2,2022,"H8CO02160","Joe Neguse","202206021","Democrat",-1.10294431515485,"N000191"
"912","CO",3,2018,"H6CO03139","Tipton, Scott","201806030","Republican",0.718372779846994,"T000470"
"913","CO",3,2018,"H8CO03192","Bush, Diane Mitsch","201806031","Democrat",-1.00993749852397,NA
"914","CO",3,2018,"H8CO03218","Hanlon, Karl","201806031","Democrat",-0.676144912213645,NA
"915","CO",3,2018,"H8CO03242","Menconi, Arn","201806031","Democrat",-0.843417227700524,NA
"916","CO",3,2020,"H0CO03157","Iacino, James","202006031","Democrat",-1.13203949979054,NA
"917","CO",3,2020,"H0CO03165","Boebert, Lauren","202006030","Republican",NA,"B000825"
"918","CO",3,2020,"H6CO03139","Tipton, Scott R.","202006030","Republican",0.620951860895024,NA
"919","CO",3,2020,"H8CO03192","Bush, Diane Mitsch","202006031","Democrat",-1.00175436413669,NA
"920","CO",3,2022,"H0CO03165","Lauren Boebert","202206030","Republican",1.38275656954725,"B000825"
"921","CO",3,2022,"H2CO03245","Soledad Sandoval Tafoya","202206031","Democrat",-0.845966795921044,NA
"922","CO",3,2022,"H2CO03328","Don Coram","202206030","Republican",NA,NA
"923","CO",3,2022,"H2CO03344","Alex Walker","202206031","Democrat",-0.583298134623689,NA
"924","CO",3,2022,"H2CO03351","Adam Frisch","202206031","Democrat",-0.140245001844665,NA
"925","CO",4,2018,"H4CO04090","Buck, Ken","201806040","Republican",-0.286510203197694,"B001297"
"926","CO",4,2018,"H8CO04083","Kohne, Chase","201806041","Democrat",-0.189814555709042,NA
"927","CO",4,2018,"H8CO04091","McCormick, Karen","201806041","Democrat",-0.74658986116523,NA
"928","CO",4,2020,"H0CO04197","McCorkle, Ike","202006041","Democrat",-1.15658114522497,NA
"929","CO",4,2020,"H4CO04090","Buck, Ken","202006040","Republican",NA,"B001297"
"930","CO",4,2022,"H0CO04197","Ike McCorkle","202206041","Democrat",-1.05422214154729,NA
"931","CO",4,2022,"H2CO04151","Robert Lewis","202206040","Republican",NA,NA
"932","CO",4,2022,"H4CO04090","Ken Buck","202206040","Republican",0.736339309301801,"B001297"
"933","CO",5,2018,"H6CO05159","Lamborn, Doug","201806050","Republican",0.745802903101275,"L000564"
"934","CO",5,2018,"H8CO05114","Hill, Owen","201806050","Republican",0.663925250722875,NA
"935","CO",5,2018,"H8CO05130","Spaulding, Stephany","201806051","Democrat",-0.849703046127514,NA
"936","CO",5,2018,"H8CO05148","Glenn, Darryl","201806050","Republican",0.508311454740542,NA
"937","CO",5,2018,"H8CO05155","Rhea, Bill","201806050","Republican",-0.066902717380975,NA
"938","CO",5,2018,"H8CO05189","Stevens, Tyler","201806050","Republican",0.560245845613465,NA
"939","CO",5,2020,"H0CO05129","Freeland, Jillian","202006051","Democrat",-0.789173988254809,NA
"940","CO",5,2020,"H6CO05159","Lamborn, Doug","202006050","Republican",0.636022283561038,"L000564"
"941","CO",5,2022,"H0CO05152","Rebecca Keltie","202206050","Republican",1.3775372487432,NA
"942","CO",5,2022,"H2CO05141","David Torres","202206051","Democrat",-0.439319933647022,NA
"943","CO",5,2022,"H2CO05190","Michael C Colombe","202206051","Democrat",-0.852296457871447,NA
"944","CO",5,2022,"H2CO05216","Dave Williams","202206050","Republican",1.78243236143464,NA
"945","CO",5,2022,"H2CO05240","Andrew Heaton","202206050","Republican",0.421967104424931,NA
"946","CO",5,2022,"H6CO05159","Doug Lamborn","202206050","Republican",0.607225622280927,"L000564"
"947","CO",6,2018,"H8CO06138","Coffman, Mike","201806060","Republican",0.217274612677847,NA
"948","CO",6,2018,"H8CO06229","Crow, Jason","201806061","Democrat",-0.866827981308381,"C001121"
"949","CO",6,2018,"H8CO06245","Tillemann, Levi","201806061","Democrat",-0.643857976653815,NA
"950","CO",6,2020,"H0CO06119","House, Steve","202006060","Republican",1.00126508298156,NA
"951","CO",6,2020,"H8CO06229","Crow, Jason","202006061","Democrat",-0.959209767407694,"C001121"
"952","CO",6,2022,"H2CO06214","Steven Monahan","202206060","Republican",NA,NA
"953","CO",6,2022,"H8CO06229","Jason Crow","202206061","Democrat",-0.835150751990357,"C001121"
"954","CO",7,2018,"H6CO07023","Perlmutter, Ed","201806071","Democrat",-0.519786790948125,"P000593"
"955","CO",7,2018,"H8CO07094","Barrington, Mark","201806070","Republican",NA,NA
"956","CO",7,2020,"H0CO06101","Stockham, Charles","202006070","Republican",0.957747485400332,NA
"957","CO",7,2020,"H6CO07023","Perlmutter, Ed","202006071","Democrat",-0.529703439194731,"P000593"
"958","CO",7,2022,"H2CO07162","Laurel Imer","202206070","Republican",0.94507749485548,NA
"959","CO",7,2022,"H2CO07170","Erik Aadland","202206070","Republican",0.862476622041811,NA
"960","CO",7,2022,"H2CO07204","Tim Reichert","202206070","Republican",0.211494476439035,NA
"961","CO",7,2022,"H8CO07045","Brittany Pettersen","202206071","Democrat",NA,"P000620"
"962","CO",8,2022,"H2CO08020","Yadira Caraveo","202206081","Democrat",NA,"C001134"
"963","CO",8,2022,"H2CO08061","Lori A. Saine","202206080","Republican",1.26066232400097,NA
"964","CO",8,2022,"H2CO08079","Barbara Kirkmeyer","202206080","Republican",1.20780541949825,NA
"965","CO",8,2022,"H2CO08095","Jan Kulmann","202206080","Republican",NA,NA
"966","CO",8,2022,"H2CO08103","Tyler Allcorn","202206080","Republican",1.0299252274109,NA
"967","CT",1,2018,"H8CT01046","Larson, John","201807011","Democrat",-0.399281761142307,"L000557"
"968","CT",1,2018,"H8CT01145","Nye, Jennifer","201807010","Republican",NA,NA
"969","CT",1,2020,"H0CT01126","Fay, Mary","202007010","Republican",NA,NA
"970","CT",1,2020,"H0CT01134","Griffin, Jim Leonard","202007010","Republican",NA,NA
"971","CT",1,2020,"H8CT01046","Larson, John B.","202007011","Democrat",-0.215874047534564,"L000557"
"972","CT",1,2022,"H2CT01213","Larry Lazor","202207010","Republican",0.00624833770444796,NA
"973","CT",1,2022,"H8CT01046","John Larson","202207011","Democrat",-0.848423023948058,"L000557"
"974","CT",2,2018,"H2CT02112","Courtney, Joe","201807021","Democrat",-0.327089476107838,"C001069"
"975","CT",2,2018,"H8CT02101","Postemski, Dan","201807020","Republican",NA,NA
"976","CT",2,2020,"H0CT02199","Gilmer, Thomas M.","202007020","Republican",0.309064495851553,NA
"977","CT",2,2020,"H0CT02207","Anderson, Justin","202007020","Republican",0.0049147957244026,NA
"978","CT",2,2020,"H2CT02112","Courtney, Joe","202007021","Democrat",NA,"C001069"
"979","CT",2,2022,"H2CT02112","Joe Courtney","202207021","Democrat",-1.10069856251106,"C001069"
"980","CT",2,2022,"H2CT02161","Mike France","202207020","Republican",NA,NA
"981","CT",3,2018,"H0CT03072","DeLauro, Rosa","201807031","Democrat",-0.748068298106585,"D000216"
"982","CT",3,2018,"H6CT03145","Cadena, Angel","201807030","Republican",NA,NA
"983","CT",3,2020,"H0CT03072","DeLauro, Rosa L.","202007031","Democrat",-1.00482005108443,"D000216"
"984","CT",3,2020,"H0CT03155","Streicker, Margaret","202007030","Republican",-0.0046171744444965,NA
"985","CT",3,2022,"H0CT03072","Rosa DeLauro","202207031","Democrat",-1.04698287928886,"D000216"
"986","CT",3,2022,"H2CT03110","Lesley DeNardis","202207030","Republican",0.846793170838179,NA
"987","CT",4,2018,"H8CT04172","Himes, Jim","201807041","Democrat",-0.832157080284375,"H001047"
"988","CT",4,2018,"H8CT04214","Arora, Harry","201807040","Republican",-0.173292362189569,NA
"989","CT",4,2020,"H0CT04195","Riddle, Jonathan","202007040","Republican",0.158007137993266,NA
"990","CT",4,2020,"H8CT04172","Himes, Jim","202007041","Democrat",-0.906905404532951,"H001047"
"991","CT",4,2022,"H0CT04229","Michael Goldstein","202207040","Republican",1.03389394760418,NA
"992","CT",4,2022,"H2CT04134","Jayme Stevenson","202207040","Republican",0.0627008302818961,NA
"993","CT",4,2022,"H8CT04172","Jim Himes","202207041","Democrat",-0.812247844163547,"H001047"
"994","CT",5,2018,"H8CT05187","Santos, Manny","201807050","Republican",0.717160282124899,NA
"995","CT",5,2018,"H8CT05195","Glassman, Mary","201807051","Democrat",-0.709452275667903,NA
"996","CT",5,2018,"H8CT05229","DuPont, Rich","201807050","Republican",0.180076007408487,NA
"997","CT",5,2018,"H8CT05237","O'Neill, Ruby","201807050","Republican",NA,NA
"998","CT",5,2018,"H8CT05245","Hayes, Jahana","201807051","Democrat",-1.06073049782941,"H001081"
"999","CT",5,2020,"H0CT05200","Sullivan, David Xavier","202007050","Republican",0.261313265611933,NA
"1000","CT",5,2020,"H8CT05245","Hayes, Jahana","202007051","Democrat",-1.23054927633617,"H001081"
"1001","CT",5,2022,"H2CT05222","George Logan","202207050","Republican",0.710594989325782,NA
"1002","CT",5,2022,"H8CT05245","Jahana Hayes","202207051","Democrat",-1.18623369106457,"H001081"
"1003","DE",1,2018,"H6DE00206","Blunt Rochester, Lisa","201808011","Democrat",NA,"B001303"
"1004","DE",1,2018,"H6DE00214","Walker, Scott","201808010","Republican",NA,NA
"1005","DE",1,2018,"H8DE01044","Murphy, Lee","201808010","Republican",0.151739296334512,NA
"1006","DE",1,2020,"H0DE01066","Morris, Matthew Michael Hathaway","202008010","Republican",NA,NA
"1007","DE",1,2020,"H6DE00206","Rochester, Lisa Blunt","202008011","Democrat",NA,"B001303"
"1008","DE",1,2020,"H8DE01044","Murphy, Lee H.","202008010","Republican",NA,NA
"1009","DE",1,2022,"H6DE00206","Lisa Blunt Rochester","202208011","Democrat",NA,"B001303"
"1010","DE",1,2022,"H8DE01044","Lee Murphy","202208010","Republican",0.696310607312356,NA
"1011","FL",1,2018,"H6FL01119","Gaetz, Matt","201809010","Republican",1.23887421617076,"G000578"
"1012","FL",1,2018,"H6FL01143","Mills, John","201809010","Republican",1.69914425618205,NA
"1013","FL",1,2018,"H6FL01168","Dosev, Cris","201809010","Republican",1.11497493180495,NA
"1014","FL",1,2018,"H8FL01107","Ehr, Phil","201809011","Democrat",-0.881712942681218,NA
"1015","FL",1,2018,"H8FL01115","Zimmerman, Jennifer","201809011","Democrat",-0.367806731615089,NA
"1016","FL",1,2020,"H0FL01146","Merk, Gregory Charles","202009010","Republican",1.31199810335467,NA
"1017","FL",1,2020,"H6FL01119","Gaetz, Matt","202009010","Republican",0.341243822178422,"G000578"
"1018","FL",1,2020,"H6FL01143","Mills, John","202009010","Republican",1.87053273233567,NA
"1019","FL",1,2020,"H8FL01107","Ehr, Phil","202009011","Democrat",-0.810624952310812,NA
"1020","FL",1,2022,"H0FL01146","Greg Merk","202209010","Republican",1.02094003059738,NA
"1021","FL",1,2022,"H2FL01233","Rebekah Jones","202209011","Democrat",NA,NA
"1022","FL",1,2022,"H2FL01258","Peggy Schiller","202209011","Democrat",-0.535988280562852,NA
"1023","FL",1,2022,"H2FL01282","Mark Lombardo","202209010","Republican",1.1500142330366,NA
"1024","FL",1,2022,"H6FL01119","Matt Gaetz","202209010","Republican",0.888091933514615,"G000578"
"1025","FL",2,2018,"H6FL02208","Dunn, Neal","201809020","Republican",1.88878208681195,"D000628"
"1026","FL",2,2018,"H8FL02097","Rackleff, Bob","201809021","Democrat",-0.210344104145057,NA
"1027","FL",2,2018,"H8FL02105","Peters, Brandon","201809021","Democrat",0.00119608940979086,NA
"1028","FL",2,2020,"H6FL02208","Neal Dunn","202009020","Republican",1.42906260362065,"D000628"
"1029","FL",2,2022,"H0FL02086","Al Lawson","202209021","Democrat",-0.520731970568312,NA
"1030","FL",2,2022,"H6FL02208","Neal Dunn","202209020","Republican",1.85364709435164,"D000628"
"1031","FL",3,2018,"H2FL06109","Yoho, Ted","201809030","Republican",0.940213553883384,"Y000065"
"1032","FL",3,2018,"H8FL03020","Wells, Tom","201809031","Democrat",-0.557787565093111,NA
"1033","FL",3,2018,"H8FL03038","Hinson, Yvonne","201809031","Democrat",-1.52004284093939,NA
"1034","FL",3,2018,"H8FL03046","Sapp, Judson","201809030","Republican",1.53191321901517,NA
"1035","FL",3,2018,"H8FL03053","Gosai, Dushyant","201809031","Democrat",-0.38765295054442,NA
"1036","FL",3,2020,"H0FL03159","Wells, Amy Pope","202009030","Republican",NA,NA
"1037","FL",3,2020,"H0FL03175","Cammack, Kat","202009030","Republican",1.18236483047105,"C001039"
"1038","FL",3,2020,"H0FL03183","Christensen, Adam","202009031","Democrat",-0.956107571742757,NA
"1039","FL",3,2020,"H0FL03191","Rollins, Gavin","202009030","Republican",1.02867929586522,NA
"1040","FL",3,2020,"H0FL03209","St. George, James","202009030","Republican",1.55971772941931,NA
"1041","FL",3,2020,"H0FL03233","Chamberlin, Ryan","202009030","Republican",NA,NA
"1042","FL",3,2020,"H0FL03241","Chase, Todd","202009030","Republican",1.07769261620455,NA
"1043","FL",3,2020,"H0FL03258","Engelbrecht, Charles William","202009030","Republican",1.06409580251945,NA
"1044","FL",3,2020,"H0FL03266","Theus, David","202009030","Republican",NA,NA
"1045","FL",3,2020,"H0FL03282","Millado, Joe Dallas","202009030","Republican",0.809950467617482,NA
"1046","FL",3,2020,"H2FL03130","Dodds, Philip","202009031","Democrat",-0.551837031586397,NA
"1047","FL",3,2020,"H8FL03020","Wells, Tom","202009031","Democrat",-0.808858250278219,NA
"1048","FL",3,2020,"H8FL03046","Sapp, Judson","202009030","Republican",1.97415452922341,NA
"1049","FL",3,2022,"H0FL03175","Kat Cammack","202209030","Republican",NA,"C001039"
"1050","FL",3,2022,"H2FL03163","Danielle Hawk","202209031","Democrat",-1.12607372221044,NA
"1051","FL",3,2022,"H2FL03189","Justin Waters","202209030","Republican",0.680854158043861,NA
"1052","FL",3,2022,"H8FL03020","Tom Wells","202209031","Democrat",-0.836988917409255,NA
"1053","FL",4,2018,"H6FL04105","Rutherford, John","201809040","Republican",0.52063301145728,"R000609"
"1054","FL",4,2018,"H8FL04085","Selmont, Ges","201809041","Democrat",-0.607382509569088,NA
"1055","FL",4,2020,"H0FL04140","Aguilar, Erick Javier","202009040","Republican",0.17232199535893,NA
"1056","FL",4,2020,"H0FL04157","Deegan, Donna","202009041","Democrat",-0.68170445806695,NA
"1057","FL",4,2020,"H6FL04105","Rutherford, John","202009040","Republican",-0.189097236915681,"R000609"
"1058","FL",4,2022,"H0FL04140","Erick Aguilar","202209040","Republican",0.141472152824624,NA
"1059","FL",4,2022,"H2FL04195","Tony Hill","202209041","Democrat",NA,NA
"1060","FL",4,2022,"H2FL04211","Aaron Bean","202209040","Republican",NA,"B001314"
"1061","FL",4,2022,"H2FL05200","Jon Chuba","202209040","Republican",0.351315344944419,NA
"1062","FL",4,2022,"H6FL05193","LaShonda Holloway","202209041","Democrat",NA,NA
"1063","FL",5,2018,"H0FL02086","Lawson, Al","201809051","Democrat",-0.366251918126073,"L000586"
"1064","FL",5,2018,"H8FL05140","Brown, Alvin","201809051","Democrat",-0.25935875266395,NA
"1065","FL",5,2018,"H8FL05157","Fuller, Virginia","201809050","Republican",0.611988611355049,NA
"1066","FL",5,2020,"H0FL02086","Lawson, Al","202009051","Democrat",-1.21218192421945,"L000586"
"1067","FL",5,2020,"H0FL05147","Chester, Albert II","202009051","Democrat",-1.1450791275421,NA
"1068","FL",5,2020,"H0FL05170","Adler, Gary","202009050","Republican",0.281040695530742,NA
"1069","FL",5,2020,"H0FL05188","Wagoner, Roger","202009050","Republican",0.742634381292721,NA
"1070","FL",5,2020,"H6FL05193","Holloway, LaShonda","202009051","Democrat",-1.00087647592864,NA
"1071","FL",5,2022,"H2FL04146","Luna Lopez","202209050","Republican",1.04594040087634,NA
"1072","FL",5,2022,"H2FL04203","Mara Macie","202209050","Republican",0.988674513432699,NA
"1073","FL",5,2022,"H6FL04105","John Rutherford","202209050","Republican",-0.373138299140335,"R000609"
"1074","FL",6,2018,"H6FL06183","Costello, Fred","201809060","Republican",NA,NA
"1075","FL",6,2018,"H8FL06098","Soderberg, Nancy","201809061","Democrat",-0.96429179063999,NA
"1076","FL",6,2018,"H8FL06122","Ward, John","201809060","Republican",0.576506715380982,NA
"1077","FL",6,2018,"H8FL06130","Upchurch, John","201809061","Democrat",-1.03127950397505,NA
"1078","FL",6,2018,"H8FL06148","Waltz, Michael","201809060","Republican",0.979768740793296,"W000823"
"1079","FL",6,2018,"H8FL06155","Sevigny, Stephen","201809061","Democrat",-0.506163245805809,NA
"1080","FL",6,2020,"H0FL06103","Curtis, Clint","202009061","Democrat",-0.0680221548573305,NA
"1081","FL",6,2020,"H0FL06111","Thripp, Richard","202009061","Democrat",-0.920961670236451,NA
"1082","FL",6,2020,"H8FL06148","Waltz, Michael","202009060","Republican",0.444832675895953,"W000823"
"1083","FL",6,2022,"H2FL06190","Charlie Davis","202209060","Republican",0.908435777090932,NA
"1084","FL",6,2022,"H8FL06148","Mike Waltz","202209060","Republican",0.391230801105288,"W000823"
"1085","FL",7,2018,"H6FL07140","Murphy, Stephanie","201809071","Democrat",-0.312798987622818,"M001202"
"1086","FL",7,2018,"H8FL07054","Richardson, Chardo","201809071","Democrat",-0.702563240160593,NA
"1087","FL",7,2018,"H8FL07062","Miller, Mike","201809070","Republican",NA,NA
"1088","FL",7,2018,"H8FL07070","Sturgill, Scott","201809070","Republican",0.654354379086874,NA
"1089","FL",7,2018,"H8FL07088","Francois, Vennia","201809070","Republican",0.535774418030734,NA
"1090","FL",7,2020,"H0FL07135","Goble, Richard","202009070","Republican",0.617213455962579,NA
"1091","FL",7,2020,"H0FL07143","Valentin, Leo","202009070","Republican",0.574040942674751,NA
"1092","FL",7,2020,"H0FL07150","Zhao, Yukong","202009070","Republican",0.218755644793075,NA
"1093","FL",7,2020,"H6FL07140","Murphy, Stephanie","202009071","Democrat",-0.242406091442154,"M001202"
"1094","FL",7,2022,"H2FL07156","Cory Mills","202209070","Republican",NA,"M001216"
"1095","FL",7,2022,"H2FL07164","Brady Duke","202209070","Republican",NA,NA
"1096","FL",7,2022,"H2FL07180","Erika Benfield","202209070","Republican",1.85714833960177,NA
"1097","FL",7,2022,"H2FL07214","Scott Sturgill","202209070","Republican",NA,NA
"1098","FL",7,2022,"H2FL07230","Allek Pastrana","202209071","Democrat",-0.704442156232663,NA
"1099","FL",7,2022,"H2FL07255","Al Krulick","202209071","Democrat",-0.465170464247013,NA
"1100","FL",7,2022,"H2FL07263","Rusty Roberts","202209070","Republican",0.612343080175539,NA
"1101","FL",7,2022,"H2FL07271","Al Santos","202209070","Republican",1.00763266576437,NA
"1102","FL",7,2022,"H2FL07289","Tatiana Fernandez","202209071","Democrat",NA,NA
"1103","FL",7,2022,"H2FL07297","Ted Edwards","202209070","Republican",0.725889744832111,NA
"1104","FL",7,2022,"H2FL08139","Karen Green","202209071","Democrat",-0.784121278300791,NA
"1105","FL",7,2022,"H2FL11117","Anthony Sabatini","202209070","Republican",NA,NA
"1106","FL",8,2018,"H8FL08102","Patel, Sanjay","201809081","Democrat",-0.998973622487808,NA
"1107","FL",8,2018,"H8FL15107","Posey, Bill","201809080","Republican",0.494177095806776,"P000599"
"1108","FL",8,2020,"H0FL08224","Kennedy, Jim","202009081","Democrat",-0.0211301916670858,NA
"1109","FL",8,2020,"H0FL08265","Caine, Scott","202009080","Republican",0.816486829090451,NA
"1110","FL",8,2020,"H8FL15107","Posey, Bill","202009080","Republican",0.666308194038618,"P000599"
"1111","FL",8,2022,"H2FL08105","Joanne Terry","202209081","Democrat",-0.783874993121992,NA
"1112","FL",8,2022,"H2FL08121","Danelle Dodge","202209081","Democrat",-0.917901286485802,NA
"1113","FL",8,2022,"H8FL15107","Bill Posey","202209080","Republican",0.628748459417824,"P000599"
"1114","FL",9,2018,"H6FL08213","Grayson, Alan","201809091","Democrat",-0.756587679794074,NA
"1115","FL",9,2018,"H6FL09179","Soto, Darren","201809091","Democrat",-0.709471799691295,"S001200"
"1116","FL",9,2018,"H6FL09195","Liebnitzky, Wayne","201809090","Republican",-0.06446528843767,NA
"1117","FL",9,2020,"H0FL09073","Ortiz, Sergio E.","202009090","Republican",NA,NA
"1118","FL",9,2020,"H0FL09081","Olson, William P.","202009090","Republican",1.5776766149755,NA
"1119","FL",9,2020,"H0FL09115","Castillo, Jose Alfredo","202009090","Republican",0.76960449873366,NA
"1120","FL",9,2020,"H0FL09131","Wright, Christopher Robert","202009090","Republican",0.72917421181555,NA
"1121","FL",9,2020,"H6FL09179","Soto, Darren","202009091","Democrat",-0.735975049262941,"S001200"
"1122","FL",9,2022,"H0FL09073","Sergio Ortiz","202209090","Republican",1.1214405392344,NA
"1123","FL",9,2022,"H0FL09115","Jose Castillo","202209090","Republican",1.28313635845742,NA
"1124","FL",9,2022,"H2FL09228","Scotty Moore","202209090","Republican",1.22299731327037,NA
"1125","FL",9,2022,"H2FL09277","Adianis Morales","202209090","Republican",1.17377635289002,NA
"1126","FL",9,2022,"H6FL09179","Darren Soto","202209091","Democrat",-0.794996117352677,"S001200"
"1127","FL",10,2018,"H2FL08063","Demings, Val","201809101","Democrat",-0.9891530384753,"D000627"
"1128","FL",10,2018,"H8FL10066","Darius, Wade","201809101","Democrat",NA,NA
"1129","FL",10,2020,"H0FL10113","Montague, Willie","202009100","Republican",1.35126668783717,NA
"1130","FL",10,2020,"H2FL08063","Demings, Val B.","202009101","Democrat",NA,"D000627"
"1131","FL",10,2020,"H8FL07088","Francois, Vennia","202009100","Republican",0.782935960074554,NA
"1132","FL",10,2022,"H0FL10113","Willie Montague","202209100","Republican",NA,NA
"1133","FL",10,2022,"H0FL20112","Lateresa Jones","202209100","Republican",NA,NA
"1134","FL",10,2022,"H2FL07198","Tuan Le","202209100","Republican",0.096404517240556,NA
"1135","FL",10,2022,"H2FL10184","Natalie Jackson","202209101","Democrat",-0.859248022050263,NA
"1136","FL",10,2022,"H2FL10200","Randolph Bracy","202209101","Democrat",NA,NA
"1137","FL",10,2022,"H2FL10218","Jack Achenbach","202209101","Democrat",-0.322307731833961,NA
"1138","FL",10,2022,"H2FL10226","Terence Gray","202209101","Democrat",NA,NA
"1139","FL",10,2022,"H2FL10234","Teresa Tachon","202209101","Democrat",-1.02901028088808,NA
"1140","FL",10,2022,"H2FL10259","Maxwell Frost","202209101","Democrat",-1.0257940274181,"F000476"
"1141","FL",10,2022,"H2FL10283","Calvin Wimbish","202209100","Republican",0.959597456704243,NA
"1142","FL",10,2022,"H2FL10309","Jeff Boone","202209101","Democrat",-0.61752613580291,NA
"1143","FL",10,2022,"H2FL10317","Peter Weed","202209100","Republican",1.27683716905798,NA
"1144","FL",10,2022,"H2FL10333","Thuy Lowe","202209100","Republican",NA,NA
"1145","FL",10,2022,"H2FL10358","Corrine Brown","202209101","Democrat",NA,NA
"1146","FL",10,2022,"H6FL08213","Alan Grayson","202209101","Democrat",-0.809458082364881,NA
"1147","FL",10,2022,NA,"Khalid Muneer","202209101","Democrat",0.270087220093246,NA
"1148","FL",11,2018,"H0FL08208","Webster, Daniel","201809110","Republican",NA,"W000806"
"1149","FL",11,2018,"H8FL11130","Cottrell, Dana","201809111","Democrat",-0.717594082347564,NA
"1150","FL",11,2020,"H0FL08208","Webster, Daniel A.","202009110","Republican",NA,"W000806"
"1151","FL",11,2020,"H8FL11130","Cottrell, Dana","202009111","Democrat",-0.293128326143779,NA
"1152","FL",11,2022,"H0FL08208","Dan Webster","202209110","Republican",NA,"W000806"
"1153","FL",11,2022,"H0FL21078","Laura Loomer","202209110","Republican",NA,NA
"1154","FL",11,2022,"H2FL11125","Gavriel Soriano","202209110","Republican",0.563666191624213,NA
"1155","FL",11,2022,"H2FL11174","Shante Munns","202209111","Democrat",-0.827991563761858,NA
"1156","FL",12,2018,"H6FL09070","Bilirakis, Gus","201809120","Republican",0.312378143249713,"B001257"
"1157","FL",12,2018,"H6FL12181","Tager, Robert","201809121","Democrat",-0.528570097649868,NA
"1158","FL",12,2018,"H8FL12070","Perenich, Stephen","201809121","Democrat",-0.452550875451841,NA
"1159","FL",12,2018,"H8FL12088","Hunter, Chris","201809121","Democrat",-0.556896256456482,NA
"1160","FL",12,2020,"H6FL09070","Bilirakis, Gus Michael","202009120","Republican",0.25504932275442,"B001257"
"1161","FL",12,2020,"H6FL13197","Walker, Kimberly H.","202009121","Democrat",-0.905596320044248,NA
"1162","FL",12,2022,"H2FL12099","Brian Perras","202209120","Republican",0.781100167907168,NA
"1163","FL",12,2022,"H2FL12107","Sid Preskitt","202209120","Republican",NA,NA
"1164","FL",12,2022,"H2FL12131","Chris Leiser","202209120","Republican",0.592889406111141,NA
"1165","FL",12,2022,"H6FL09070","Gus Bilirakis","202209120","Republican",0.704146178235254,"B001257"
"1166","FL",12,2022,"H6FL11217","Jack Martin","202209120","Republican",0.793678492776177,NA
"1167","FL",12,2022,"H6FL13197","Kim Walker","202209121","Democrat",-0.997541886031313,NA
"1168","FL",13,2018,"H6FL13205","Crist, Charlie","201809131","Democrat",NA,"C001111"
"1169","FL",13,2018,"H8FL13136","Buck, George","201809130","Republican",NA,NA
"1170","FL",13,2018,"H8FL13144","Sostack, Brad","201809130","Republican",NA,NA
"1171","FL",13,2020,"H0FL13125","Griffin, Sheila","202009130","Republican",0.244047750703979,NA
"1172","FL",13,2020,"H0FL13133","Makki, Amanda","202009130","Republican",NA,NA
"1173","FL",13,2020,"H0FL13158","Paulina Luna, Anna","202009130","Republican",0.890515762153645,NA
"1174","FL",13,2020,"H0FL13166","Newby, Sharon Barry","202009130","Republican",NA,NA
"1175","FL",13,2020,"H6FL13205","Crist, Charlie","202009131","Democrat",NA,"C001111"
"1176","FL",13,2020,"H8FL13136","Buck, George","202009130","Republican",0.961867415859033,NA
"1177","FL",13,2022,"H0FL13133","Amanda Makki","202209130","Republican",1.0379759020534,NA
"1178","FL",13,2022,"H0FL13158","Anna Luna","202209130","Republican",0.590510737471115,"L000596"
"1179","FL",13,2022,"H2FL13261","Moneer Kheireddine","202209130","Republican",NA,NA
"1180","FL",13,2022,"H2FL13287","Kevin Hayslett","202209130","Republican",1.4397534390908,NA
"1181","FL",13,2022,"H6FL13189","Eric Lynn","202209131","Democrat",-0.498159018071923,NA
"1182","FL",13,2022,"H6FL14112","Christine Quinn","202209130","Republican",0.871061715305127,NA
"1183","FL",14,2018,"H6FL11126","Castor, Kathy","201809141","Democrat",-0.806913852697867,"C001066"
"1184","FL",14,2020,"H0FL14131","Elliott, Paul Sidney","202009140","Republican",NA,NA
"1185","FL",14,2020,"H6FL11126","Castor, Kathy","202009141","Democrat",-0.914491790372652,"C001066"
"1186","FL",14,2020,"H6FL14112","Quinn, Christine","202009140","Republican",0.786490153219494,NA
"1187","FL",14,2022,"H2FL14269","Christopher Bradley","202209141","Democrat",-0.441788593164045,NA
"1188","FL",14,2022,"H2FL14277","James Judge","202209140","Republican",NA,NA
"1189","FL",14,2022,"H2FL14301","Sam Nashagh","202209140","Republican",0.335260030331511,NA
"1190","FL",14,2022,"H2FL15266","Jerry Torres","202209140","Republican",NA,NA
"1191","FL",14,2022,"H6FL11126","Kathy Castor","202209141","Democrat",-0.918892079666107,"C001066"
"1192","FL",15,2018,"H8FL15131","Pena, Ray","201809151","Democrat",-0.702289299095761,NA
"1193","FL",15,2018,"H8FL15180","Learned, Andrew","201809151","Democrat",-0.579347969156315,NA
"1194","FL",15,2018,"H8FL15214","Shoemaker, Ed","201809150","Republican",NA,NA
"1195","FL",15,2018,"H8FL15222","Combee, Neil","201809150","Republican",NA,NA
"1196","FL",15,2018,"H8FL15230","Spano, Ross","201809150","Republican",1.58665802523262,"S001210"
"1197","FL",15,2018,"H8FL15248","Kushmer, Danny","201809150","Republican",0.421462474712876,NA
"1198","FL",15,2018,"H8FL15263","Harper, Sean","201809150","Republican",0.916723960356527,NA
"1199","FL",15,2018,"H8FL15271","Carlson, Kristen","201809151","Democrat",-0.0970120534026644,NA
"1200","FL",15,2020,"H0FL15070","Philippe, Jesse","202009151","Democrat",-1.20998571007505,NA
"1201","FL",15,2020,"H0FL15088","Hattersley, Adam Roger","202009151","Democrat",-0.967457074094243,NA
"1202","FL",15,2020,"H0FL15104","Franklin, Scott","202009150","Republican",1.6841494367502,"F000472"
"1203","FL",15,2020,"H4FL15155","Cohn, Alan Michael","202009151","Democrat",-1.36038167555832,NA
"1204","FL",15,2020,"H8FL15230","Spano, Ross","202009150","Republican",1.14119060863443,NA
"1205","FL",15,2022,"H2FL07206","Kevin McGovern","202209150","Republican",1.13915147189198,NA
"1206","FL",15,2022,"H2FL12073","Bill VanHorn","202209151","Democrat",-0.556526030648299,NA
"1207","FL",15,2022,"H2FL15100","Eddie Geller","202209151","Democrat",-1.05920758548543,NA
"1208","FL",15,2022,"H2FL15191","Jackie Toledo","202209150","Republican",1.1216695736739,NA
"1209","FL",15,2022,"H2FL15225","Gavin Brown","202209151","Democrat",-1.55094739396613,NA
"1210","FL",15,2022,"H2FL15233","Kelli Stargel","202209150","Republican",1.07193762471489,NA
"1211","FL",15,2022,"H2FL15241","Laurel Lee","202209150","Republican",1.54592649885568,"L000597"
"1212","FL",15,2022,"H2FL15258","Cesar Ramirez","202209151","Democrat",-0.859728083283609,NA
"1213","FL",15,2022,"H4FL15155","Alan Cohn","202209151","Democrat",-0.0791484336216238,NA
"1214","FL",15,2022,"H8FL26054","Demetries Grimes","202209150","Republican",0.864753005966457,NA
"1215","FL",16,2018,"H2FL13139","Schneider, Jan","201809161","Democrat",-0.62168132133546,NA
"1216","FL",16,2018,"H6FL13148","Buchanan, Vern","201809160","Republican",0.27939710613995,"B001260"
"1217","FL",16,2018,"H8FL16055","Shapiro, David","201809161","Democrat",-0.448076022963312,NA
"1218","FL",16,2020,"H0FL16094","Good, Margaret Elizabeth Rowell","202009161","Democrat",NA,NA
"1219","FL",16,2020,"H6FL13148","Buchanan, Vern","202009160","Republican",0.331914727314257,"B001260"
"1220","FL",16,2022,"H2FL13139","Jan Schneider","202209161","Democrat",-0.681998260541826,NA
"1221","FL",16,2022,"H2FL16108","Martin Hyde","202209160","Republican",1.02205997863057,NA
"1222","FL",16,2022,"H6FL13148","Vern Buchanan","202209160","Republican",0.334579013894126,"B001260"
"1223","FL",17,2018,"H4FL19058","Freeman, April","201809171","Democrat",-0.487303233424884,NA
"1224","FL",17,2018,"H8FL17020","Pollard, Bill","201809171","Democrat",NA,NA
"1225","FL",17,2018,"H8FL17038","Akins, Bill","201809170","Republican",0.807352602385656,NA
"1226","FL",17,2018,"H8FL17046","Gonzalez, Julio","201809170","Republican",0.742792083198446,NA
"1227","FL",17,2018,"H8FL17053","Steube, Greg","201809170","Republican",0.93436487925568,"S001214"
"1228","FL",17,2020,"H0FL17159","Ellison, Allen","202009171","Democrat",-0.818552236608708,NA
"1229","FL",17,2020,"H8FL17053","Steube, GregÊ","202009170","Republican",0.906371726243099,"S001214"
"1230","FL",17,2022,"H2FL17106","Andrea Kale","202209171","Democrat",-0.0638191777040867,NA
"1231","FL",17,2022,"H8FL17053","Greg Steube","202209170","Republican",0.574784296102923,"S001214"
"1232","FL",18,2018,"H6FL18097","Mast, Brian","201809180","Republican",0.688981339673124,"M001199"
"1233","FL",18,2018,"H6FL22081","Freeman, Mark","201809180","Republican",0.676518816886299,NA
"1234","FL",18,2018,"H8FL18010","Keith, Pam","201809181","Democrat",-0.494230630265219,NA
"1235","FL",18,2018,"H8FL18028","Baer, Lauren","201809181","Democrat",-0.649961791112041,NA
"1236","FL",18,2018,"H8FL18036","Cummings, Dave","201809180","Republican",0.533115449448948,NA
"1237","FL",18,2020,"H0FL18181","Vessio, Nicholas P.","202009180","Republican",NA,NA
"1238","FL",18,2020,"H0FL18199","Vazquez, Osvaldo","202009181","Democrat",-0.797451565509564,NA
"1239","FL",18,2020,"H0FL18207","Keith, Pamela","202009181","Democrat",-0.437829167638715,NA
"1240","FL",18,2020,"H6FL18097","Mast, Brian","202009180","Republican",0.764220433274412,"M001199"
"1241","FL",18,2022,"H0FL15104","Scott Franklin","202209180","Republican",1.2670153527939,"F000472"
"1242","FL",18,2022,"H2FL09152","Kenny Hartpence","202209180","Republican",1.37010232838078,NA
"1243","FL",18,2022,"H2FL15134","Jennifer Raybon","202209180","Republican",1.56052407368809,NA
"1244","FL",18,2022,"H2FL15159","Wendy Schmeling","202209180","Republican",NA,NA
"1245","FL",18,2022,"H2FL18112","Eddie Tarazona","202209180","Republican",1.07905187314398,NA
"1246","FL",19,2018,"H6FL19087","Rooney, Francis","201809190","Republican",0.577142115594916,"R000607"
"1247","FL",19,2018,"H8FL19067","Holden, David","201809191","Democrat",-0.50103456753293,NA
"1248","FL",19,2018,"H8FL19075","Truax, Todd","201809191","Democrat",-0.422132185707141,NA
"1249","FL",19,2020,"H0FL19106","Banyai, Cindy Lyn","202009191","Democrat",-1.04862954311709,NA
"1250","FL",19,2020,"H0FL19114","Figlesthaler, William","202009190","Republican",1.57779268282137,NA
"1251","FL",19,2020,"H0FL19122","Eagle, Dane","202009190","Republican",1.35530695431963,NA
"1252","FL",19,2020,"H0FL19130","Severson, Dan Mark","202009190","Republican",1.02500832427674,NA
"1253","FL",19,2020,"H0FL19155","Holden, David","202009191","Democrat",-0.689935203955333,NA
"1254","FL",19,2020,"H0FL19163","Aquino, Darren Dione","202009190","Republican",0.551012696697513,NA
"1255","FL",19,2020,"H0FL19189","Henderson, Randy","202009190","Republican",1.43857769703303,NA
"1256","FL",19,2020,"H0FL19213","McLaughlin, Christy","202009190","Republican",0.476348792899276,NA
"1257","FL",19,2020,"H0FL19221","Askar, Casey","202009190","Republican",1.26540316473333,NA
"1258","FL",19,2020,"H0FL19247","Kowal, Daniel","202009190","Republican",1.50251011419776,NA
"1259","FL",19,2020,"H2FL14186","Donalds, Byron","202009190","Republican",1.34647414588351,"D000032"
"1260","FL",19,2022,"H0FL19106","Cindy Banyai","202209191","Democrat",-0.932992004458745,NA
"1261","FL",19,2022,"H2FL14186","Byron Donalds","202209190","Republican",1.18103795059875,"D000032"
"1262","FL",19,2022,"H2FL19110","Jim Huff","202209190","Republican",0.957921101226687,NA
"1263","FL",20,2018,"H2FL23021","Hastings, Alcee","201809201","Democrat",-0.650194700741048,"H000324"
"1264","FL",20,2018,"H8FL20032","Cherfilus-McCormick, Sheila","201809201","Democrat",-1.15426591600964,NA
"1265","FL",20,2020,"H0FL20120","Musselwhite, Greg","202009200","Republican",0.180917550688722,NA
"1266","FL",20,2020,"H0FL20153","DeGrammont, Vic","202009200","Republican",0.22652310100551,NA
"1267","FL",20,2020,"H2FL23021","Hastings, Alcee L.","202009201","Democrat",-0.643965513538239,"H000324"
"1268","FL",20,2020,"H8FL20032","Cherfilus-McCormick, Sheila","202009201","Democrat",-0.815968636569541,NA
"1269","FL",20,2022,"H2FL20159","Dale Holness","202209201","Democrat",-0.419575343854603,NA
"1270","FL",20,2022,"H2FL20340","Anika Omphroy","202209201","Democrat",-1.09746370708892,NA
"1271","FL",20,2022,"H2FL25083","Drew Montez Clark","202209200","Republican",1.15133298745361,NA
"1272","FL",20,2022,"H8FL20032","Sheila Cherfilus-McCormick","202209201","Democrat",-0.830627090784403,"C001127"
"1273","FL",21,2018,"H2FL14053","Frankel, Lois","201809211","Democrat",-0.827815209119673,"F000462"
"1274","FL",21,2020,"H0FL21037","Acosta, Christian F.","202009210","Republican",NA,NA
"1275","FL",21,2020,"H0FL21060","Scanlan, Aaron","202009210","Republican",0.495512660903552,NA
"1276","FL",21,2020,"H0FL21078","Loomer, Laura","202009210","Republican",NA,NA
"1277","FL",21,2020,"H0FL21086","Vilardi, Michael","202009210","Republican",0.333900082983333,NA
"1278","FL",21,2020,"H0FL21094","Felton, Elizabeth","202009210","Republican",0.234541004590289,NA
"1279","FL",21,2020,"H0FL21110","Sherrill, Reba","202009210","Republican",0.17666637665496,NA
"1280","FL",21,2020,"H0FL21144","Weiss, Guido","202009211","Democrat",-0.932579729601671,NA
"1281","FL",21,2020,"H2FL14053","Frankel, Lois","202009211","Democrat",-0.980175144077888,"F000462"
"1282","FL",21,2022,"H2FL18088","Melissa Martz","202209210","Republican",0.825827571033382,NA
"1283","FL",21,2022,"H2FL18096","Corinna Robinson","202209211","Democrat",-0.426131090621994,NA
"1284","FL",21,2022,"H2FL21082","Jeff Buongiorno","202209210","Republican",0.630535679153817,NA
"1285","FL",21,2022,"H2FL21116","Ljubo Skrbic","202209210","Republican",-0.587053335131143,NA
"1286","FL",21,2022,"H6FL18097","Brian Mast","202209210","Republican",0.504555959726274,"M001199"
"1287","FL",22,2018,"H0FL19080","Deutch, Ted","201809221","Democrat",-0.320018140930427,"D000610"
"1288","FL",22,2018,"H8FL22061","Kimaz, Nicolas","201809220","Republican",0.69590483639296,NA
"1289","FL",22,2018,"H8FL22079","Manjarres, Javi","201809220","Republican",1.12745796959055,NA
"1290","FL",22,2018,"H8FL22087","Fandl, Jeff","201809221","Democrat",-0.893628794660853,NA
"1291","FL",22,2018,"H8FL22095","Walters, Eddison","201809220","Republican",0.477297089381324,NA
"1292","FL",22,2020,"H0FL19080","Ted Deutch","202009221","Democrat",-0.43661589258353,"D000610"
"1293","FL",22,2020,"H0FL22084","Melton, Jessica","202009220","Republican",0.710210267660906,NA
"1294","FL",22,2020,"H0FL22100","Swaffar, Darlene","202009220","Republican",NA,NA
"1295","FL",22,2020,"H0FL22118","Pruden, James","202009220","Republican",0.590324411573866,NA
"1296","FL",22,2020,"H0FL22159","Flynn, Frances","202009220","Republican",1.61671362297776,NA
"1297","FL",22,2022,"H2FL14053","Lois Frankel","202209221","Democrat",-0.871620838646595,"F000462"
"1298","FL",22,2022,"H2FL21090","Rod Dorilas","202209220","Republican",1.33449450377696,NA
"1299","FL",22,2022,"H2FL21108","Dan Franzese","202209220","Republican",1.12343240902384,NA
"1300","FL",22,2022,"H2FL21132","Deb Adeimy","202209220","Republican",NA,NA
"1301","FL",22,2022,"H2FL21140","Peter Arianas","202209220","Republican",0.378527837006308,NA
"1302","FL",22,2022,"H2FL21181","Carrie Lawlor","202209220","Republican",0.5652068692117,NA
"1303","FL",23,2018,"H0FL23090","Spalding, Carla","201809230","Republican",1.0764431433533,NA
"1304","FL",23,2018,"H2FL20043","Kaufman, Joe","201809230","Republican",0.328603354290809,NA
"1305","FL",23,2018,"H4FL20023","Wasserman Schultz, Debbie","201809231","Democrat",-0.455673068829601,"W000797"
"1306","FL",23,2018,"H8FL23051","Reyes, Carlos","201809230","Republican",0.807700366768716,NA
"1307","FL",23,2020,"H0FL23082","Perelman, Jennifer Pilchick","202009231","Democrat",-0.884372669813304,NA
"1308","FL",23,2020,"H0FL23090","Spalding, Carla","202009230","Republican",NA,NA
"1309","FL",23,2020,"H0FL23108","Kroske, Michael T.","202009230","Republican",NA,NA
"1310","FL",23,2020,"H4FL20023","Wasserman-Schultz, Debbie","202009231","Democrat",-0.611115949139235,"W000797"
"1311","FL",23,2022,"H0FL22118","Jim Pruden","202209230","Republican",0.0787006127412231,NA
"1312","FL",23,2022,"H2FL21173","Christy McLaughlin","202209230","Republican",0.547632849661187,NA
"1313","FL",23,2022,"H2FL22148","Steve Chess","202209230","Republican",0.200061598316545,NA
"1314","FL",23,2022,"H2FL22155","Darlene Cerezo-Swaffar","202209230","Republican",NA,NA
"1315","FL",23,2022,"H2FL22171","Jared Moskowitz","202209231","Democrat",-0.679937157007297,"M001217"
"1316","FL",23,2022,"H2FL22197","Ben Sorensen","202209231","Democrat",NA,NA
"1317","FL",23,2022,"H2FL22205","Hava Holzhauer","202209231","Democrat",-1.48014631591363,NA
"1318","FL",23,2022,"H2FL23138","Joe Budd","202209230","Republican",0.491899683882997,NA
"1319","FL",23,2022,"H2FL23146","Ira Weinstein","202209230","Republican",-0.0992331878198218,NA
"1320","FL",23,2022,"H2FL23153","Michaelangelo Hamilton","202209231","Democrat",-0.260132754585383,NA
"1321","FL",23,2022,"H2FL23161","Myles Perrone","202209230","Republican",NA,NA
"1322","FL",23,2022,"H2FL23260","Mike Trout","202209231","Democrat",-0.303650683828361,NA
"1323","FL",23,2022,"H2FL23278","Allen Ellison","202209231","Democrat",-0.650516748393596,NA
"1324","FL",24,2018,"H0FL17068","Wilson, Frederica","201809241","Democrat",-0.374133415604234,"W000808"
"1325","FL",24,2018,"H8FL24067","De La Fuente, Ricardo","201809241","Democrat",-0.78208557762038,NA
"1326","FL",24,2020,"H0FL17068","Wilson, Frederica S.","202009241","Democrat",-0.363620866858867,"W000808"
"1327","FL",24,2020,"H0FL24197","Lehtola, Sakinah Lee","202009241","Democrat",-1.13230837317878,NA
"1328","FL",24,2020,"H0FL24205","Spicer, Lavern","202009240","Republican",NA,NA
"1329","FL",24,2020,"H8FL24067","De La Fuente, Ricardo","202009241","Democrat",NA,NA
"1330","FL",24,2022,"H0FL17068","Frederica Wilson","202209241","Democrat",-0.469218817398695,"W000808"
"1331","FL",24,2022,"H0FL24205","Lavern Spicer","202209240","Republican",0.568183438273533,NA
"1332","FL",24,2022,"H2FL24045","Kevin Harris","202209241","Democrat",NA,NA
"1333","FL",24,2022,"H2FL24078","Jesus Navarro","202209240","Republican",0.243660144987178,NA
"1334","FL",25,2018,"H2FL25018","Diaz-Balart, Mario","201809250","Republican",0.459939718628182,"D000600"
"1335","FL",25,2018,"H8FL27086","Flores, Mary","201809251","Democrat",-0.869853830815274,NA
"1336","FL",25,2020,"H2FL25018","Diaz-Balart, Mario","202009250","Republican",0.539430112472392,"D000600"
"1337","FL",25,2022,"H0FL23090","Carla Spalding","202209250","Republican",1.29882500220363,NA
"1338","FL",25,2022,"H2FL23104","Rubin Young","202209250","Republican",NA,NA
"1339","FL",25,2022,"H2FL25091","Robert Millwee","202209251","Democrat",-0.309508196905562,NA
"1340","FL",25,2022,"H4FL20023","Debbie Wasserman Schultz","202209251","Democrat",-0.624105447654413,"W000797"
"1341","FL",26,2018,"H4FL26038","Curbelo, Carlos","201809260","Republican",-0.012096329571304,NA
"1342","FL",26,2018,"H8FL26039","Mucarsel-Powell, Debbie","201809261","Democrat",-0.955480554436282,"M001207"
"1343","FL",26,2018,"H8FL26054","Grimes, Demetries","201809261","Democrat",-0.326045949286326,NA
"1344","FL",26,2018,"H8FL26062","Faas, Souraya","201809260","Republican",NA,NA
"1345","FL",26,2020,"H0FL26028","Blanco, Omar","202009260","Republican",NA,NA
"1346","FL",26,2020,"H0FL26036","Gimenez, Carlos","202009260","Republican",NA,"G000593"
"1347","FL",26,2020,"H8FL26039","Mucarsel-Powell, Debbie","202009261","Democrat",-0.786063706781775,NA
"1348","FL",26,2022,"H2FL24037","Christine Olivo","202209261","Democrat",NA,NA
"1349","FL",26,2022,"H2FL25018","Mario Diaz-Balart","202209260","Republican",0.474301008198371,"D000600"
"1350","FL",26,2022,NA,"Darren Aquino","202209260","Republican",NA,NA
"1351","FL",27,2018,"H6FL18170","Marks, Stephen","201809270","Republican",NA,NA
"1352","FL",27,2018,"H6FL27049","Peiro, Maria","201809270","Republican",0.980717069474626,NA
"1353","FL",27,2018,"H8FL27011","Hepburn, Michael","201809271","Democrat",-0.758310978906104,NA
"1354","FL",27,2018,"H8FL27029","Gonzalez, Kristen","201809271","Democrat",-0.661895947766281,NA
"1355","FL",27,2018,"H8FL27037","Barreiro, Bruno","201809270","Republican",0.673292467846133,NA
"1356","FL",27,2018,"H8FL27060","Richardson, David","201809271","Democrat",-1.06967663423744,NA
"1357","FL",27,2018,"H8FL27094","Aguilera, Bettina","201809270","Republican",-0.0656902470305734,NA
"1358","FL",27,2018,"H8FL27102","Sosa, Gina","201809270","Republican",0.201375083811604,NA
"1359","FL",27,2018,"H8FL27136","Haggman, Matt","201809271","Democrat",-1.03997753884327,NA
"1360","FL",27,2018,"H8FL27177","Chirino, Angie","201809270","Republican",0.118170138714115,NA
"1361","FL",27,2018,"H8FL27185","Salazar, Maria","201809270","Republican",0.519732895811447,NA
"1362","FL",27,2018,"H8FL27193","Shalala, Donna","201809271","Democrat",-0.752375963608656,"S001206"
"1363","FL",27,2018,"H8FL27201","Ohevzion, Michael","201809270","Republican",0.8898507532144,NA
"1364","FL",27,2018,"H8FL27219","Adadi, Elizabeth","201809270","Republican",0.956047168216795,NA
"1365","FL",27,2020,"H0FL27026","Fiol, Juan E.","202009270","Republican",0.829699343656834,NA
"1366","FL",27,2020,"H0FL27034","Molina, Raymond","202009270","Republican",NA,NA
"1367","FL",27,2020,"H8FL27185","Salazar, Maria Elvira","202009270","Republican",-0.343257712904388,"S000168"
"1368","FL",27,2020,"H8FL27193","Shalala, Donna","202009271","Democrat",-1.02958585884548,NA
"1369","FL",27,2022,"H2FL27055","Angel Montalvo","202209271","Democrat",-0.865851673831317,NA
"1370","FL",27,2022,"H2FL27071","Frank Polo","202209270","Republican",0.501459382296528,NA
"1371","FL",27,2022,"H2FL27089","Ken Russell","202209271","Democrat",-1.32460730413475,NA
"1372","FL",27,2022,"H8FL00034","Annette Taddeo","202209271","Democrat",NA,NA
"1373","FL",27,2022,"H8FL27185","Maria Salazar","202209270","Republican",-0.54007458386566,"S000168"
"1374","FL",28,2022,"H0FL26036","Carlos Gimenez","202209280","Republican",0.473106496033489,"G000593"
"1375","FL",28,2022,"H2FL26099","KW Miller","202209280","Republican",0.666438568125927,NA
"1376","FL",28,2022,"H2FL28020","Carlos Garin","202209280","Republican",0.0185245075716248,NA
"1377","FL",28,2022,"H2FL28038","Robert Asencio","202209281","Democrat",NA,NA
"1378","FL",28,2022,NA,"Juan Paredes","202209281","Democrat",-0.698289357566541,NA
"1379","GA",1,2018,"H4GA01039","Carter, Earl","201810010","Republican",0.947539018642155,"C001103"
"1380","GA",1,2018,"H8GA01063","Ring, Lisa","201810011","Democrat",-0.913629490528441,NA
"1381","GA",1,2018,"H8GA01071","Seidman, Barbara","201810011","Democrat",-0.101914660401942,NA
"1382","GA",1,2020,"H0GA01052","Seidman, Barbara","202010011","Democrat",-0.543721593986236,NA
"1383","GA",1,2020,"H0GA01060","Merritt, Daniel","202010010","Republican",0.625993942588256,NA
"1384","GA",1,2020,"H0GA01078","Griggs, Joyce Marie","202010011","Democrat",NA,NA
"1385","GA",1,2020,"H0GA01086","Yasger, Ken","202010010","Republican",0.128111140936771,NA
"1386","GA",1,2020,"H4GA01039","Carter, Earl Leroy","202010010","Republican",0.807846500205997,"C001103"
"1387","GA",1,2020,"H8GA01063","Ring, Lisa","202010011","Democrat",-0.996413808293078,NA
"1388","GA",1,2022,"H0GA01029","Joyce Marie Griggs","202210011","Democrat",-1.08081006217037,NA
"1389","GA",1,2022,"H2GA01249","Wade Herring","202210011","Democrat",-0.718639711580412,NA
"1390","GA",1,2022,"H2GA01272","Michelle L Munroe","202210011","Democrat",-0.371477078188529,NA
"1391","GA",1,2022,"H4GA01039","Earl L Carter","202210010","Republican",0.812704313554188,"C001103"
"1392","GA",2,2018,"H2GA02031","Bishop, Sanford","201810021","Democrat",-0.170990856390933,"B000490"
"1393","GA",2,2018,"H8GA02087","West, Herman","201810020","Republican",0.329488117467851,NA
"1394","GA",2,2020,"H0GA02258","Cole, Donald Eugene","202010020","Republican",NA,NA
"1395","GA",2,2020,"H2GA02031","Bishop, Sanford","202010021","Democrat",-0.245541107216617,"B000490"
"1396","GA",2,2020,"H4GA02078","Childs, Vivian L.","202010020","Republican",NA,NA
"1397","GA",2,2022,"H2GA02031","Sanford Bishop","202210021","Democrat",-0.185977942887822,"B000490"
"1398","GA",2,2022,"H2GA02148","Joe O'Hara","202210021","Democrat",-0.375028293241212,NA
"1399","GA",2,2022,"H2GA02155","Chris West","202210020","Republican",NA,NA
"1400","GA",2,2022,"H2GA02163","Wayne Johnson","202210020","Republican",NA,NA
"1401","GA",2,2022,"H2GA02171","Rich Robertson","202210020","Republican",0.487277537339133,NA
"1402","GA",2,2022,"H2GA02189","Jeremy Hunt","202210020","Republican",1.3387504887851,NA
"1403","GA",2,2022,"H2GA02197","Paul Whitehead","202210020","Republican",NA,NA
"1404","GA",2,2022,"H4GA02078","Vivian L Childs","202210020","Republican",0.876501699488369,NA
"1405","GA",3,2018,"H6GA03113","Ferguson, Drew","201810030","Republican",1.20078078788317,"F000465"
"1406","GA",3,2018,"H8GA03044","Singleton, Philip","201810030","Republican",1.28969860353381,NA
"1407","GA",3,2018,"H8GA03051","Enderlin, Chuck","201810031","Democrat",-0.577542831313975,NA
"1408","GA",3,2018,"H8GA03069","Oliver, Rusty","201810031","Democrat",-0.201446961440911,NA
"1409","GA",3,2020,"H0GA03074","Almonord, Val","202010031","Democrat",-0.755985703126856,NA
"1410","GA",3,2020,"H6GA03113","Ferguson, Drew","202010030","Republican",1.06211086372276,"F000465"
"1411","GA",3,2022,"H0GA03074","Val Almonord","202210031","Democrat",-0.983025752478166,NA
"1412","GA",3,2022,"H2GA03179","Jared Craig","202210030","Republican",0.889046695354024,NA
"1413","GA",3,2022,"H6GA03113","Drew Ferguson","202210030","Republican",0.975604117627689,"F000465"
"1414","GA",4,2018,"H6GA04129","Johnson Jr, Hank","201810041","Democrat",-0.470714678833222,"J000288"
"1415","GA",4,2018,"H8GA04117","Parks, Juan","201810041","Democrat",-0.375532227611983,NA
"1416","GA",4,2018,"H8GA04125","Profit, Joe","201810040","Republican",0.688464319620052,NA
"1417","GA",4,2020,"H0GA04114","Nietmann, Elaine Amankwah","202010041","Democrat",-0.300312515379724,NA
"1418","GA",4,2020,"H0GA04130","Haston, William","202010041","Democrat",-0.823520315551233,NA
"1419","GA",4,2020,"H0GA04148","Ezammudeen, Johsie Cruz","202010040","Republican",NA,NA
"1420","GA",4,2020,"H6GA04129","Johnson, Henry C. Jr.","202010041","Democrat",-0.458227671562203,"J000288"
"1421","GA",4,2022,"H2GA04193","Surrea Ivy","202210040","Republican",0.453330649268049,NA
"1422","GA",4,2022,"H2GA04201","Jonathan Chavez","202210040","Republican",-0.0332934120859761,NA
"1423","GA",4,2022,"H6GA04129","Henry C Johnson Jr","202210041","Democrat",-0.444018763506954,"J000288"
"1424","GA",5,2018,"H6GA05217","Lewis, John","201810051","Democrat",-0.946379731419682,"L000287"
"1425","GA",5,2020,"H0GA05251","Martin, Barrington D. II","202010051","Democrat",-0.474234140652883,NA
"1426","GA",5,2020,"H0GA05277","Stanton-King, Angela","202010050","Republican",NA,NA
"1427","GA",5,2020,"H6GA05217","Lewis, John","202010051","Democrat",-0.960663862904325,NA
"1428","GA",5,2022,"H0GA05301","Nikema Williams","202210051","Democrat",-1.06958363648675,"W000788"
"1429","GA",5,2022,"H2GA05166","Christian Zimm","202210050","Republican",-0.402406607519281,NA
"1430","GA",5,2022,"H2GA05174","Valencia Stovall","202210051","Democrat",-1.38163667185111,NA
"1431","GA",5,2022,NA,"Charlotte Macbagito","202210051","Democrat",-0.234097522393438,NA
"1432","GA",6,2018,"H8GA06286","Handel, Karen","201810060","Republican",0.96410887211863,NA
"1433","GA",6,2018,"H8GA06369","Kaple, Bobby","201810061","Democrat",-0.805284971703623,NA
"1434","GA",6,2018,"H8GA06377","Abel, Kevin","201810061","Democrat",-0.46304272471434,NA
"1435","GA",6,2018,"H8GA06393","McBath, Lucy","201810061","Democrat",-0.888705255253627,"M001208"
"1436","GA",6,2018,"H8GA06401","Griffin, Steven Knight","201810061","Democrat",NA,NA
"1437","GA",6,2020,"H0GA06200","Harbin, Blake","202010060","Republican",0.268153224714042,NA
"1438","GA",6,2020,"H0GA06218","Barthelemy, Mykel Lynn","202010060","Republican",NA,NA
"1439","GA",6,2020,"H0GA06226","Smith, Paulette","202010060","Republican",NA,NA
"1440","GA",6,2020,"H8GA04125","Profit, Joe","202010060","Republican",-0.0287331220321746,NA
"1441","GA",6,2020,"H8GA06286","Handel, Karen","202010060","Republican",0.797551120725753,NA
"1442","GA",6,2020,"H8GA06393","McBath, Lucy Kay","202010061","Democrat",-0.981564014646036,"M001208"
"1443","GA",6,2022,"H0GA06200","Blake Harbin","202210060","Republican",1.1817728325225,NA
"1444","GA",6,2022,"H0GA06226","Paulette Smith","202210060","Republican",0.591364867773828,NA
"1445","GA",6,2022,"H0GA07273","Rich McCormick","202210060","Republican",1.07769767674857,"M001218"
"1446","GA",6,2022,"H2GA06156","Mallory Staples","202210060","Republican",0.944986171799694,NA
"1447","GA",6,2022,"H2GA06164","Jake Evans","202210060","Republican",1.4733806553243,NA
"1448","GA",6,2022,"H2GA06172","Meagan Hanson","202210060","Republican",1.08147607723186,NA
"1449","GA",6,2022,"H2GA06180","Suzi Voyles","202210060","Republican",1.3397966682935,NA
"1450","GA",6,2022,"H2GA06198","Byron Gatewood","202210060","Republican",1.49419819641969,NA
"1451","GA",6,2022,"H2GA06214","Wayne C White","202210061","Democrat",0.196797033980159,NA
"1452","GA",6,2022,"H2GA06222","Bob Christian","202210061","Democrat",-0.348106955197221,NA
"1453","GA",6,2022,"H4GA12051","Eugene Yu","202210060","Republican",0.842471523486767,NA
"1454","GA",7,2018,"H0GA07133","Woodall, Rob","201810070","Republican",1.14321890177989,"W000810"
"1455","GA",7,2018,"H8GA07144","Allen, Kathleen","201810071","Democrat",-0.566343431780317,NA
"1456","GA",7,2018,"H8GA07151","Kim, David","201810071","Democrat",-0.18310069319735,NA
"1457","GA",7,2018,"H8GA07169","Reilly, Steve","201810071","Democrat",-0.296414122999238,NA
"1458","GA",7,2018,"H8GA07177","Pham, Ethan","201810071","Democrat",-0.535437821608239,NA
"1459","GA",7,2018,"H8GA07185","Davis, Melissa","201810071","Democrat",-0.471967103934877,NA
"1460","GA",7,2018,"H8GA07193","Hazel, Shane","201810070","Republican",NA,NA
"1461","GA",7,2018,"H8GA07201","Bourdeaux, Carolyn","201810071","Democrat",-0.858498891937235,NA
"1462","GA",7,2020,"H0GA07208","Islam, Nabilah Aishah","202010071","Democrat",-1.11925364450448,NA
"1463","GA",7,2020,"H0GA07216","Eaves, John H.","202010071","Democrat",-1.10204098051709,NA
"1464","GA",7,2020,"H0GA07224","Homrich, Lynne","202010070","Republican",1.00130958936542,NA
"1465","GA",7,2020,"H0GA07232","Gonsalves, Mark","202010070","Republican",1.31270117848187,NA
"1466","GA",7,2020,"H0GA07273","McCormick, Richard Dean","202010070","Republican",0.765358895549074,NA
"1467","GA",7,2020,"H0GA07281","Lopez Romero, Brenda","202010071","Democrat",-0.772606121179932,NA
"1468","GA",7,2020,"H0GA07299","Unterman, Renee","202010070","Republican",1.2586801418587,NA
"1469","GA",7,2020,"H0GA07307","Babbage, Lisa Noel","202010070","Republican",NA,NA
"1470","GA",7,2020,"H0GA07323","Karinshak, Zahra S.","202010071","Democrat",NA,NA
"1471","GA",7,2020,"H0GA07331","Kennemore, Zachary Heathcliff","202010070","Republican",-0.952039765333173,NA
"1472","GA",7,2020,"H4GA12051","Yu, Eugene","202010070","Republican",0.728883621465592,NA
"1473","GA",7,2020,"H6GA07155","Malik, Rashid","202010071","Democrat",-0.940672739775,NA
"1474","GA",7,2020,"H8GA07201","Bourdeaux, Carolyn","202010071","Democrat",-1.21540707684785,"B001312"
"1475","GA",7,2022,"H2GA07121","Michael Corbin","202210070","Republican",1.13181422969724,NA
"1476","GA",7,2022,"H2GA07139","YG Nyghtstorm","202210070","Republican",0.881168591712733,NA
"1477","GA",7,2022,"H2GA07147","Donna McLeaod","202210071","Democrat",-0.830287459371312,NA
"1478","GA",7,2022,"H2GA07154","Mark Gonsalves","202210070","Republican",0.923395695169124,NA
"1479","GA",7,2022,"H2GA07162","Lisa McCoy","202210070","Republican",0.406354254773474,NA
"1480","GA",7,2022,"H2GA10232","Mary West","202210070","Republican",0.199477653366288,NA
"1481","GA",7,2022,"H8GA06393","Lucy McBath","202210071","Democrat",-1.10921475764467,"M001208"
"1482","GA",7,2022,"H8GA07201","Carolyn Bourdeaux","202210071","Democrat",-0.978719505731862,NA
"1483","GA",8,2018,"H0GA08099","Scott, Austin","201810080","Republican",0.837405569927558,"S001189"
"1484","GA",8,2020,"H0GA08099","Scott, Austin","202010080","Republican",0.565077260661558,"S001189"
"1485","GA",8,2020,"H0GA08107","Dean, Vance","202010080","Republican",NA,NA
"1486","GA",8,2020,"H0GA08115","Holliday, Lindsay Dozier","202010081","Democrat",NA,NA
"1487","GA",8,2020,"H8GA08092","Ellyson, Daniel","202010080","Republican",-0.0613059338463409,NA
"1488","GA",8,2022,"H0GA08099","Austin Scott","202210080","Republican",0.597530707378767,"S001189"
"1489","GA",8,2022,"H2GA08095","Darrius Butler","202210081","Democrat",-0.791722721769153,NA
"1490","GA",9,2018,"H2GA09150","Collins, Doug","201810090","Republican",0.907774893277796,"C001093"
"1491","GA",9,2018,"H8GA09058","McCall, Josh","201810091","Democrat",-0.115742374747455,NA
"1492","GA",9,2018,"H8GA09066","Cooper, Dave","201810091","Democrat",-0.282150377568034,NA
"1493","GA",9,2020,"H0GA09162","Wilson, Dan Carroll","202010091","Democrat",0.134300612079026,NA
"1494","GA",9,2020,"H0GA09170","Pandy, Devin D.","202010091","Democrat",-0.0712267576996665,NA
"1495","GA",9,2020,"H0GA09196","Boggus, Michael Shane","202010090","Republican",NA,NA
"1496","GA",9,2020,"H0GA09204","Tanner, Kevin","202010090","Republican",2.13080616591665,NA
"1497","GA",9,2020,"H0GA09212","Wilkinson, John","202010090","Republican",NA,NA
"1498","GA",9,2020,"H0GA09220","Gurtler, Matt","202010090","Republican",1.2983660721568,NA
"1499","GA",9,2020,"H0GA09238","Underwood, Ethan","202010090","Republican",0.799759623883191,NA
"1500","GA",9,2020,"H0GA09246","Clyde, Andrew","202010090","Republican",1.90133398835571,"C001116"
"1501","GA",9,2020,"H0GA09261","Strickland, Maria","202010090","Republican",1.18541455811016,NA
"1502","GA",9,2020,"H0GA09279","Weeks, Kellie","202010090","Republican",-0.0922745455091963,NA
"1503","GA",9,2020,"H0GA09287","Siskin, Brooke","202010091","Democrat",NA,NA
"1504","GA",9,2020,"H6GA09243","Broun, Paul","202010090","Republican",1.11390570647632,NA
"1505","GA",9,2022,"H0GA09196","Michael Boggus","202210090","Republican",NA,NA
"1506","GA",9,2022,"H0GA09246","Andrew Clyde","202210090","Republican",1.31785182953173,"C001116"
"1507","GA",9,2022,"H2GA09226","Ben Souther","202210090","Republican",1.57608630631449,NA
"1508","GA",9,2022,"H2GA09234","Michael Ford","202210091","Democrat",NA,NA
"1509","GA",9,2022,"H2GA09242","Gregory Howard","202210090","Republican",0.229692044990183,NA
"1510","GA",9,2022,"H2GA09259","John London","202210090","Republican",NA,NA
"1511","GA",10,2018,"H0GA07125","Hice, Jody","201810100","Republican",1.42702944413077,"H001071"
"1512","GA",10,2018,"H8GA10148","Montgomery, Chalis","201810101","Democrat",-1.15939978834901,NA
"1513","GA",10,2018,"H8GA10163","Hunt, Joe","201810100","Republican",-0.147463308545916,NA
"1514","GA",10,2018,"H8GA10171","Windfield, Richard","201810101","Democrat",-0.891532847277705,NA
"1515","GA",10,2018,"H8GA10189","Griffin, Bradley","201810100","Republican",0.278192643414878,NA
"1516","GA",10,2018,"H8GA10197","Johnson-Green, Tabitha","201810101","Democrat",-1.11588598066787,NA
"1517","GA",10,2020,"H0GA07125","Hice, Jody","202010100","Republican",1.74097114250999,"H001071"
"1518","GA",10,2020,"H0GA10269","Ferguson, Andrew","202010101","Democrat",-0.978032569197285,NA
"1519","GA",10,2020,"H8GA10197","Johnson-Green, Tabitha A.","202010101","Democrat",NA,NA
"1520","GA",10,2022,"H2GA09218","Paul Walton","202210101","Democrat",-0.558861323903951,NA
"1521","GA",10,2022,"H2GA10158","Marc McMain","202210100","Republican",1.42267938438946,NA
"1522","GA",10,2022,"H2GA10166","Timothy Barr","202210100","Republican",1.64210068966126,NA
"1523","GA",10,2022,"H2GA10182","David Curry","202210100","Republican",0.694872879864743,NA
"1524","GA",10,2022,"H2GA10208","Phyllis Hatcher","202210101","Democrat",-0.815382211288602,NA
"1525","GA",10,2022,"H2GA10216","Alan Sims","202210100","Republican",1.7020368252904,NA
"1526","GA",10,2022,"H2GA10224","Mitchell Swan","202210100","Republican",0.778529015674896,NA
"1527","GA",10,2022,"H2GA10273","Jessica Allison Fore","202210101","Democrat",-0.71397440029202,NA
"1528","GA",10,2022,"H2GA10281","Vernon J Jones","202210100","Republican",NA,NA
"1529","GA",10,2022,"H4GA10071","Mike Collins","202210100","Republican",1.28479898465189,"C001129"
"1530","GA",10,2022,"H6GA09243","Paul Broun","202210100","Republican",1.17762467429362,NA
"1531","GA",10,2022,"H8GA10197","Tabitha Johnson-Green","202210101","Democrat",-0.900711675359499,NA
"1532","GA",10,2022,NA,"Femi Oduwole","202210101","Democrat",NA,NA
"1533","GA",11,2018,"H4GA11061","Loudermilk, Barry","201810110","Republican",1.44984814972439,"L000583"
"1534","GA",11,2018,"H8GA11062","Broady Jr, Flynn","201810111","Democrat",-0.332083875281388,NA
"1535","GA",11,2020,"H0GA11036","Barrett, Dana","202010111","Democrat",NA,NA
"1536","GA",11,2020,"H4GA11061","Loudermilk, Barry","202010110","Republican",1.0849133166834,"L000583"
"1537","GA",11,2022,"H2GA11230","Antonio Daza","202210111","Democrat",NA,NA
"1538","GA",11,2022,"H4GA11061","Barry Loudermilk","202210110","Republican",1.10915745346521,"L000583"
"1539","GA",12,2018,"H2GA12121","Allen, Rick","201810120","Republican",0.89636686726364,"A000372"
"1540","GA",12,2018,"H4GA12051","Yu, Eugene","201810120","Republican",0.921436680269473,NA
"1541","GA",12,2018,"H8GA12052","Nesmith, Trent","201810121","Democrat",-0.714696431516944,NA
"1542","GA",12,2018,"H8GA12078","Johnson, Francys","201810121","Democrat",-0.157105121006957,NA
"1543","GA",12,2018,"H8GA12094","Ingham, Robert","201810121","Democrat",NA,NA
"1544","GA",12,2020,"H0GA12059","Johnson, Elizabeth","202010121","Democrat",NA,NA
"1545","GA",12,2020,"H0GA12067","Steiner, Dan","202010121","Democrat",NA,NA
"1546","GA",12,2020,"H2GA12121","Allen, Rick","202010120","Republican",0.278873187925152,"A000372"
"1547","GA",12,2022,"H0GA12059","Elizabeth Johnson","202210121","Democrat",NA,NA
"1548","GA",12,2022,"H2GA12121","Rick Allen","202210120","Republican",0.213307070052702,"A000372"
"1549","GA",13,2018,"H2GA13012","Scott, David","201810131","Democrat",-0.0554203739942355,"S001157"
"1550","GA",13,2018,"H8GA13035","Callahan, David","201810130","Republican",0.59309360989137,NA
"1551","GA",13,2018,NA,"Akinkugbe, Femi","201810130","Republican",NA,NA
"1552","GA",13,2020,"H0GA13115","Owens, Michael C.","202010131","Democrat",-1.21855831599651,NA
"1553","GA",13,2020,"H0GA13123","Peters, Jannquell","202010131","Democrat",-1.20578732067202,NA
"1554","GA",13,2020,"H0GA13131","Hites, Becky E.","202010130","Republican",0.387897667336892,NA
"1555","GA",13,2020,"H0GA13149","Gonzales, Caesar","202010130","Republican",NA,NA
"1556","GA",13,2020,"H0GA13156","Waites, Keisha Sean","202010131","Democrat",NA,NA
"1557","GA",13,2020,"H2GA13012","Scott, David","202010131","Democrat",-0.349462533070903,"S001157"
"1558","GA",13,2022,"H0GA13149","Caesar Gonzales","202210130","Republican",0.137194896140739,NA
"1559","GA",13,2022,"H2GA13012","David Scott","202210131","Democrat",-0.399185820487393,"S001157"
"1560","GA",13,2022,"H2GA13079","Calina Plotky","202210130","Republican",-0.420208650906303,NA
"1561","GA",13,2022,"H2GA13087","Mark Baker","202210131","Democrat",NA,NA
"1562","GA",13,2022,"H2GA13103","Vincent Fort","202210131","Democrat",-0.839423557678569,NA
"1563","GA",13,2022,"H2GA13129","Shastity Driscoll","202210131","Democrat",-0.701938573705632,NA
"1564","GA",13,2022,"H2GA13137","Dominika Hawkins","202210130","Republican",0.512268791411283,NA
"1565","GA",14,2018,"H0GA09030","Graves, Tom","201810140","Republican",0.729887834131791,"G000560"
"1566","GA",14,2018,"H8GA14025","Foster, Steven Lamar","201810141","Democrat",-0.470929848446849,NA
"1567","GA",14,2020,"H0GA06192","Greene, Marjorie Taylor","202010140","Republican",1.68106679714193,"G000596"
"1568","GA",14,2020,"H0GA07257","Bullock, Benjamin E.","202010140","Republican",1.03941408148354,NA
"1569","GA",14,2020,"H0GA14030","Fuller, Clayton","202010140","Republican",1.15060062569821,NA
"1570","GA",14,2020,"H0GA14048","Cowan, John","202010140","Republican",1.30611616337292,NA
"1571","GA",14,2020,"H0GA14071","Cooke, Kevin","202010140","Republican",1.91527451998064,NA
"1572","GA",14,2020,"H0GA14089","Barge, John D.","202010140","Republican",1.45754406813174,NA
"1573","GA",14,2020,"H0GA14097","Van Ausdal, Kevin","202010141","Democrat",-0.494579121144232,NA
"1574","GA",14,2020,"H0GA14105","Hembree, Bill","202010140","Republican",0.565777048766892,NA
"1575","GA",14,2020,"H0GA14113","Laughridge, Matthew","202010140","Republican",NA,NA
"1576","GA",14,2020,"H0GA14121","Gunther, Andreas","202010140","Republican",0.828346008527405,NA
"1577","GA",14,2022,"H0GA06192","Majorie Taylor Greene","202210140","Republican",1.63504064113193,"G000596"
"1578","GA",14,2022,"H2GA14044","Marcus Flowers","202210141","Democrat",-0.422895462096446,NA
"1579","GA",14,2022,"H2GA14051","Holly McCormack","202210141","Democrat",-0.696099192762718,NA
"1580","GA",14,2022,"H2GA14077","Wendy Davis","202210141","Democrat",-0.420928134787143,NA
"1581","GA",14,2022,"H2GA14093","Jennifer Strahan","202210140","Republican",0.418888822412203,NA
"1582","GA",14,2022,"H2GA14101","Charles Lutin","202210140","Republican",0.388671495622479,NA
"1583","GA",14,2022,"H2GA14119","Eric Cunningham","202210140","Republican",1.56551973560016,NA
"1584","GA",14,2022,"H2GA14135","James Haygood","202210140","Republican",1.85204059373424,NA
"1585","GA",14,2022,"H2GA14143","Seth Synstelien","202210140","Republican",0.32097330183385,NA
"1586","HI",1,2018,"H2HI02128","Case, Ed","201811011","Democrat",-0.130390183867718,"C001055"
"1587","HI",1,2018,"H4HI01167","Kim, Donna","201811011","Democrat",-0.58434563109874,NA
"1588","HI",1,2018,"H6HI01246","Puletasi, Sam","201811011","Democrat",NA,NA
"1589","HI",1,2018,"H8HI00012","Cavasso, Cam","201811010","Republican",1.28419979948887,NA
"1590","HI",1,2018,"H8HI01192","Ing, Kaniela","201811011","Democrat",-1.01454540779692,NA
"1591","HI",1,2018,"H8HI01200","Chin, Doug","201811011","Democrat",-0.939059372370521,NA
"1592","HI",1,2018,"H8HI01218","Martin, Ernest","201811011","Democrat",-0.848972580059825,NA
"1593","HI",1,2018,"H8HI01226","Fukumoto, Beth","201811011","Democrat",-0.612796540449385,NA
"1594","HI",1,2018,"H8HI01259","Vinole, Raymond","201811010","Republican",NA,NA
"1595","HI",1,2020,"H0HI01280","Olson, Nancy Lynn","202011010","Republican",NA,NA
"1596","HI",1,2020,"H0HI01298","Curtis, Ron","202011010","Republican",0.722471772555278,NA
"1597","HI",1,2020,"H0HI01306","Dickens, James","202011010","Republican",NA,NA
"1598","HI",1,2020,"H2HI02128","Case, Edward E.","202011011","Democrat",-0.369138707823464,"C001055"
"1599","HI",1,2020,"H2HI02144","Reyes, Arturo P.","202011010","Republican",NA,NA
"1600","HI",1,2020,NA,"Smith, Taylor J.","202011010","Republican",NA,NA
"1601","HI",1,2022,"H2HI01112","Sergio Alcubilla","202211011","Democrat",-0.924649810185786,NA
"1602","HI",1,2022,"H2HI01120","Patrick Largey","202211010","Republican",NA,NA
"1603","HI",1,2022,"H2HI02128","Ed Case","202211011","Democrat",-0.429467389642566,"C001055"
"1604","HI",1,2022,"H2HI02144","Art Reyes","202211010","Republican",NA,NA
"1605","HI",1,2022,"H2HI02557","Conrad Kress","202211010","Republican",0.0515811717921255,NA
"1606","HI",2,2018,"H2HI02508","Gabbard, Tulsi","201811021","Democrat",-0.400620912519219,"G000571"
"1607","HI",2,2018,"H8HI02133","Alu Campagna, Sherry","201811021","Democrat",-0.862176365309666,NA
"1608","HI",2,2018,"H8HI02141","Evans, Brian","201811020","Republican",-0.0747638711954725,NA
"1609","HI",2,2018,"H8HI02158","Austin, Anthony","201811021","Democrat",NA,NA
"1610","HI",2,2020,"H0HI02155","Kahele, Kaial'i","202011021","Democrat",-0.803451307809019,"K000396"
"1611","HI",2,2020,"H0HI02189","Famera, Ashley Noelle","202011021","Democrat",-1.02403251225775,NA
"1612","HI",2,2020,"H0HI02213","Akana, Joseph S.","202011020","Republican",-0.832209739337155,NA
"1613","HI",2,2020,"H0HI02221","Kaneshiro, Elise Hatsuko","202011020","Republican",NA,NA
"1614","HI",2,2020,"H0HI02239","Hamman, David R.","202011020","Republican",NA,NA
"1615","HI",2,2020,"H0HI02254","Nagamine, Robert K.","202011020","Republican",NA,NA
"1616","HI",2,2020,"H0HI02270","Lee, Brenda L. Machado","202011021","Democrat",NA,NA
"1617","HI",2,2020,"H0HI02288","Bond, Steven R.","202011020","Republican",NA,NA
"1618","HI",2,2020,"H0HI02296","Gottschalk, Karla","202011020","Republican",NA,NA
"1619","HI",2,2020,"H0HI02304","Love, Nicholas T.","202011020","Republican",NA,NA
"1620","HI",2,2020,"H0HI02312","Quel, Raymond S.","202011020","Republican",NA,NA
"1621","HI",2,2020,"H0HI02320","San Nicolas, Felipe C.","202011020","Republican",NA,NA
"1622","HI",2,2020,"H8HI02141","Evans, Brian","202011021","Democrat",NA,NA
"1623","HI",2,2022,"H0HI02213","Joe Akana","202211020","Republican",0.379604534161526,NA
"1624","HI",2,2022,"H2HI02581","Jill Tokuda","202211021","Democrat",-0.948041352690438,"T000487"
"1625","HI",2,2022,"H2HI02599","Patrick Branco","202211021","Democrat",-0.457000184670687,NA
"1626","HI",2,2022,"H2HI02607","Joe Webster","202211020","Republican",NA,NA
"1627","HI",2,2022,"H2HI02615","Brendan Schultz","202211021","Democrat",-0.969045416930481,NA
"1628","HI",2,2022,"H2HI02623","Nicole Gi","202211021","Democrat",-0.625080805564056,NA
"1629","HI",2,2022,NA,"Kyle Yoshida","202211021","Democrat",-1.32417476386332,NA
"1630","HI",2,2022,NA,"Steven Sparks","202211021","Democrat",-0.541060674643353,NA
"1631","IA",1,2018,"H2IA01055","Blum, Rod","201815010","Republican",0.256835363196652,NA
"1632","IA",1,2018,"H8IA01094","Finkenauer, Abby","201815011","Democrat",-0.991199369698608,"F000467"
"1633","IA",1,2018,"H8IA01102","Rowe, Courtney","201815011","Democrat",-0.917531465634993,NA
"1634","IA",1,2018,"H8IA01110","Ramsey, George","201815011","Democrat",-0.29020623876821,NA
"1635","IA",1,2018,"H8IA01128","Heckroth, Thomas","201815011","Democrat",-0.840206654259564,NA
"1636","IA",1,2020,"H0IA01174","Hinson, Ashley","202015010","Republican",0.147819091473842,"H001091"
"1637","IA",1,2020,"H0IA01182","Hansen, Thomas","202015010","Republican",0.69463725803257,NA
"1638","IA",1,2020,"H8IA01094","Finkenauer, Abby","202015011","Democrat",-0.850666976641673,NA
"1639","IA",1,2022,"H2IA02111","Christina Bohannan","202215011","Democrat",NA,NA
"1640","IA",1,2022,"H8IA02043","Mariannette Miller-Meeks","202215010","Republican",0.584508415668043,"M001215"
"1641","IA",2,2018,"H6IA02146","Loebsack, Dave","201815021","Democrat",-0.67019745932578,"L000565"
"1642","IA",2,2018,"H6IA02161","Peters, Christopher","201815020","Republican",-0.0315778547147617,NA
"1643","IA",2,2018,"H8IA02084","Caligiuri, Ginny","201815020","Republican",NA,NA
"1644","IA",2,2020,"H0IA02156","Hart, Rita","202015021","Democrat",NA,NA
"1645","IA",2,2020,"H0IA02164","Schilling, Bobby","202015020","Republican",1.48624581845306,NA
"1646","IA",2,2020,"H0IA02198","Phillips, Ricky Lee","202015020","Republican",NA,NA
"1647","IA",2,2020,"H0IA02206","Everly, Steven","202015020","Republican",0.942316752924938,NA
"1648","IA",2,2020,"H0IA02222","Borchardt, Tim","202015020","Republican",0.311270648910993,NA
"1649","IA",2,2020,"H8IA02043","Miller-Meeks, Mariannette","202015020","Republican",0.577954051663391,"M001215"
"1650","IA",2,2022,"H0IA01174","Ashley Hinson","202215020","Republican",0.601487630691967,"H001091"
"1651","IA",2,2022,"H2IA01089","Liz Mathis","202215021","Democrat",-0.796794600357558,NA
"1652","IA",3,2018,"H4IA03115","Young, David","201815030","Republican",0.685964550375078,NA
"1653","IA",3,2018,"H8IA03124","Axne, Cindy","201815031","Democrat",-1.03318916506815,"A000378"
"1654","IA",3,2018,"H8IA03173","D'Alessandro, Pete","201815031","Democrat",NA,NA
"1655","IA",3,2018,"H8IA03181","Mauro, Eddie","201815031","Democrat",-0.769347606883442,NA
"1656","IA",3,2020,"H0IA03204","Schafer, Bill","202015030","Republican",1.09122958139473,NA
"1657","IA",3,2020,"H4IA03115","Young, David","202015030","Republican",NA,NA
"1658","IA",3,2020,"H8IA03124","Axne, Cindy","202015031","Democrat",-0.898130026518746,"A000378"
"1659","IA",3,2022,"H2IA03101","Nicole Hasso","202215030","Republican",NA,NA
"1660","IA",3,2022,"H2IA03119","Zach Nunn","202215030","Republican",1.1925976290014,"N000193"
"1661","IA",3,2022,"H2IA03127","Gary Leffler","202215030","Republican",1.02845830546447,NA
"1662","IA",3,2022,"H8IA03124","Cindy Axne","202215031","Democrat",-0.922359528376184,NA
"1663","IA",4,2018,"H2IA05072","King, Steve","201815040","Republican",0.987060415222331,"K000362"
"1664","IA",4,2018,"H8IA04106","Scholten, JD","201815041","Democrat",-0.724365550287666,NA
"1665","IA",4,2018,"H8IA04114","Jacobsen, Leann","201815041","Democrat",-0.49292616581376,NA
"1666","IA",4,2018,"H8IA04122","Paschen, John","201815041","Democrat",NA,NA
"1667","IA",4,2018,"H8IA04148","Hanson, Cyndi","201815040","Republican",0.430871813816629,NA
"1668","IA",4,2020,"H0IA04129","Richards, Bret","202015040","Republican",0.711785066314308,NA
"1669","IA",4,2020,"H0IA04137","Taylor, Jeremy","202015040","Republican",1.48227123569899,NA
"1670","IA",4,2020,"H0IA04145","Feenstra, Randy","202015040","Republican",1.22026641428825,"F000446"
"1671","IA",4,2020,"H0IA04152","Reeder, Steven","202015040","Republican",0.586123577888871,NA
"1672","IA",4,2020,"H2IA05072","King, Steve","202015040","Republican",1.12894026291208,NA
"1673","IA",4,2020,"H8IA04106","Scholten, James","202015041","Democrat",NA,NA
"1674","IA",4,2022,"H0IA04145","Randy Feenstra","202215040","Republican",1.52031214146382,"F000446"
"1675","IA",4,2022,"H2IA04141","Ryan Melton","202215041","Democrat",-0.909066945091677,NA
"1676","ID",1,2018,"H4ID01065","Leroy, David","201812010","Republican",1.46492077063595,NA
"1677","ID",1,2018,"H8ID01108","Smith, Michael W","201812011","Democrat",-0.40203568172156,NA
"1678","ID",1,2018,"H8ID01124","Fulcher, Russ","201812010","Republican",0.933770318661806,"F000469"
"1679","ID",1,2018,"H8ID01132","Snyder, Michael","201812010","Republican",0.937311811297755,NA
"1680","ID",1,2018,"H8ID01140","Malek, Luke","201812010","Republican",0.66942147867404,NA
"1681","ID",1,2018,"H8ID01157","Henderson, Nick","201812010","Republican",0.758381054476811,NA
"1682","ID",1,2018,"H8ID01165","Vandermaas, James","201812011","Democrat",-0.139205024670318,NA
"1683","ID",1,2018,"H8ID01173","Perry, Christy","201812010","Republican",0.74979052491103,NA
"1684","ID",1,2018,"H8ID01181","Gallegos, Alex","201812010","Republican",0.438990917212283,NA
"1685","ID",1,2018,"H8ID01215","McNeil, Cristina","201812011","Democrat",-0.874051762493234,NA
"1686","ID",1,2020,"H0ID01303","Jones, Nicholas","202012010","Republican",0.852743469593243,NA
"1687","ID",1,2020,"H0ID01311","Soto, Rudy","202012011","Democrat",-0.666929172730066,NA
"1688","ID",1,2020,"H6ID01276","Nikolova, Staniela","202012011","Democrat",-0.64868306158048,NA
"1689","ID",1,2020,"H8ID01124","Fulcher, Russell M.","202012010","Republican",0.987137312234534,"F000469"
"1690","ID",1,2022,"H2ID01192","Kaylee Peterson","202212011","Democrat",-0.110933254351685,NA
"1691","ID",1,2022,"H8ID01124","Russ Fulcher","202212010","Republican",0.717138034401774,"F000469"
"1692","ID",2,2018,"H6ID02126","Rickards, Peter","201812021","Democrat",NA,NA
"1693","ID",2,2018,"H8ID02064","Simpson, Michael","201812020","Republican",0.922014634927586,"S001148"
"1694","ID",2,2018,"H8ID02148","Swisher, Aaron","201812021","Democrat",0.0015166427616427,NA
"1695","ID",2,2020,"H0ID02129","Rhoades, Kevin","202012020","Republican",NA,NA
"1696","ID",2,2020,"H8ID02064","Simpson, Michael K.","202012020","Republican",0.621302821201172,"S001148"
"1697","ID",2,2020,"H8ID02148","Swisher, Aaron","202012021","Democrat",-0.219362197688006,NA
"1698","ID",2,2022,"H2ID02190","Flint Christensen","202212020","Republican",0.535029754627007,NA
"1699","ID",2,2022,"H2ID02216","Wendy Norman","202212021","Democrat",-0.0930488482622391,NA
"1700","ID",2,2022,"H2ID02224","Daniel Algiers Lucas Levy","202212020","Republican",NA,NA
"1701","ID",2,2022,"H2ID02232","Chris Porter","202212020","Republican",NA,NA
"1702","ID",2,2022,"H4ID02063","Bryan Smith","202212020","Republican",1.59701642003696,NA
"1703","ID",2,2022,"H8ID02064","Mike Simpson","202212020","Republican",0.377566587068776,"S001148"
"1704","IL",1,2018,"H2IL01042","Rush, Bobby","201813011","Democrat",-0.595837100835275,"R000515"
"1705","IL",1,2018,"H6IL01175","Tillman III, Jimmy Lee","201813010","Republican",NA,NA
"1706","IL",1,2020,"H0IL01178","Emmons, Robert Jr.","202013011","Democrat",-1.74993950331204,NA
"1707","IL",1,2020,"H0IL01186","Gad, Sarah","202013011","Democrat",-1.12649786191379,NA
"1708","IL",1,2020,"H0IL01194","White, Philanise","202013010","Republican",0.558158359258891,NA
"1709","IL",1,2020,"H0IL01210","Matthews, Ameena","202013011","Democrat",-0.974756123260396,NA
"1710","IL",1,2020,"H2IL01042","Rush, Bobby L","202013011","Democrat",-0.425038496614818,"R000515"
"1711","IL",1,2022,"H0IL01194","Philanise White","202213010","Republican",0.127837557289173,NA
"1712","IL",1,2022,"H0IL01210","Ameena Matthews","202213011","Democrat",-1.25490298552771,NA
"1713","IL",1,2022,"H2IL01208","Jahmal Cole","202213011","Democrat",-1.39312402343358,NA
"1714","IL",1,2022,"H2IL01216","Kirby Birgans","202213011","Democrat",-1.23954296962746,NA
"1715","IL",1,2022,"H2IL01224","Michael Thompson","202213011","Democrat",-1.32241962449627,NA
"1716","IL",1,2022,"H2IL01232","Chris Butler","202213011","Democrat",-0.606517571671252,NA
"1717","IL",1,2022,"H2IL01265","Cassandra Goodrum","202213011","Democrat",-1.2578627741416,NA
"1718","IL",1,2022,"H2IL01281","Pat Dowell","202213011","Democrat",-0.770296498446249,NA
"1719","IL",1,2022,"H2IL01315","Jacqui Collins","202213011","Democrat",NA,NA
"1720","IL",1,2022,"H2IL01323","Eric Carlson","202213010","Republican",0.262018067903308,NA
"1721","IL",1,2022,"H2IL01331","Jonathan Swain","202213011","Democrat",NA,NA
"1722","IL",1,2022,"H2IL01349","Jonathan Jackson","202213011","Democrat",-0.896018324390849,"J000309"
"1723","IL",1,2022,"H2IL01364","Karin Norrington-Reaves","202213011","Democrat",-0.707949169060594,NA
"1724","IL",1,2022,"H2IL01372","Charise Williams","202213011","Democrat",-1.00752935147911,NA
"1725","IL",1,2022,"H2IL01380","Nykea Pippion McGriff","202213011","Democrat",NA,NA
"1726","IL",1,2022,"H2IL01398","Jeff Regnier","202213010","Republican",NA,NA
"1727","IL",1,2022,"H2IL01414","Terre Laynge Rosner","202213011","Democrat",-0.181167263042216,NA
"1728","IL",1,2022,"H2IL01422","Steven DeJoie","202213011","Democrat",NA,NA
"1729","IL",1,2022,"H2IL01430","Robert Palmer","202213011","Democrat",NA,NA
"1730","IL",1,2022,"H2IL16115","Geno Young","202213010","Republican",1.1692791065772,NA
"1731","IL",1,2022,NA,"Marcus Lewis","202213011","Democrat",NA,NA
"1732","IL",2,2018,"H2IL02172","Kelly, Robin","201813021","Democrat",-0.330407419815431,"K000385"
"1733","IL",2,2018,"H6IL02199","Morrow, John","201813020","Republican",-0.270167311923398,NA
"1734","IL",2,2018,"H8IL02112","Harmon, Patrick","201813020","Republican",NA,NA
"1735","IL",2,2018,"H8IL02120","Merkle, David","201813020","Republican",NA,NA
"1736","IL",2,2018,NA,"Lewis, Marcus","201813021","Democrat",-0.228143524645229,NA
"1737","IL",2,2020,"H0IL02127","Raborn, Theresa","202013020","Republican",-0.016646313944085,NA
"1738","IL",2,2020,"H2IL02156","Lewis, Marcus","202013021","Democrat",NA,NA
"1739","IL",2,2020,"H2IL02172","Kelly, Robin L.","202013021","Democrat",-0.504899885604447,"K000385"
"1740","IL",2,2022,"H2IL02172","Robin Kelly","202213021","Democrat",-0.871399319257009,"K000385"
"1741","IL",2,2022,"H2IL02198","Ashley Ramos","202213020","Republican",0.881217370601661,NA
"1742","IL",2,2022,"H2IL02214","Thomas Lynch","202213020","Republican",0.864363208549908,NA
"1743","IL",2,2022,NA,"Shane Cultra","202213020","Republican",NA,NA
"1744","IL",3,2018,"H4IL03077","Lipinski, Daniel","201813031","Democrat",-0.329888212751784,"L000563"
"1745","IL",3,2018,"H6IL03148","Jones, Arthur","201813030","Republican",0.346729951543705,NA
"1746","IL",3,2018,"H8IL03102","Newman, Marie","201813031","Democrat",-0.618758393022489,NA
"1747","IL",3,2020,"H0IL03109","Darwish, Rush","202013031","Democrat",-0.853461432624247,NA
"1748","IL",3,2020,"H0IL03117","Fricilone, Mike","202013030","Republican",NA,NA
"1749","IL",3,2020,"H0IL03125","O'Shea, Catherine","202013030","Republican",-0.308271532161146,NA
"1750","IL",3,2020,"H0IL03133","Hughes, Charles M.","202013031","Democrat",NA,NA
"1751","IL",3,2020,"H4IL03028","Jones, Arthur J.","202013030","Republican",0.289458350981377,NA
"1752","IL",3,2020,"H4IL03077","Lipinski, Daniel William","202013031","Democrat",-0.295658128049913,NA
"1753","IL",3,2020,"H8IL03102","Newman, Marie","202013031","Democrat",-1.22349252776248,"N000192"
"1754","IL",3,2022,"H2IL03154","Gil Villegas","202213031","Democrat",-1.02887227515113,NA
"1755","IL",3,2022,"H2IL03162","Delia Ramirez","202213031","Democrat",-1.23659590158341,"R000617"
"1756","IL",3,2022,"H2IL03170","Iymen Chehade","202213031","Democrat",-0.864306171269822,NA
"1757","IL",3,2022,"H2IL03188","Juan Aguirre","202213031","Democrat",NA,NA
"1758","IL",3,2022,"H2IL06082","Justin Burau","202213030","Republican",-0.12896651995576,NA
"1759","IL",4,2018,"H8IL04126","Gonzalez, Richard","201813041","Democrat",-0.25988629623383,NA
"1760","IL",4,2018,"H8IL04134","Garcia, Chuy","201813041","Democrat",-0.829010008193364,"G000586"
"1761","IL",4,2018,"H8IL04159","Flores, Sol","201813041","Democrat",-0.914404167764887,NA
"1762","IL",4,2018,"H8IL04175","Lorch, Mark Wayne","201813040","Republican",NA,NA
"1763","IL",4,2020,"H0IL04081","Solorio, Jesus","202013040","Republican",NA,NA
"1764","IL",4,2020,"H8IL04134","Garcia, Jesus","202013041","Democrat",-0.68238048878489,"G000586"
"1765","IL",4,2022,"H2IL04160","Jim Falakos","202213040","Republican",NA,NA
"1766","IL",4,2022,"H8IL04134","Jesus Garcia","202213041","Democrat",-1.2734391065796,"G000586"
"1767","IL",5,2018,"H0IL05096","Quigley, Mike","201813051","Democrat",-0.11503758535054,"Q000023"
"1768","IL",5,2018,"H8IL03136","Hanson, Tom","201813050","Republican",NA,NA
"1769","IL",5,2018,"H8IL05115","Wolf, Benjamin Thomas","201813051","Democrat",-0.814861601464769,NA
"1770","IL",5,2018,"H8IL05123","Mustafa, Sameena","201813051","Democrat",-0.895698175662328,NA
"1771","IL",5,2018,"H8IL05131","Schwartzberg, Steven","201813051","Democrat",-0.184574608346312,NA
"1772","IL",5,2020,"H0IL05096","Quigley, Mike","202013051","Democrat",-0.180383364300931,"Q000023"
"1773","IL",5,2020,"H0IL05351","Burns, Brian","202013051","Democrat",-0.918835000174893,NA
"1774","IL",5,2020,"H4IL05130","Ladien, Kimball","202013050","Republican",NA,NA
"1775","IL",5,2020,"H8IL05073","Hanson, Tom","202013050","Republican",NA,NA
"1776","IL",5,2022,"H0IL05096","Mike Quigley","202213051","Democrat",-0.354126536813995,"Q000023"
"1777","IL",5,2022,"H2IL05217","Malgorzata McGonigal","202213050","Republican",NA,NA
"1778","IL",5,2022,"H8IL05073","Tom Hanson","202213050","Republican",NA,NA
"1779","IL",6,2018,"H6IL06117","Roskam, Peter","201813060","Republican",0.331307048736258,NA
"1780","IL",6,2018,"H6IL06166","Howland, Amanda","201813061","Democrat",-1.05894648043486,NA
"1781","IL",6,2018,"H8IL06105","Zordani, Jennifer","201813061","Democrat",-0.101166248354163,NA
"1782","IL",6,2018,"H8IL06121","Mazeski, Kelly","201813061","Democrat",-0.873621651166192,NA
"1783","IL",6,2018,"H8IL06139","Casten, Sean","201813061","Democrat",-0.580701602367505,"C001117"
"1784","IL",6,2018,"H8IL06147","Cheney, Carole","201813061","Democrat",-0.868436833289959,NA
"1785","IL",6,2018,"H8IL06154","Wilkins, Becky Anderson","201813061","Democrat",-0.349413320409939,NA
"1786","IL",6,2018,"H8IL06162","Huffman, Ryan","201813061","Democrat",-0.770730805795868,NA
"1787","IL",6,2020,"H0IL06060","Ives, JeanneÊ","202013060","Republican",0.227173586311485,NA
"1788","IL",6,2020,"H0IL06078","Kinzler, Gordon","202013060","Republican",1.19880762979861,NA
"1789","IL",6,2020,"H8IL06139","Casten, Sean","202013061","Democrat",-0.449939577803906,"C001117"
"1790","IL",6,2022,"H0IL03125","Cathy O'Shea","202213060","Republican",NA,NA
"1791","IL",6,2022,"H2IL03147","Rob Cruz","202213060","Republican",0.448511855332626,NA
"1792","IL",6,2022,"H2IL06090","Niki Conforti","202213060","Republican",0.816433319321927,NA
"1793","IL",6,2022,"H2IL06116","Keith Pekau","202213060","Republican",0.469950791567229,NA
"1794","IL",6,2022,"H2IL06124","Gary Grasso","202213060","Republican",1.21502120364768,NA
"1795","IL",6,2022,"H2IL06132","Scott Kasper","202213060","Republican",NA,NA
"1796","IL",6,2022,"H8IL03102","Marie Newman","202213061","Democrat",-1.18912763611674,NA
"1797","IL",6,2022,"H8IL06139","Sean Casten","202213061","Democrat",-0.852060671291993,"C001117"
"1798","IL",6,2022,NA,"Charles Hughes","202213061","Democrat",NA,NA
"1799","IL",7,2018,"H4IL07037","Davis, Danny","201813071","Democrat",-0.536966216004199,"D000096"
"1800","IL",7,2018,"H6IL07305","Leef, Jeffrey","201813070","Republican",NA,NA
"1801","IL",7,2018,"H8IL07103","Clark, Anthony","201813071","Democrat",-0.64502333151763,NA
"1802","IL",7,2018,"H8IL17045","Cameron, Craig","201813070","Republican",0.1747933478765,NA
"1803","IL",7,2020,"H0IL07167","Collins, Kina","202013071","Democrat",-1.32448955174634,NA
"1804","IL",7,2020,"H0IL07175","Schanbacher, Kristine","202013071","Democrat",-1.62241422170156,NA
"1805","IL",7,2020,"H4IL07037","Davis, Danny K","202013071","Democrat",NA,"D000096"
"1806","IL",7,2020,"H8IL07103","Clark, Anthony V.","202013071","Democrat",-0.976560817973466,NA
"1807","IL",7,2020,"H8IL17045","Cameron, Craig","202013070","Republican",NA,NA
"1808","IL",7,2022,"H0IL07167","Kina Collins","202213071","Democrat",-1.19988872254244,NA
"1809","IL",7,2022,"H4IL07037","Danny Davis","202213071","Democrat",NA,"D000096"
"1810","IL",7,2022,NA,"Denarvis Mendenhall","202213071","Democrat",-1.06900479799038,NA
"1811","IL",8,2018,"H6IL08147","Krishnamoorthi, Raja","201813081","Democrat",-0.554124528332179,"K000391"
"1812","IL",8,2018,"H8IL08101","Diganvker, Jitendra","201813080","Republican",0.866267799634925,NA
"1813","IL",8,2020,"H0IL08140","Hussain, Inam","202013081","Democrat",-0.496267081733207,NA
"1814","IL",8,2020,"H0IL08157","Olson, William","202013081","Democrat",NA,NA
"1815","IL",8,2020,"H6IL08147","Krishnamoorthi, Raja","202013081","Democrat",-0.585609150126156,"K000391"
"1816","IL",8,2022,"H2IL08146","Junaid Ahmed","202213081","Democrat",-0.79696738400381,NA
"1817","IL",8,2022,"H2IL08161","Peter Kopsaftis","202213080","Republican",0.800737187361801,NA
"1818","IL",8,2022,"H2IL08179","Karen Kolodziej","202213080","Republican",0.821560215017152,NA
"1819","IL",8,2022,"H2IL08187","Chris Dargis","202213080","Republican",0.74101924848544,NA
"1820","IL",8,2022,"H2IL08195","Phil Wood","202213080","Republican",0.975276674502321,NA
"1821","IL",8,2022,"H2IL08203","Chad Koppie","202213080","Republican",0.584247363797287,NA
"1822","IL",8,2022,"H6IL08147","Raja Krishnamoorthi","202213081","Democrat",-0.370135488504172,"K000391"
"1823","IL",9,2018,"H8IL09067","Schakowsky, Janice","201813091","Democrat",-0.795068171884861,"S001145"
"1824","IL",9,2018,"H8IL09174","Rice, Maxwell","201813090","Republican",NA,NA
"1825","IL",9,2018,"H8IL09190","Sangari, Sargis","201813090","Republican",NA,NA
"1826","IL",9,2018,"H8IL09216","Thomas Jr, Vincent","201813090","Republican",-0.0942444307577741,NA
"1827","IL",9,2018,"H8IL09224","Elleson, John","201813090","Republican",0.675117328238984,NA
"1828","IL",9,2020,"H0IL09098","Heldut, Andrew","202013091","Democrat",NA,NA
"1829","IL",9,2020,"H8IL09067","Schakowsky, Janice D.","202013091","Democrat",-0.87664023106492,"S001145"
"1830","IL",9,2020,"H8IL09190","Sangari, Sargis","202013090","Republican",NA,NA
"1831","IL",9,2022,"H8IL09067","Jan Schakowsky","202213091","Democrat",-0.727638434240779,"S001145"
"1832","IL",9,2022,"H8IL09174","Max Rice","202213090","Republican",NA,NA
"1833","IL",10,2018,"H2IL10068","Schneider, Brad","201813101","Democrat",-0.200650124503089,"S001190"
"1834","IL",10,2018,"H2IL10092","Rutagwibira, Aloys","201813100","Republican",NA,NA
"1835","IL",10,2018,"H8IL10115","Bennett, Douglas","201813100","Republican",0.555251413529799,NA
"1836","IL",10,2018,"H8IL10123","Wynes, Jeremy","201813100","Republican",0.17754367112395,NA
"1837","IL",10,2018,"H8IL10131","Shah, Sapan","201813100","Republican",0.51350207348462,NA
"1838","IL",10,2020,"H0IL10351","Mukherjee, Valerie Ramirez","202013100","Republican",NA,NA
"1839","IL",10,2020,"H0IL10377","Broad, Adam","202013101","Democrat",NA,NA
"1840","IL",10,2020,"H2IL10068","Schneider, Brad","202013101","Democrat",-0.396824813563052,"S001190"
"1841","IL",10,2022,"H0IL10393","Joe Severino","202213100","Republican",1.07345266015075,NA
"1842","IL",10,2022,"H2IL10068","Brad Schneider","202213101","Democrat",-0.440095028994828,"S001190"
"1843","IL",11,2018,"H6IL11133","Stella, Nick","201813110","Republican",0.521630134670327,NA
"1844","IL",11,2018,"H6IL18146","Vlakancic, Connor","201813110","Republican",NA,NA
"1845","IL",11,2018,"H8IL14067","Foster, Bill","201813111","Democrat",-0.330064402303062,"F000454"
"1846","IL",11,2020,"H0IL11102","Ventura, Rachel","202013111","Democrat",-0.944206087095803,NA
"1847","IL",11,2020,"H0IL11110","Laib, Rick","202013110","Republican",NA,NA
"1848","IL",11,2020,"H0IL11128","Bansal, Krishna K.","202013110","Republican",0.214008498194827,NA
"1849","IL",11,2020,"H8IL14067","Foster, Bill","202013111","Democrat",-0.535933817810618,"F000454"
"1850","IL",11,2022,"H2IL11157","Cassandra Miller","202213110","Republican",0.439172889546856,NA
"1851","IL",11,2022,"H2IL11165","Andrea Heeg","202213110","Republican",0.885368423682842,NA
"1852","IL",11,2022,"H2IL11173","Jerry Evans","202213110","Republican",0.886161337609501,NA
"1853","IL",11,2022,"H2IL11207","Mark Carroll","202213110","Republican",NA,NA
"1854","IL",11,2022,"H2IL11264","Susan Hathaway Altman","202213110","Republican",0.57107874651897,NA
"1855","IL",11,2022,"H2IL16107","Catalina Lauf","202213110","Republican",1.67193862351123,NA
"1856","IL",11,2022,"H8IL14067","Bill Foster","202213111","Democrat",-0.378920201535561,"F000454"
"1857","IL",12,2018,"H4IL12060","Bost, Mike","201813120","Republican",0.832059814467428,"B001295"
"1858","IL",12,2018,"H8IL12103","Bequette, David","201813121","Democrat",-0.410611413126606,NA
"1859","IL",12,2018,"H8IL12129","Kelly, Brendan","201813121","Democrat",-0.473554207850228,NA
"1860","IL",12,2018,NA,"Nelson, Preston","201813120","Republican",0.188739607481473,NA
"1861","IL",12,2020,"H0IL12092","Funk, Joel","202013121","Democrat",-0.619412705996806,NA
"1862","IL",12,2020,"H0IL12100","Lenzi, Raymond","202013121","Democrat",-1.03272129415939,NA
"1863","IL",12,2020,"H4IL12060","Bost, Mike","202013120","Republican",0.857593295267142,"B001295"
"1864","IL",12,2022,"H2IL12197","Homer Markel","202213121","Democrat",-0.248342490895445,NA
"1865","IL",12,2022,"H4IL12060","Mike Bost","202213120","Republican",1.0496474943962,"B001295"
"1866","IL",12,2022,NA,"Joshua Qualls","202213121","Democrat",NA,NA
"1867","IL",13,2018,"H2IL13120","Davis, Rodney","201813130","Republican",0.488007365483267,"D000619"
"1868","IL",13,2018,"H6IL13113","Gill, David","201813131","Democrat",-0.722737288281156,NA
"1869","IL",13,2018,"H8IL13150","Londrigan, Betsy Dirksen","201813131","Democrat",-1.11064230086358,NA
"1870","IL",13,2018,"H8IL13168","Jones, Erik","201813131","Democrat",NA,NA
"1871","IL",13,2018,"H8IL13176","Ebel, Jon","201813131","Democrat",-0.477611513071898,NA
"1872","IL",13,2018,NA,"Sides, Angel","201813131","Democrat",NA,NA
"1873","IL",13,2020,"H0IL13066","Smith, Stefanie","202013131","Democrat",-1.10501689279568,NA
"1874","IL",13,2020,"H2IL13120","Davis, Rodney L.","202013130","Republican",0.067187807511961,"D000619"
"1875","IL",13,2020,"H8IL13150","Dirksen Londrigan, Betsy","202013131","Democrat",NA,NA
"1876","IL",13,2022,"H2IL13146","David Palmer","202213131","Democrat",-0.565467566788728,NA
"1877","IL",13,2022,"H2IL13153","Nikki Budzinski","202213131","Democrat",-0.984056186226533,"B001315"
"1878","IL",13,2022,"H2IL13161","Jesse Reising","202213130","Republican",NA,NA
"1879","IL",13,2022,"H2IL13179","Regan Deering","202213130","Republican",0.787185840485405,NA
"1880","IL",13,2022,"H2IL13195","Matt Hausman","202213130","Republican",NA,NA
"1881","IL",13,2022,"H2IL13203","Terry Martin","202213130","Republican",0.170241854673573,NA
"1882","IL",14,2018,"H0IL14080","Hultgren, Randy","201813140","Republican",0.106563038278422,NA
"1883","IL",14,2018,"H4IL14124","Hosta, John","201813141","Democrat",0.192303432710738,NA
"1884","IL",14,2018,"H6IL14129","Walz, Jim","201813141","Democrat",-0.734180353742639,NA
"1885","IL",14,2018,"H8IL14141","Swanson, Victor","201813141","Democrat",0.0766584302799027,NA
"1886","IL",14,2018,"H8IL14158","Weber, George","201813141","Democrat",-0.595484099498256,NA
"1887","IL",14,2018,"H8IL14166","Brolley, Matthew","201813141","Democrat",-0.678367233247271,NA
"1888","IL",14,2018,"H8IL14174","Underwood, Lauren","201813141","Democrat",-0.714039345060654,"U000040"
"1889","IL",14,2018,NA,"Roldan-Johnson, Daniel","201813141","Democrat",-0.533304623628433,NA
"1890","IL",14,2020,"H0IL14163","Gradel, Ted","202013140","Republican",1.08839497418451,NA
"1891","IL",14,2020,"H0IL14189","Rezin, Sue","202013140","Republican",0.392805120204417,NA
"1892","IL",14,2020,"H0IL14197","Lauf, Catalina","202013140","Republican",1.04658894663723,NA
"1893","IL",14,2020,"H0IL14205","Catella, Anthony","202013140","Republican",NA,NA
"1894","IL",14,2020,"H0IL14213","Evans, Jerry","202013140","Republican",1.23027539398574,NA
"1895","IL",14,2020,"H8IL14083","Oberweis, Jim","202013140","Republican",0.951622818831364,NA
"1896","IL",14,2020,"H8IL14174","Underwood, Lauren","202013141","Democrat",-0.800726287934468,"U000040"
"1897","IL",14,2020,"H8IL16153","Marter, James T.","202013140","Republican",1.5345636456527,NA
"1898","IL",14,2022,"H2IL14094","Mike Koolidge","202213140","Republican",1.26025182538072,NA
"1899","IL",14,2022,"H2IL14102","Scott Gryder","202213140","Republican",0.751566297889285,NA
"1900","IL",14,2022,"H2IL14136","Jamie Milton","202213140","Republican",0.554071665466904,NA
"1901","IL",14,2022,"H2IL16081","Jack Lombardi","202213140","Republican",1.42390535085385,NA
"1902","IL",14,2022,"H8IL14174","Lauren Underwood","202213141","Democrat",-0.756592033058837,"U000040"
"1903","IL",14,2022,"H8IL16153","Jim Marter","202213140","Republican",1.38296475682897,NA
"1904","IL",15,2018,"H2IL20042","Shimkus, John","201813150","Republican",1.43038675935105,"S000364"
"1905","IL",15,2018,"H8IL15056","Spoerer, Carl","201813151","Democrat",-0.765745289130026,NA
"1906","IL",15,2018,"H8IL15072","Gaither, Kevin","201813151","Democrat",-0.695218187298848,NA
"1907","IL",15,2020,"H0IL15095","Hursey, John Jr.","202013151","Democrat",NA,NA
"1908","IL",15,2020,"H0IL15129","Miller, Mary","202013150","Republican",1.43263515547292,"M001211"
"1909","IL",15,2020,"H0IL15145","Wolff, Kerry A.","202013150","Republican",1.20233768425942,NA
"1910","IL",15,2020,"H0IL15186","Duncan, Darren E.","202013150","Republican",0.339747375775863,NA
"1911","IL",15,2020,"H0IL15194","Weaver, Erika","202013151","Democrat",-1.18103207990545,NA
"1912","IL",15,2020,"H0IL15202","Ellington, Chuck","202013150","Republican",0.63327770208489,NA
"1913","IL",15,2020,"H0IL15210","Morton, Craig","202013151","Democrat",-0.167177061515111,NA
"1914","IL",15,2020,"H8IL15072","Gaither, Kevin","202013151","Democrat",-0.229911833835778,NA
"1915","IL",15,2022,"H0IL15129","Mary Miller","202213150","Republican",NA,"M001211"
"1916","IL",15,2022,"H2IL13120","Rodney Davis","202213150","Republican",0.721103989987907,NA
"1917","IL",15,2022,"H2IL15109","Paul Lange","202213151","Democrat",NA,NA
"1918","IL",16,2018,"H0IL11052","Kinzinger, Adam","201813160","Republican",0.904518512929044,"K000378"
"1919","IL",16,2018,"H8IL16096","Mohammad, Neill","201813161","Democrat",NA,NA
"1920","IL",16,2018,"H8IL16120","Dady, Sara","201813161","Democrat",-1.16718433085905,NA
"1921","IL",16,2018,"H8IL16146","Briel, Murri","201813161","Democrat",-0.806835750903987,NA
"1922","IL",16,2018,"H8IL16153","Marter, Jim","201813160","Republican",1.66097806279822,NA
"1923","IL",16,2018,"H8IL16161","Vercolio-Osmund, Beth","201813161","Democrat",-0.367195934320517,NA
"1924","IL",16,2020,"H0IL11052","Kinzinger, Adam","202013160","Republican",0.860156336785796,"K000378"
"1925","IL",16,2020,"H0IL16184","Brzozowski, Dani","202013161","Democrat",-0.771174188402883,NA
"1926","IL",16,2022,"H0IL01145","JoAnne Guillemette","202213160","Republican",1.24149310427568,NA
"1927","IL",16,2022,"H2IL16123","Michael Rebresh","202213160","Republican",0.941439523350285,NA
"1928","IL",16,2022,"H2IL16131","Walt Peters","202213160","Republican",0.723823887253688,NA
"1929","IL",16,2022,"H2IL16156","Elizabeth Haderlein","202213161","Democrat",NA,NA
"1930","IL",16,2022,"H6IL18088","Darin LaHood","202213160","Republican",1.3642808259951,"L000585"
"1931","IL",17,2018,"H2IL17071","Bustos, Cheri","201813171","Democrat",0.100498355771762,"B001286"
"1932","IL",17,2018,"H4IL17077","Fawell, Bill","201813170","Republican",0.390859720363635,NA
"1933","IL",17,2020,"H0IL17083","King, Esther Joy","202013170","Republican",0.847385344485853,NA
"1934","IL",17,2020,"H0IL17125","Edwards, Spanky","202013171","Democrat",NA,NA
"1935","IL",17,2020,"H2IL17071","Bustos, Cheri","202013171","Democrat",0.127391009601203,"B001286"
"1936","IL",17,2020,"H4IL17077","Fawell, William W.","202013170","Republican",0.557774686080281,NA
"1937","IL",17,2022,"H0IL17083","Esther Joy King","202213170","Republican",0.484488413610945,NA
"1938","IL",17,2022,"H2IL16065","Marsha Williams","202213171","Democrat",-1.36344651750257,NA
"1939","IL",17,2022,"H2IL17113","Angie Normoyle","202213171","Democrat",-0.833620008763198,NA
"1940","IL",17,2022,"H2IL17121","Jonathan Logemann","202213171","Democrat",-0.643638547269841,NA
"1941","IL",17,2022,"H2IL17139","Litesa Wallace","202213171","Democrat",-0.843021810684865,NA
"1942","IL",17,2022,"H2IL17147","Eric Sorensen","202213171","Democrat",-1.10672972123973,"S001225"
"1943","IL",17,2022,"H2IL17162","Jackie McGowan","202213171","Democrat",0.0136296900813608,NA
"1944","IL",17,2022,"H2IL17170","Charlie Helmick","202213170","Republican",-0.074762579774609,NA
"1945","IL",18,2018,"H0IL11086","Miller, Darrell","201813181","Democrat",-0.443504529422055,NA
"1946","IL",18,2018,"H6IL18088","LaHood, Darin","201813180","Republican",1.19933449499519,"L000585"
"1947","IL",18,2018,"H6IL18138","Rients, Donald Ray","201813180","Republican",NA,NA
"1948","IL",18,2018,"H6IL18161","Rodriguez, Junius","201813181","Democrat",-0.374132582946258,NA
"1949","IL",18,2018,"H8IL18092","Deters, Brian","201813181","Democrat",-0.45194787188219,NA
"1950","IL",18,2020,"H0IL18073","Petrilli, George","202013181","Democrat",NA,NA
"1951","IL",18,2020,"H6IL18088","LaHood, Darin","202013180","Republican",1.22173130519634,"L000585"
"1952","IN",1,2018,"H4IN01012","Visclosky, Peter","201814011","Democrat",-0.390556863307961,"V000108"
"1953","IN",1,2018,"H6IN01207","Meyer, John","201814010","Republican",NA,NA
"1954","IN",1,2018,"H8IN01096","Leyva, Mark","201814010","Republican",-0.0394661442324527,NA
"1955","IN",1,2018,"H8IN01179","Ivanovich, Rose","201814010","Republican",-0.448586095224624,NA
"1956","IN",1,2018,"H8IN01187","Pappas, Nicholas","201814010","Republican",NA,NA
"1957","IN",1,2018,NA,"Daggett, Antonio","201814011","Democrat",NA,NA
"1958","IN",1,2018,NA,"Belko, Jeremy","201814010","Republican",NA,NA
"1959","IN",1,2018,NA,"Chubb, Larry","201814011","Democrat",-0.599031004441226,NA
"1960","IN",1,2018,NA,"Dopp, David","201814010","Republican",NA,NA
"1961","IN",1,2020,"H0IN01135","McDermott, Thomas M. Jr.","202014011","Democrat",-0.745772491354025,NA
"1962","IN",1,2020,"H0IN01143","Harper, Jim","202014011","Democrat",NA,NA
"1963","IN",1,2020,"H0IN01150","Mrvan, Frank J.","202014011","Democrat",-1.03146346175016,"M001214"
"1964","IN",1,2020,"H0IN01168","Reardon, Mara Candelaria","202014011","Democrat",-0.457848611981009,NA
"1965","IN",1,2020,"H0IN01176","Farrar, Ryan","202014011","Democrat",NA,NA
"1966","IN",1,2020,"H0IN01184","Haake, Sabrina","202014011","Democrat",-1.0006686531651,NA
"1967","IN",1,2020,"H0IN01192","Mosby, Wendell","202014011","Democrat",-0.845300416612737,NA
"1968","IN",1,2020,"H0IN01200","Borom, Melissa","202014011","Democrat",-1.12039536228015,NA
"1969","IN",1,2020,"H0IN01218","Scaife, Delano Michael","202014010","Republican",0.379657456160827,NA
"1970","IN",1,2020,"H0IN01226","Lemmons, Spencer T.","202014010","Republican",0.346203479223463,NA
"1971","IN",1,2020,"H0IN01234","Bergeron, Dion Michael","202014010","Republican",-0.123473964844416,NA
"1972","IN",1,2020,"H0IN01242","Handley, Mont Andrew","202014010","Republican",0.149757616382682,NA
"1973","IN",1,2020,"H0IN01267","Costello, Scott","202014011","Democrat",NA,NA
"1974","IN",1,2020,"H0IN01283","Castro, Carrie","202014011","Democrat",NA,NA
"1975","IN",1,2020,"H0IN01291","Hall, John Henry","202014011","Democrat",NA,NA
"1976","IN",1,2020,"H0IN01309","Sylwestrowicz, Andrew","202014011","Democrat",NA,NA
"1977","IN",1,2020,"H0IN01317","Powers, William F.","202014010","Republican",NA,NA
"1978","IN",1,2020,"H6IN01157","Reeves, Jayson","202014011","Democrat",-0.634578404961067,NA
"1979","IN",1,2020,"H8IN01096","Leyva, Mark J.","202014010","Republican",NA,NA
"1980","IN",1,2020,"H8IN01146","Daggett, Antonio Sr.","202014011","Democrat",-0.478882037054404,NA
"1981","IN",1,2022,"H0IN01150","Frank Mrvan","202214011","Democrat",-0.739576587667688,"M001214"
"1982","IN",1,2022,"H2IN01172","Jennifer-Ruth Green","202214010","Republican",0.492121049265119,NA
"1983","IN",1,2022,"H2IN01180","Ben Ruiz","202214010","Republican",0.72579065699841,NA
"1984","IN",1,2022,"H2IN01198","Blair E. Milo","202214010","Republican",0.786954507760459,NA
"1985","IN",1,2022,"H2IN01206","Martin Lucas","202214010","Republican",0.196174093472218,NA
"1986","IN",1,2022,"H2IN01222","Aaron Storer","202214010","Republican",0.778324737154447,NA
"1987","IN",1,2022,"H2IN01230","Richard Fantin","202214011","Democrat",NA,NA
"1988","IN",1,2022,NA,"Mark Leyva","202214010","Republican",1.05211398808144,NA
"1989","IN",1,2022,NA,"Nicholas Pappas","202214010","Republican",NA,NA
"1990","IN",2,2018,"H0IN02190","Walorski, Jackie","201814020","Republican",0.380251472021536,"W000813"
"1991","IN",2,2018,"H4IN02150","Carpenter, Douglas","201814021","Democrat",NA,NA
"1992","IN",2,2018,"H8IN02169","Hall, Mel","201814021","Democrat",-0.111520508406068,NA
"1993","IN",2,2018,"H8IN02177","Hackett, Pat","201814021","Democrat",-1.15362366452565,NA
"1994","IN",2,2018,"H8IN02185","Joshi, Yatish","201814021","Democrat",-0.969981319018126,NA
"1995","IN",2,2018,NA,"Summe, Mark","201814020","Republican",NA,NA
"1996","IN",2,2018,NA,"Petroff, John","201814021","Democrat",NA,NA
"1997","IN",2,2018,NA,"Leech, Roland","201814021","Democrat",NA,NA
"1998","IN",2,2020,"H0IN02190","Walorski, Jackie","202014020","Republican",1.01069323799766,"W000813"
"1999","IN",2,2020,"H0IN02232","Marks, Ellen L.","202014021","Democrat",-1.72025324717953,NA
"2000","IN",2,2020,"H0IN02240","Davis, Christopher Glenn","202014020","Republican",NA,NA
"2001","IN",2,2020,"H8IN02177","Hackett, Patricia","202014021","Democrat",-1.16823536172907,NA
"2002","IN",2,2022,"H0IN02190","Jackie Walorski","202214020","Republican",1.03897063921528,NA
"2003","IN",2,2022,"H2IN02279","Paul Steury","202214021","Democrat",-0.755892364369488,NA
"2004","IN",3,2018,"H2IN03160","Roberson, John","201814031","Democrat",NA,NA
"2005","IN",3,2018,"H6IN03187","Schrader, Tommy","201814031","Democrat",NA,NA
"2006","IN",3,2018,"H6IN03229","Banks, Jim","201814030","Republican",0.88519900210808,"B001299"
"2007","IN",3,2018,"H8IN03076","Tritch, Courtney","201814031","Democrat",-0.368457703423488,NA
"2008","IN",3,2020,"H0IN03222","Magiera, Christopher","202014030","Republican",1.43996915884447,NA
"2009","IN",3,2020,"H0IN03230","Coldiron, Chip","202014031","Democrat",-0.576528867223799,NA
"2010","IN",3,2020,"H0IN03248","Marcano, Carlos Cruz Jr.","202014031","Democrat",-1.225217660567,NA
"2011","IN",3,2020,"H0IN03255","Kalonji, Jean-Paul B.","202014031","Democrat",NA,NA
"2012","IN",3,2020,"H6IN03187","Schrader, Thomas Allen","202014031","Democrat",NA,NA
"2013","IN",3,2020,"H6IN03229","Banks, James","202014030","Republican",0.833397923813759,"B001299"
"2014","IN",3,2022,"H2IN03202","Gary L. Snyder","202214031","Democrat",-0.875250628882097,NA
"2015","IN",3,2022,"H6IN03229","Jim Banks","202214030","Republican",0.386777284507843,"B001299"
"2016","IN",3,2022,NA,"Aaaron Calkins","202214031","Democrat",NA,NA
"2017","IN",3,2022,NA,"Phillip Beachy","202214031","Democrat",NA,NA
"2018","IN",4,2018,"H0IN06084","Griesey, Darin","201814041","Democrat",NA,NA
"2019","IN",4,2018,"H4IN04230","Day, Roger","201814041","Democrat",NA,NA
"2020","IN",4,2018,"H8IN04124","Beck, Tobi","201814041","Democrat",-0.681966197391934,NA
"2021","IN",4,2018,"H8IN04140","Mackey, Joe","201814041","Democrat",-0.694841702750026,NA
"2022","IN",4,2018,"H8IN04157","Morales, Diego","201814040","Republican",NA,NA
"2023","IN",4,2018,"H8IN04165","Braun, Steve","201814040","Republican",0.812104795522292,NA
"2024","IN",4,2018,"H8IN04181","Thomas, Jared","201814040","Republican",0.0224112172808065,NA
"2025","IN",4,2018,"H8IN04199","Baird, Jim","201814040","Republican",NA,"B001307"
"2026","IN",4,2018,"H8IN04215","Radice, Tim","201814040","Republican",1.05882869651738,NA
"2027","IN",4,2018,"H8IN04249","Ellis, Roland","201814041","Democrat",NA,NA
"2028","IN",4,2018,"H8IN04256","Ziol, Veronikka","201814041","Democrat",NA,NA
"2029","IN",4,2018,"H8IN04264","Nease, James","201814040","Republican",NA,NA
"2030","IN",4,2018,NA,"Grant, Kevin","201814040","Republican",0.762787716815537,NA
"2031","IN",4,2020,"H0IN04303","Frederick, Benjamin","202014041","Democrat",NA,NA
"2032","IN",4,2020,"H4IN04206","Pollchik, Howard Joseph","202014041","Democrat",NA,NA
"2033","IN",4,2020,"H8IN04140","Mackey, Joseph","202014041","Democrat",-0.796573917373564,NA
"2034","IN",4,2020,"H8IN04199","Baird, James","202014040","Republican",NA,"B001307"
"2035","IN",4,2020,"H8IN04256","Ziol, Veronikka","202014041","Democrat",NA,NA
"2036","IN",4,2022,"H4IN04206","Howard J. Pollchik","202214041","Democrat",NA,NA
"2037","IN",4,2022,"H8IN04199","Jim Baird","202214040","Republican",NA,"B001307"
"2038","IN",4,2022,"H8IN04231","Roger D. Day","202214041","Democrat",NA,NA
"2039","IN",5,2018,"H2IN05082","Brooks, Susan","201814050","Republican",0.562920028710189,"B001284"
"2040","IN",5,2018,"H8IN05147","Dugdale, Sean","201814051","Democrat",NA,NA
"2041","IN",5,2018,"H8IN05170","Douglas, Dion","201814051","Democrat",-0.373183092394024,NA
"2042","IN",5,2018,"H8IN05188","Thornton, Dee","201814051","Democrat",-1.09135174106123,NA
"2043","IN",5,2018,"H8IN05204","Moore, Kyle","201814051","Democrat",-0.508486604203789,NA
"2044","IN",5,2018,NA,"Faraggi, Eshel","201814051","Democrat",0.0556872093482663,NA
"2045","IN",5,2020,"H0IN05185","Niederberger, Daniel Jr.","202014050","Republican",0.810069392839389,NA
"2046","IN",5,2020,"H0IN05201","Beckwith, Micah","202014050","Republican",1.44407271970987,NA
"2047","IN",5,2020,"H0IN05219","Hale, Christina","202014051","Democrat",-1.19449972125893,NA
"2048","IN",5,2020,"H0IN05227","Jacobs, Andrew Jr.","202014051","Democrat",-0.41186779338719,NA
"2049","IN",5,2020,"H0IN05243","Mitchell, Kelly Maureen","202014050","Republican",0.687707365813905,NA
"2050","IN",5,2020,"H0IN05250","Dietzen, Chuck","202014050","Republican",1.19553432642892,NA
"2051","IN",5,2020,"H0IN05268","Abernathy, Kent","202014050","Republican",1.56537084193442,NA
"2052","IN",5,2020,"H0IN05276","Henderson, Beth Elaine","202014050","Republican",0.921984853523174,NA
"2053","IN",5,2020,"H0IN05284","Bales, Andrew Peter","202014050","Republican",0.347877523677228,NA
"2054","IN",5,2020,"H0IN05292","Small, Mark","202014050","Republican",NA,NA
"2055","IN",5,2020,"H0IN05318","Hook, Matthew Caroll","202014050","Republican",-0.0931431613621599,NA
"2056","IN",5,2020,"H0IN05326","Spartz, Victoria","202014050","Republican",1.31621470605954,"S000929"
"2057","IN",5,2020,"H0IN05334","Brizzi, Carl Joseph","202014050","Republican",0.580501360046827,NA
"2058","IN",5,2020,"H0IN05359","Hullinger, Matthew","202014050","Republican",NA,NA
"2059","IN",5,2020,"H4IN05088","Wakley, Victor Dean","202014050","Republican",NA,NA
"2060","IN",5,2020,"H4IN05112","Davidson, Allen Ray","202014050","Republican",-0.10397716505564,NA
"2061","IN",5,2020,"H6IN03088","Spelbring, Ralph","202014051","Democrat",NA,NA
"2062","IN",5,2020,"H6IN07204","Stwalley, Russell H.","202014050","Republican",0.283131569611799,NA
"2063","IN",5,2020,"H8IN05188","Thornton, Dierdre","202014051","Democrat",-1.09151182582902,NA
"2064","IN",5,2020,"H8IN05196","Christie, Jennifer","202014051","Democrat",-0.847756758801606,NA
"2065","IN",5,2022,"H0IN05326","Victoria Spartz","202214050","Republican",1.26481661281625,"S000929"
"2066","IN",5,2022,"H2IN05157","Matthew L. Hall","202214051","Democrat",-0.943066759510029,NA
"2067","IN",5,2022,"H8IN06202","Jeannine Lee Lake","202214051","Democrat",-0.571705027750495,NA
"2068","IN",6,2018,"H2IN06189","Siekman, Lane","201814061","Democrat",-0.0771066623282508,NA
"2069","IN",6,2018,"H6IN06024","Holland, George","201814061","Democrat",NA,NA
"2070","IN",6,2018,"H8IN04223","Lave, K","201814061","Democrat",NA,NA
"2071","IN",6,2018,"H8IN06079","Lamb, Jonathan","201814060","Republican",1.77647312115576,NA
"2072","IN",6,2018,"H8IN06087","Pruett, Jim","201814061","Democrat",-0.355990591739381,NA
"2073","IN",6,2018,"H8IN06103","MacKenzie, Stephen","201814060","Republican",1.50780138104566,NA
"2074","IN",6,2018,"H8IN06129","Pence, Greg","201814060","Republican",NA,"P000615"
"2075","IN",6,2018,"H8IN06152","Lake, Jeannine","201814061","Democrat",-0.121343564312664,NA
"2076","IN",6,2018,NA,"Campbell, Mike","201814060","Republican",NA,NA
"2077","IN",6,2018,NA,"Williamson, Joshua","201814061","Democrat",-0.227532381926877,NA
"2078","IN",6,2018,NA,"Smith, Jeff","201814060","Republican",NA,NA
"2079","IN",6,2020,"H6IN06024","Holland, George T.","202014061","Democrat",NA,NA
"2080","IN",6,2020,"H6IN06149","Welsh, Barry A.","202014061","Democrat",NA,NA
"2081","IN",6,2020,"H8IN06129","Pence, Gregory","202014060","Republican",1.0276782150145,"P000615"
"2082","IN",6,2020,"H8IN06152","Lake, Jeannine","202014061","Democrat",-0.748924373203408,NA
"2083","IN",6,2020,"H8IN06160","Campbell, Mike","202014060","Republican",NA,NA
"2084","IN",6,2022,"H2IN06304","Cynthia Wirth","202214061","Democrat",-1.14416062610624,NA
"2085","IN",6,2022,"H6IN06024","George Holland","202214061","Democrat",0.381522199281593,NA
"2086","IN",6,2022,"H8IN06129","Greg Pence","202214060","Republican",0.760992075184207,"P000615"
"2087","IN",6,2022,"H8IN09131","James Dean Alspach","202214060","Republican",NA,NA
"2088","IN",7,2018,"H2IN07096","Miniear, JD","201814070","Republican",0.506222254631127,NA
"2089","IN",7,2018,"H8IN07150","Harmon, Wayne","201814070","Republican",NA,NA
"2090","IN",7,2018,"H8IN07184","Carson, Andre","201814071","Democrat",-0.545122659917624,"C001072"
"2091","IN",7,2018,"H8IN07291","Van Pelt, Tony","201814070","Republican",NA,NA
"2092","IN",7,2018,"H8IN07317","Couch, John","201814070","Republican",NA,NA
"2093","IN",7,2018,"H8IN07325","Davis, Jason","201814070","Republican",NA,NA
"2094","IN",7,2018,"H8IN07333","Eason, Donald","201814070","Republican",1.02097579255044,NA
"2095","IN",7,2018,NA,"Pullins, Pierre","201814071","Democrat",NA,NA
"2096","IN",7,2018,NA,"Kern, Bob","201814071","Democrat",NA,NA
"2097","IN",7,2018,NA,"Godfrey, Curtis","201814071","Democrat",-0.830033467785907,NA
"2098","IN",7,2018,NA,"Spicer, Sue","201814071","Democrat",-0.737351027658809,NA
"2099","IN",7,2020,"H0IN07249","Walters, Gerald","202014070","Republican",0.528158495430187,NA
"2100","IN",7,2020,"H0IN07256","Smith, Susan Marie","202014070","Republican",0.558450938331533,NA
"2101","IN",7,2020,"H0IN07264","Davis, Jon J.","202014070","Republican",NA,NA
"2102","IN",7,2020,"H0IN07272","Merrill, Douglas L.","202014070","Republican",NA,NA
"2103","IN",7,2020,"H0IN07280","Ramey, Martin G.","202014070","Republican",NA,NA
"2104","IN",7,2020,"H2IN07096","Miniear, J.D.","202014070","Republican",NA,NA
"2105","IN",7,2020,"H6IN07337","Pullins, Pierre Quincy","202014071","Democrat",NA,NA
"2106","IN",7,2020,"H8IN07184","Carson, Andre D.","202014071","Democrat",-0.56955899752105,"C001072"
"2107","IN",7,2022,"H0IN07249","Gerald Walters","202214070","Republican",NA,NA
"2108","IN",7,2022,"H2IN07153","Russell Scott Johnson","202214070","Republican",1.04058658439883,NA
"2109","IN",7,2022,"H2IN07179","Angela Grabovsky","202214070","Republican",0.534180068333899,NA
"2110","IN",7,2022,"H2IN07195","Bill Allen","202214070","Republican",0.629069719941472,NA
"2111","IN",7,2022,"H8IN07184","Andre D. Carson","202214071","Democrat",-0.621020819886889,"C001072"
"2112","IN",7,2022,NA,"Curtis D. Godfrey","202214071","Democrat",-0.735033653769562,NA
"2113","IN",7,2022,NA,"Jennifer Pace","202214070","Republican",NA,NA
"2114","IN",7,2022,NA,"Pierre Quincy Pullins","202214071","Democrat",NA,NA
"2115","IN",8,2018,"H0IN08114","Bucshon, Larry","201814080","Republican",NA,"B001275"
"2116","IN",8,2018,"H6IN08228","Moss, Richard","201814080","Republican",0.674918433332542,NA
"2117","IN",8,2018,"H8IN08141","Tanoos, William","201814081","Democrat",-0.205337505796721,NA
"2118","IN",8,2018,NA,"Covington, Rachel","201814080","Republican",-0.302064220845373,NA
"2119","IN",8,2020,"H0IN08114","Bucshon, Larry D.","202014080","Republican",0.646369174059754,"B001275"
"2120","IN",8,2020,"H0IN08213","Marsili, E. Thomasina","202014081","Democrat",-1.43415215611798,NA
"2121","IN",8,2020,"H0IN08239","Webster, Mike","202014081","Democrat",-0.142083613821128,NA
"2122","IN",8,2020,"H6IN08244","Drake, Ron","202014081","Democrat",NA,NA
"2123","IN",8,2022,"H0IN08114","Larry D. Bucshon","202214080","Republican",0.834885375998377,"B001275"
"2124","IN",8,2022,"H2IN08169","Ray McCormick","202214081","Democrat",NA,NA
"2125","IN",8,2022,"H2IN08177","Adnan H Dhahir","202214081","Democrat",-0.481807266180324,NA
"2126","IN",8,2022,NA,"Peter F.H. Priest II","202214081","Democrat",NA,NA
"2127","IN",9,2018,"H6IN09176","Hollingsworth, Trey","201814090","Republican",NA,"H001074"
"2128","IN",9,2018,"H8IN09081","Canon, Daniel","201814091","Democrat",-0.697424326032104,NA
"2129","IN",9,2018,"H8IN09107","Watson, Liz","201814091","Democrat",-0.984492680029959,NA
"2130","IN",9,2018,"H8IN09115","Chatlos, Rob","201814091","Democrat",NA,NA
"2131","IN",9,2018,NA,"Alspach, James","201814090","Republican",NA,NA
"2132","IN",9,2020,"H0IN04246","Powell, Mark","202014091","Democrat",NA,NA
"2133","IN",9,2020,"H0IN09161","Dorris, Dale William II","202014091","Democrat",-0.894285806103118,NA
"2134","IN",9,2020,"H0IN09179","Ruff, Andy","202014091","Democrat",-0.926719642664345,NA
"2135","IN",9,2020,"H0IN09203","O'Gabhann, James C. III","202014091","Democrat",NA,NA
"2136","IN",9,2020,"H6IN09176","Hollingsworth, Trey","202014090","Republican",NA,"H001074"
"2137","IN",9,2020,"H8IN09123","Hood, Brandon Wesley","202014091","Democrat",NA,NA
"2138","IN",9,2022,"H0IN09161","D. Liam Dorris","202214091","Democrat",-0.538585427590612,NA
"2139","IN",9,2022,"H2IN01214","Jim Baker","202214090","Republican",NA,NA
"2140","IN",9,2022,"H2IN09084","Mike Sodrel","202214090","Republican",1.61159729235542,NA
"2141","IN",9,2022,"H2IN09191","Matthew Fyfe","202214091","Democrat",-0.833336835815353,NA
"2142","IN",9,2022,"H2IN09233","Isak Asare","202214091","Democrat",-1.12804117820427,NA
"2143","IN",9,2022,"H2IN09258","Stu Barnes-Israel","202214090","Republican",NA,NA
"2144","IN",9,2022,"H2IN09266","J. Michael Davisson","202214090","Republican",1.99751348727521,NA
"2145","IN",9,2022,"H2IN09282","Dan Heiwig","202214090","Republican",0.621238829350555,NA
"2146","IN",9,2022,"H6IN09119","Eric Schansberg","202214090","Republican",0.886272741935591,NA
"2147","IN",9,2022,"H6IN09143","Erin Houchin","202214090","Republican",NA,"H001093"
"2148","IN",9,2022,NA,"Bill J. Thomas","202214090","Republican",NA,NA
"2149","IN",9,2022,NA,"Brian Tibbs","202214090","Republican",NA,NA
"2150","KS",1,2018,"H4KS01059","LaPolice, Alan","201816011","Democrat",-0.266390985543478,NA
"2151","KS",1,2018,"H6KS01179","Marshall, Roger","201816010","Republican",1.22907041330562,"M001198"
"2152","KS",1,2018,NA,"Reinecker, Nick","201816010","Republican",NA,NA
"2153","KS",1,2020,"H0KS01123","Mann, Tracey","202016010","Republican",1.13942944409213,"M000871"
"2154","KS",1,2020,"H0KS01172","Barnett, Kali","202016011","Democrat",-0.762806124262249,NA
"2155","KS",1,2020,"H0KS01180","Soetaert, Michael","202016010","Republican",NA,NA
"2156","KS",1,2020,"H0KS01198","Clifford, Bill","202016010","Republican",NA,NA
"2157","KS",1,2020,"H0KS01214","Davis, Christy Cauble","202016011","Democrat",-0.194399911437016,NA
"2158","KS",1,2020,"H2KS01053","Molstad, Jerry","202016010","Republican",NA,NA
"2159","KS",1,2022,"H0KS01123","Tracey Mann","202216010","Republican",1.07550839864374,"M000871"
"2160","KS",1,2022,"H2KS01079","James ""Jimmy"" Beard","202216011","Democrat",-0.904413079918171,NA
"2161","KS",2,2018,"H8KS02132","Fields, Vernon","201816020","Republican",NA,NA
"2162","KS",2,2018,"H8KS02140","Fitzgerald, Steve","201816020","Republican",1.60567591366284,NA
"2163","KS",2,2018,"H8KS02157","Tyson, Caryn","201816020","Republican",NA,NA
"2164","KS",2,2018,"H8KS02173","Davis, Paul","201816021","Democrat",0.503062213572567,NA
"2165","KS",2,2018,"H8KS02181","Jones, Kevin","201816020","Republican",0.708833864918093,NA
"2166","KS",2,2018,"H8KS02199","Watkins, Steve","201816020","Republican",0.680767471444489,"W000824"
"2167","KS",2,2018,"H8KS02231","Mays, Doug","201816020","Republican",NA,NA
"2168","KS",2,2018,"H8KS02249","Pyle, Dennis","201816020","Republican",1.46859814196819,NA
"2169","KS",2,2020,"H0KS02188","LaTurner, Jake","202016020","Republican",1.17039366846737,"L000266"
"2170","KS",2,2020,"H0KS02196","De La Isla, Michelle","202016021","Democrat",-0.54379967580489,NA
"2171","KS",2,2020,"H0KS02204","Windholz, James K.","202016021","Democrat",NA,NA
"2172","KS",2,2020,"H0KS02212","Taylor, Dennis","202016020","Republican",0.536417601210561,NA
"2173","KS",2,2020,"H8KS02199","Watkins, Steve","202016020","Republican",1.48221728259666,NA
"2174","KS",2,2022,"H0KS02188","Jake LaTurner","202216020","Republican",1.18476236622706,"L000266"
"2175","KS",2,2022,"H2KS02143","Patrick Schmidt","202216021","Democrat",-0.0781623414778208,NA
"2176","KS",3,2018,"H0KS03137","Yoder, Kevin","201816030","Republican",0.503873482254564,NA
"2177","KS",3,2018,"H6KS03241","Sidie, Jay","201816031","Democrat",-0.0917404040833428,NA
"2178","KS",3,2018,"H8KS03114","Niermann, Tom","201816031","Democrat",NA,NA
"2179","KS",3,2018,"H8KS03122","Welder, Brent","201816031","Democrat",-0.942282075497101,NA
"2180","KS",3,2018,"H8KS03148","McCamon, Mike","201816031","Democrat",-0.57295489723742,NA
"2181","KS",3,2018,"H8KS03155","Davids, Sharice","201816031","Democrat",-1.00047627580478,"D000629"
"2182","KS",3,2018,"H8KS03163","Williams, Sylvia","201816031","Democrat",-1.21769901471526,NA
"2183","KS",3,2018,"H8KS03171","Keegan, Trevor","201816030","Republican",0.0147754372023405,NA
"2184","KS",3,2018,NA,"Myers, Joe","201816030","Republican",NA,NA
"2185","KS",3,2020,"H0KS03228","Weir, Sara Hart","202016030","Republican",0.246430212108802,NA
"2186","KS",3,2020,"H0KS03236","Adkins, Amanda L.","202016030","Republican",0.294462419878702,NA
"2187","KS",3,2020,"H0KS03244","Foster, Adrienne Vallejo","202016030","Republican",1.42461755568871,NA
"2188","KS",3,2020,"H0KS03251","Beehler, Mike","202016030","Republican",0.994842851902596,NA
"2189","KS",3,2020,"H2KS03091","Love, Tom","202016030","Republican",NA,NA
"2190","KS",3,2020,"H8KS03155","Davids, Sharice","202016031","Democrat",-0.73479140404723,"D000629"
"2191","KS",3,2022,"H0KS03236","Amanda L. Adkins","202216030","Republican",0.373930916518878,NA
"2192","KS",3,2022,"H2KS03166","John A. McCaughrean","202216030","Republican",0.582373516260337,NA
"2193","KS",3,2022,"H8KS03155","Sharice Davids","202216031","Democrat",-0.353252930509169,"D000629"
"2194","KS",4,2018,"H8KS04088","Lombard, Laura","201816041","Democrat",0.0542122502829444,NA
"2195","KS",4,2018,"H8KS04112","Estes, Ron","201816040","Republican",1.58975958321125,"E000298"
"2196","KS",4,2018,"H8KS04120","Thompson, James","201816041","Democrat",-0.514168884718315,NA
"2197","KS",4,2018,"H8KS04187","Estes, Ronald M. (distinct)","201816040","Republican",NA,NA
"2198","KS",4,2020,"H8KS04088","Lombard, Laura","202016041","Democrat",-0.829648666070186,NA
"2199","KS",4,2020,"H8KS04112","Estes, Ron","202016040","Republican",1.74485928198981,"E000298"
"2200","KS",4,2022,"H2KS04149","Bob Hernandez","202216041","Democrat",NA,NA
"2201","KS",4,2022,"H8KS04112","Ron Estes","202216040","Republican",1.56407034116153,"E000298"
"2202","KY",1,2018,"H6KY01110","Comer, James","201817010","Republican",0.559898011984199,"C001108"
"2203","KY",1,2018,"H8KY01074","Walker, Paul","201817011","Democrat",-0.331990179501905,NA
"2204","KY",1,2018,"H8KY01082","Pennington, Alonzo","201817011","Democrat",-0.556441037286458,NA
"2205","KY",1,2020,"H0KY01071","Rhodes, James","202017011","Democrat",NA,NA
"2206","KY",1,2020,"H6KY01110","Comer, James R.","202017010","Republican",0.778297548527992,"C001108"
"2207","KY",1,2022,"H2KY01085","Jimmy Ausbrooks","202217011","Democrat",NA,NA
"2208","KY",1,2022,"H6KY01110","James Comer","202217010","Republican",0.863967723456611,"C001108"
"2209","KY",2,2018,"H0KY02061","Pedigo, Brian","201817021","Democrat",NA,NA
"2210","KY",2,2018,"H8KY02031","Guthrie, Brett","201817020","Republican",NA,"G000558"
"2211","KY",2,2018,"H8KY02072","Short, Grant","201817021","Democrat",NA,NA
"2212","KY",2,2018,"H8KY02080","Linderman, Hank","201817021","Democrat",-0.893546189126297,NA
"2213","KY",2,2018,"H8KY02098","Sessions, Rane Olivia","201817021","Democrat",-0.758029658083418,NA
"2214","KY",2,2020,"H0KY02111","Free, Kathleen","202017020","Republican",NA,NA
"2215","KY",2,2020,"H8KY02031","Guthrie, Brett","202017020","Republican",NA,"G000558"
"2216","KY",2,2020,"H8KY02080","Linderman, Hank","202017021","Democrat",-0.842820720381807,NA
"2217","KY",2,2022,"H2KY02125","William Compton","202217021","Democrat",-1.31287341794576,NA
"2218","KY",2,2022,"H2KY02158","Lee Watts","202217020","Republican",NA,NA
"2219","KY",2,2022,"H2KY02166","Brent Feher","202217020","Republican",0.0804951259600441,NA
"2220","KY",2,2022,"H8KY02031","Brett Guthrie","202217020","Republican",0.917672582409869,"G000558"
"2221","KY",2,2022,"H8KY02080","Hank Linderman","202217021","Democrat",-0.848415067838887,NA
"2222","KY",3,2018,"H6KY03124","Yarmuth, John","201817031","Democrat",-0.583717689415545,"Y000062"
"2223","KY",3,2018,"H8KY03203","Palazzo, Rhonda","201817030","Republican",NA,NA
"2224","KY",3,2018,"H8KY03211","Glisson, Vickie Yates","201817030","Republican",-0.094636574703026,NA
"2225","KY",3,2018,NA,"Craven, Mike","201817030","Republican",1.16877504618453,NA
"2226","KY",3,2020,"H0KY03242","Eddings, Waymen","202017030","Republican",-0.0794745904334864,NA
"2227","KY",3,2020,"H0KY03259","Palazzo, Rhonda","202017030","Republican",NA,NA
"2228","KY",3,2020,"H6KY03124","Yarmuth, John","202017031","Democrat",-0.641061176096299,"Y000062"
"2229","KY",3,2020,"H8KY03187","Craven, Mike","202017030","Republican",0.889858057795785,NA
"2230","KY",3,2022,"H0KY03259","Rhonda Palazzo","202217030","Republican",0.311606961998198,NA
"2231","KY",3,2022,"H2KY03172","Attica Scott","202217031","Democrat",-1.3214715311698,NA
"2232","KY",3,2022,"H2KY03206","Morgan McGarvey","202217031","Democrat",-1.32284106403651,"M001220"
"2233","KY",3,2022,"H2KY03214","Stuart Ray","202217030","Republican",1.05885132982135,NA
"2234","KY",3,2022,"H2KY03230","Gregory Puccetti","202217030","Republican",0.689426757253939,NA
"2235","KY",3,2022,"H2KY03248","Daniel Cobble","202217030","Republican",NA,NA
"2236","KY",3,2022,"H8KY03187","Mike Craven","202217030","Republican",0.447763020078008,NA
"2237","KY",3,2022,NA,"Justin Gregory","202217030","Republican",NA,NA
"2238","KY",3,2022,NA,"Darien Barrios","202217030","Republican",NA,NA
"2239","KY",4,2018,"H2KY04121","Massie, Thomas","201817040","Republican",0.90880054382509,"M001184"
"2240","KY",4,2018,"H8KY04144","Piatt, Patti","201817041","Democrat",-0.29513901664318,NA
"2241","KY",4,2018,"H8KY04169","Hall, Seth","201817041","Democrat",-1.23952910947598,NA
"2242","KY",4,2018,"H8KY04185","Lord, Christina","201817041","Democrat",-0.795985888797362,NA
"2243","KY",4,2020,"H0KY04117","Owensby, Alexandra","202017041","Democrat",-0.481716497144733,NA
"2244","KY",4,2020,"H0KY04125","Fabert, Shannon","202017041","Democrat",-0.619362841397528,NA
"2245","KY",4,2020,"H0KY04133","McMurtry, Todd","202017040","Republican",0.88846034607574,NA
"2246","KY",4,2020,"H2KY04121","Massie, Thomas","202017040","Republican",1.21414742385419,"M001184"
"2247","KY",4,2022,"H2KY04121","Thomas Massie","202217040","Republican",1.22265684866809,"M001184"
"2248","KY",4,2022,"H2KY04196","Claire Wirth","202217040","Republican",0.710191135611726,NA
"2249","KY",4,2022,"H2KY04212","Matthrew Lehman","202217041","Democrat",-0.186006564055346,NA
"2250","KY",4,2022,"H2KY04238","Alyssa McDowell","202217040","Republican",NA,NA
"2251","KY",4,2022,NA,"George Washington","202217040","Republican",NA,NA
"2252","KY",5,2018,"H0KY05015","Rogers, Hal","201817050","Republican",0.109537346177214,"R000395"
"2253","KY",5,2018,"H6KY05111","Stepp, Kenneth","201817051","Democrat",NA,NA
"2254","KY",5,2018,"H8KY05067","Sykes, Scott","201817051","Democrat",-1.39363438708697,NA
"2255","KY",5,2018,"H8KY05075","Serrano, Gerardo","201817050","Republican",NA,NA
"2256","KY",5,2020,"H0KY03267","Serrano, Gerardo","202017050","Republican",NA,NA
"2257","KY",5,2020,"H0KY05015","Rogers, Hal","202017050","Republican",0.120724022886671,"R000395"
"2258","KY",5,2020,"H0KY05155","Best, Matthew Ryan","202017051","Democrat",NA,NA
"2259","KY",5,2022,"H0KY05015","Hal Rogers","202217050","Republican",-0.0288238658095715,"R000395"
"2260","KY",5,2022,"H2KY05151","Rich Van Dam","202217050","Republican",NA,NA
"2261","KY",5,2022,"H2KY05169","Brandon Monhollen","202217050","Republican",NA,NA
"2262","KY",5,2022,"H2KY05177","Conor Halbleib","202217051","Democrat",-0.793750819552861,NA
"2263","KY",5,2022,"H2KY05185","Gerardo Serrano","202217050","Republican",0.824829105524944,NA
"2264","KY",5,2022,"H2KY05193","Jeannette Andrews","202217050","Republican",NA,NA
"2265","KY",6,2018,"H0KY06104","Barr, Andy","201817060","Republican",0.798962456793774,"B001282"
"2266","KY",6,2018,"H4KY06163","Young, Geoff","201817061","Democrat",0.493676403023622,NA
"2267","KY",6,2018,"H8KY06156","Thomas, Reggie","201817061","Democrat",-0.338280400167886,NA
"2268","KY",6,2018,"H8KY06164","McGrath, Amy","201817061","Democrat",-0.490446528483331,NA
"2269","KY",6,2018,"H8KY06172","Gray, Jim","201817061","Democrat",-0.219742655359536,NA
"2270","KY",6,2018,NA,"Eddy, Chuck","201817060","Republican",NA,NA
"2271","KY",6,2018,NA,"Green, David","201817061","Democrat",NA,NA
"2272","KY",6,2018,NA,"Kemph, Daniel","201817061","Democrat",-0.536670515933892,NA
"2273","KY",6,2020,"H0KY06104","Barr, Andy Garland","202017060","Republican",-0.158445073588456,"B001282"
"2274","KY",6,2020,"H0KY06179","Hicks, Josh","202017061","Democrat",NA,NA
"2275","KY",6,2020,"H4KY06163","Young, Geoffrey M.","202017060","Republican",0.0947034044776849,NA
"2276","KY",6,2020,"H8KY06180","Kemph, Daniel","202017061","Democrat",-1.0108083244543,NA
"2277","KY",6,2020,"H8KY06198","Eddy, Chuck","202017060","Republican",-0.305727956917912,NA
"2278","KY",6,2022,"H0KY06104","Andy Barr","202217060","Republican",-0.123519618972944,"B001282"
"2279","KY",6,2022,"H2KY06175","Chris Preece","202217061","Democrat",-0.79826090378493,NA
"2280","KY",6,2022,"H2KY06209","Derek Petteys","202217060","Republican",0.302958912020692,NA
"2281","KY",6,2022,"H4KY06163","Geoff Young","202217061","Democrat",0.0237818410198978,NA
"2282","LA",1,2018,"H0LA01087","Scalise, Steve","201818019","Republican",0.461392430552236,"S001176"
"2283","LA",1,2018,"H8LA01122","Savoie, Tammy","201818019","Democrat",-0.356342720899204,NA
"2284","LA",1,2018,"H8LA01130","Francis, Jim","201818019","Democrat",-0.584883260994435,NA
"2285","LA",1,2018,NA,"Dugas, Lee Ann","201818019","Democrat",NA,NA
"2286","LA",1,2020,"H0LA01087","Scalise, Steve","202018019","Republican",1.01485883728705,"S001176"
"2287","LA",1,2020,"H4LA01147","Dugas, Lee Ann","202018019","Democrat",NA,NA
"2288","LA",1,2022,"H0LA01087","Steve Scalise","202218019","Republican",1.091646009101,"S001176"
"2289","LA",1,2022,"H2LA01109","Katie Darling","202218019","Democrat",-0.664123076964796,NA
"2290","LA",2,2018,"H8LA02054","Richmond, Cedric","201818029","Democrat",NA,"R000588"
"2291","LA",2,2020,"H0LA02242","Glenn Adrain Harris","202018029","Democrat",NA,NA
"2292","LA",2,2020,"H0LA02259","David M. Schilling","202018029","Republican",NA,NA
"2293","LA",2,2020,"H0LA02267","Sheldon C. Vincent","202018029","Republican",NA,NA
"2294","LA",2,2020,"H8LA02054","Cedric L. Richmond","202018029","Democrat",-0.765093775574609,"R000588"
"2295","LA",2,2022,"H2LA02149","Troy Carter","202218029","Democrat",NA,"C001125"
"2296","LA",2,2022,"H2LA02297","Dan Lux","202218029","Republican",0.748302968608949,NA
"2297","LA",3,2018,"H6LA03148","Higgins, Clay","201818039","Republican",0.677810001899032,"H001077"
"2298","LA",3,2018,"H6LA03155","Rader, Larry","201818039","Democrat",-0.643372817810662,NA
"2299","LA",3,2018,"H8LA03037","Guilroy, Josh","201818039","Republican",0.484273601697226,NA
"2300","LA",3,2018,"H8LA03060","Anderson, Rob","201818039","Democrat",NA,NA
"2301","LA",3,2018,"H8LA03086","Thomas, Verone","201818039","Democrat",NA,NA
"2302","LA",3,2018,"H8LA03094","Methvin, Mimi","201818039","Democrat",-0.787150309960959,NA
"2303","LA",3,2020,"H0LA03190","Braylon Harris","202018039","Democrat",-0.422437584929761,NA
"2304","LA",3,2020,"H6LA03148","Clay Higgins","202018039","Republican",0.44417659261487,"H001077"
"2305","LA",3,2020,"H8LA03060","Rob Anderson","202018039","Democrat",-0.71249215714404,NA
"2306","LA",3,2022,"H2LA03097","Jacob Shaheen","202218039","Republican",0.0804598828009494,NA
"2307","LA",3,2022,"H2LA03105","Tia LeBrun","202218039","Democrat",-0.454545835159646,NA
"2308","LA",3,2022,"H2LA03113","Thomas Lane Payne, Jr. ","202218039","Republican",NA,NA
"2309","LA",3,2022,"H2LA03121","Holden Hoggatt ","202218039","Republican",NA,NA
"2310","LA",3,2022,"H2LA03139","Lessie Olivia Leblanc ","202218039","Democrat",NA,NA
"2311","LA",3,2022,"H6LA03148","Clay Higgins","202218039","Republican",NA,"H001077"
"2312","LA",4,2018,"H6LA04138","Johnson, Mike","201818049","Republican",0.793770380405936,"J000299"
"2313","LA",4,2018,"H8LA04282","Trundle, Ryan","201818049","Democrat",-0.888158315793468,NA
"2314","LA",4,2020,"H0LA04099","Kenny Houston","202018049","Democrat",-1.26416559174753,NA
"2315","LA",4,2020,"H0LA04107","Ben Gibson","202018049","Republican",0.879410411025738,NA
"2316","LA",4,2020,"H6LA04138","Mike Johnson","202018049","Republican",0.77348595321869,"J000299"
"2317","LA",4,2020,"H8LA04282","Ryan Trundle","202018049","Democrat",-0.956352646100632,NA
"2318","LA",4,2022,"H6LA04138","Mike Johnson","202218049","Republican",0.765258449700632,"J000299"
"2319","LA",5,2018,"H4LA05221","Abraham, Ralph","201818059","Republican",NA,"A000374"
"2320","LA",5,2018,"H8LA05099","Carlton, Jessee","201818059","Democrat",NA,NA
"2321","LA",5,2020,"H0LA05070","Sandra Christophe","202018059","Democrat",-0.319337415156211,NA
"2322","LA",5,2020,"H0LA05104","Scott Robinson","202018059","Republican",NA,NA
"2323","LA",5,2020,"H0LA05112","Lance Harris","202018059","Republican",1.38748825999393,NA
"2324","LA",5,2020,"H0LA05120","Luke J. Letlow","202018059","Republican",1.37407047449068,NA
"2325","LA",5,2020,"H0LA05138","Martin Lemelle","202018059","Democrat",-0.455255283477314,NA
"2326","LA",5,2020,"H0LA05146","Matt Hasty","202018059","Republican",0.409550029257761,NA
"2327","LA",5,2020,"H0LA05153","Phillip Snowden","202018059","Democrat",-0.387840538089153,NA
"2328","LA",5,2020,"H0LA05161","Jesse P. Lagarde","202018059","Democrat",NA,NA
"2329","LA",5,2020,"H0LA05179","Allen Guillory","202018059","Republican",NA,NA
"2330","LA",5,2022,"H0LA05179","Allen Guillory","202218059","Republican",NA,NA
"2331","LA",5,2022,"H2LA05126","Julia Letlow","202218059","Republican",0.433523099460323,"L000595"
"2332","LA",5,2022,"H2LA05266","Hunter Pullen","202218059","Republican",NA,NA
"2333","LA",5,2022,"H2LA05274","Walter Earl Huff ","202218059","Democrat",NA,NA
"2334","LA",5,2022,"H2LA05282","Oscar Omar Dantzler","202218059","Democrat",NA,NA
"2335","LA",6,2018,"H4LA06153","Graves, Garret","201818069","Republican",0.295064676906108,"G000577"
"2336","LA",6,2018,"H8LA06154","DeWitt, Justin","201818069","Democrat",-0.700503157232706,NA
"2337","LA",6,2018,"H8LA06162","Saizan, Andie","201818069","Democrat",NA,NA
"2338","LA",6,2020,"H0LA06052","Dartanyon Williams","202018069","Democrat",-1.17378512140585,NA
"2339","LA",6,2020,"H4LA06153","Garret Graves","202018069","Republican",0.589861842157967,"G000577"
"2340","LA",6,2022,"H2LA06041","Brian Belzer","202218069","Republican",0.472806758089648,NA
"2341","LA",6,2022,"H4LA06153","Garret Graves","202218069","Republican",NA,"G000577"
"2342","MA",1,2018,"H8MA02041","Neal, Richard","201821011","Democrat",-0.836702470368557,"N000015"
"2343","MA",1,2018,NA,"Amatul-Wadud, Tahirah","201821011","Democrat",-0.96344500010532,NA
"2344","MA",1,2020,"H0MA01081","Morse, Alex B.","202021011","Democrat",-1.20726304202931,NA
"2345","MA",1,2020,"H8MA02041","Neal, Richard E.","202021011","Democrat",-1.01154806422214,"N000015"
"2346","MA",1,2022,"H2MA01228","Dean Martilli","202221010","Republican",NA,NA
"2347","MA",1,2022,"H8MA02041","Richard Neal","202221011","Democrat",-0.990165642969203,"N000015"
"2348","MA",2,2018,"H4MA03022","McGovern, James","201821021","Democrat",NA,"M000312"
"2349","MA",2,2018,"H8MA02090","Powers, Kevin","201821020","Republican",NA,NA
"2350","MA",2,2018,"H8MA02116","Lovvorn, Tracy","201821020","Republican",-0.0579975276365222,NA
"2351","MA",2,2020,"H4MA03022","McGovern, James","202021021","Democrat",-0.568464785525748,"M000312"
"2352","MA",2,2020,"H8MA02116","Lovvorn, Tracy Lyn","202021020","Republican",-0.0976709489346861,NA
"2353","MA",2,2022,"H2MA02085","Jeffery Sossa-Paquette","202221020","Republican",0.31827174002347,NA
"2354","MA",2,2022,"H4MA03022","Jim McGovern","202221021","Democrat",-0.518426275325134,"M000312"
"2355","MA",3,2018,"H8MA03072","Koh, Daniel","201821031","Democrat",-1.10270510426534,NA
"2356","MA",3,2018,"H8MA03106","Trahan, Lori","201821031","Democrat",-0.79225985043192,"T000482"
"2357","MA",3,2018,"H8MA03114","Green, Rick","201821030","Republican",0.381252108661895,NA
"2358","MA",3,2018,"H8MA03122","Matias, Juana","201821031","Democrat",-1.35356889955849,NA
"2359","MA",3,2018,"H8MA03130","Das, Beej","201821031","Democrat",-0.679518732171875,NA
"2360","MA",3,2018,"H8MA03163","Chandler, Alexandra","201821031","Democrat",-0.839675729611099,NA
"2361","MA",3,2018,"H8MA03171","Gifford, Rufus","201821031","Democrat",-1.00741118266831,NA
"2362","MA",3,2018,"H8MA03197","L'Italien, Barbara","201821031","Democrat",-1.03735404811449,NA
"2363","MA",3,2018,"H8MA03213","Malone, Bopha","201821031","Democrat",-0.839106617804085,NA
"2364","MA",3,2018,"H8MA03239","Ballinger, Jeffrey","201821031","Democrat",-0.891775644659407,NA
"2365","MA",3,2018,"H8MA03247","Golder, Leonard","201821031","Democrat",NA,NA
"2366","MA",3,2020,"H8MA03106","Trahan, Lori","202021031","Democrat",-1.14000749753231,"T000482"
"2367","MA",3,2022,"H2MA03141","Dean Tran","202221030","Republican",0.330875406146628,NA
"2368","MA",3,2022,"H8MA03106","Lori Trahan","202221031","Democrat",-1.14525578902797,"T000482"
"2369","MA",4,2018,"H2MA04073","Kennedy III, Joseph","201821041","Democrat",NA,"K000379"
"2370","MA",4,2018,NA,"Rucinski, Gary","201821041","Democrat",-0.82480457719135,NA
"2371","MA",4,2020,"H0MA04143","Leckey, Ihssane","202021041","Democrat",-1.15145808605366,NA
"2372","MA",4,2020,"H0MA04168","Grossman, Rebecca Walker","202021041","Democrat",-1.06184452231096,NA
"2373","MA",4,2020,"H0MA04176","Khazei, Alan A.","202021041","Democrat",-0.938625883056974,NA
"2374","MA",4,2020,"H0MA04184","Mermell, Jesse","202021041","Democrat",-1.04763887601773,NA
"2375","MA",4,2020,"H0MA04192","Auchincloss, Jake","202021041","Democrat",-0.303175303360974,"A000148"
"2376","MA",4,2020,"H0MA04200","Cavell, David F.","202021041","Democrat",-0.97415534952519,NA
"2377","MA",4,2020,"H0MA04218","Sigel, Ben","202021041","Democrat",-1.11695800911699,NA
"2378","MA",4,2020,"H0MA04242","Zannetos, Christopher","202021041","Democrat",-1.40140254674684,NA
"2379","MA",4,2020,"H0MA04259","Hall, Julie","202021040","Republican",0.355745062182455,NA
"2380","MA",4,2020,"H0MA04267","Linos, Natalia","202021041","Democrat",-1.3810854280168,NA
"2381","MA",4,2020,"H0MA09027","Rosa, David A.","202021040","Republican",NA,NA
"2382","MA",4,2022,"H0MA04192","Jake Auchincloss","202221041","Democrat",-0.605892221866968,"A000148"
"2383","MA",5,2018,"H4MA05084","Clark, Katherine","201821051","Democrat",NA,"C001101"
"2384","MA",5,2018,"H8MA05234","Hugo, John","201821050","Republican",NA,NA
"2385","MA",5,2018,NA,"Kuchnir, Louis","201821050","Republican",NA,NA
"2386","MA",5,2020,"H0MA05132","Colarusso, Caroline","202021050","Republican",NA,NA
"2387","MA",5,2020,"H4MA05084","Clark, Katherine M.","202021051","Democrat",-1.10783433204036,"C001101"
"2388","MA",5,2022,"H2MA05153","Caroline Colarusso","202221050","Republican",0.683570235851754,NA
"2389","MA",5,2022,"H4MA05084","Katherine Clark","202221051","Democrat",-1.48381715089531,"C001101"
"2390","MA",6,2018,"H4MA06090","Moulton, Seth","201821061","Democrat",NA,"M001196"
"2391","MA",6,2018,"H8MA06091","Hernandez, Carlos","201821060","Republican",0.709915184454749,NA
"2392","MA",6,2018,"H8MA06133","Schneider, Joseph","201821060","Republican",-0.0845139051856999,NA
"2393","MA",6,2020,"H0MA06098","Belsito, Jamie Marie Zahlaway","202021061","Democrat",-1.40299021677552,NA
"2394","MA",6,2020,"H0MA06130","McQuilken, Angus G.","202021061","Democrat",-0.729258842280813,NA
"2395","MA",6,2020,"H0MA06148","John Paul Moran","202021060","Republican",0.313790859735455,NA
"2396","MA",6,2020,"H4MA06090","Moulton, Seth","202021061","Democrat",-0.700208069318558,"M001196"
"2397","MA",6,2022,"H2MA06086","Bob May","202221060","Republican",1.40606533132086,NA
"2398","MA",6,2022,"H4MA06090","Seth Moulton","202221061","Democrat",-0.76617975575997,"M001196"
"2399","MA",7,2018,"H8MA07032","Pressley, Ayanna","201821071","Democrat",-1.1529614498047,"P000617"
"2400","MA",7,2018,"H8MA08071","Capuano, Michael","201821071","Democrat",-0.566017527219978,NA
"2401","MA",7,2020,"H8MA07032","Pressley, Ayanna","202021071","Democrat",-1.17471724746192,"P000617"
"2402","MA",7,2022,"H2MA07100","Donnie Palmer","202221070","Republican",NA,NA
"2403","MA",7,2022,"H8MA07032","Ayanna Pressley","202221071","Democrat",NA,"P000617"
"2404","MA",8,2018,"H2MA09072","Lynch, Stephen","201821081","Democrat",-0.478638244699622,"L000562"
"2405","MA",8,2018,"H8MA08170","Wu, Brianna","201821081","Democrat",-1.01848791589469,NA
"2406","MA",8,2018,"H8MA08188","Voehl, Christopher","201821081","Democrat",-0.677430207837174,NA
"2407","MA",8,2020,"H0MA08045","Goldstein, Robbie H.","202021081","Democrat",-1.23974583682453,NA
"2408","MA",8,2020,"H2MA09072","Lynch, Stephen F.","202021081","Democrat",-1.01180156757979,"L000562"
"2409","MA",8,2022,"H2MA08082","Hamilton Rodrigues","202221080","Republican",0.977176597375332,NA
"2410","MA",8,2022,"H2MA09072","Stephen Lynch","202221081","Democrat",-0.892631947756742,"L000562"
"2411","MA",8,2022,NA,"Robert Burke","202221080","Republican",NA,NA
"2412","MA",9,2018,"H0MA10082","Keating, Bill","201821091","Democrat",-0.538626815144058,"K000375"
"2413","MA",9,2018,"H6MA09172","Cimbrelo, Bill","201821091","Democrat",-1.11028634789771,NA
"2414","MA",9,2018,"H8MA09046","Tedeschi, Peter","201821090","Republican",-0.0180534644408655,NA
"2415","MA",9,2020,"H0MA09076","Brady, Helen","202021090","Republican",NA,NA
"2416","MA",9,2020,"H0MA10082","Keating, William Richard","202021091","Democrat",-0.769378845537315,"K000375"
"2417","MA",9,2022,"H0MA10082","Bill Keating","202221091","Democrat",-0.930961842332989,"K000375"
"2418","MA",9,2022,"H2MA09239","Jesse Brown","202221090","Republican",0.00866912981221816,NA
"2419","MA",9,2022,"H2MA09254","Dan Sullivan","202221090","Republican",0.144958329745932,NA
"2420","MD",1,2018,"H8MD01094","Harris, Andy","201820010","Republican",0.764815942854695,"H001052"
"2421","MD",1,2018,"H8MD01177","Galbraith, Allison","201820011","Democrat",-0.638666065159713,NA
"2422","MD",1,2018,"H8MD01185","Pullen, Michael","201820011","Democrat",-0.712452991572486,NA
"2423","MD",1,2018,"H8MD01193","Colvin, Jesse","201820011","Democrat",-0.522064208522428,NA
"2424","MD",1,2018,"H8MD01201","Worton, Steve","201820011","Democrat",-0.17940813133995,NA
"2425","MD",1,2018,"H8MD01243","Brown, Michael","201820011","Democrat",NA,NA
"2426","MD",1,2018,NA,"Elborn, Martin","201820010","Republican",NA,NA
"2427","MD",1,2018,NA,"Lane, Erik","201820011","Democrat",0.271279703592145,NA
"2428","MD",1,2018,NA,"Taylor, Lamont","201820010","Republican",0.308944745731828,NA
"2429","MD",1,2020,"H0MD01216","Delgado, Jorge","202020010","Republican",1.16615044787526,NA
"2430","MD",1,2020,"H0MD01224","Pingley, Jennifer","202020011","Democrat",NA,NA
"2431","MD",1,2020,"H0MD01232","Mason, Mia","202020011","Democrat",-1.06738264912359,NA
"2432","MD",1,2020,"H8MD01094","Harris, Andy","202020010","Republican",0.355274538487708,"H001052"
"2433","MD",1,2020,"H8MD01177","Galbraith, Allison","202020011","Democrat",-0.610362057016621,NA
"2434","MD",1,2022,"H2MD01220","Heather R. Mizeur","202220011","Democrat",-0.585370559216457,NA
"2435","MD",1,2022,"H2MD01238","R. David Harden","202220011","Democrat",-0.650349476297482,NA
"2436","MD",1,2022,"H8MD01094","Andy Harris","202220010","Republican",0.660003557655572,"H001052"
"2437","MD",2,2018,"H2MD02160","Ruppersberger, Dutch","201820021","Democrat",-0.132161851205879,"R000576"
"2438","MD",2,2018,"H2MD02285","Shell, Mark","201820020","Republican",NA,NA
"2439","MD",2,2018,"H8MD02100","Pretot, Jake","201820021","Democrat",-0.759776279379797,NA
"2440","MD",2,2018,"H8MD02118","Matory, Liz","201820020","Republican",0.191025212178983,NA
"2441","MD",2,2018,"H8MD02126","Owens Jr, Hubert","201820020","Republican",NA,NA
"2442","MD",2,2018,"H8MD02142","Toland Jr, Mitchell","201820020","Republican",0.884004333368289,NA
"2443","MD",2,2020,"H0MD02206","Feldman, Michael A.","202020021","Democrat",NA,NA
"2444","MD",2,2020,"H0MD02214","Fazenbaker, Timothy","202020020","Republican",0.650878116918611,NA
"2445","MD",2,2020,"H0MD02222","Morris, Genevieve","202020020","Republican",-0.22602650614225,NA
"2446","MD",2,2020,"H0MD02230","Salling, Johnny Ray","202020020","Republican",0.884544392832634,NA
"2447","MD",2,2020,"H0MD02248","Simpson, Jim","202020020","Republican",0.483699524296738,NA
"2448","MD",2,2020,"H0MD02255","Collier, Scott M.","202020020","Republican",NA,NA
"2449","MD",2,2020,"H2MD02160","Ruppersberger, C.A. Dutch","202020021","Democrat",-0.237550512806871,"R000576"
"2450","MD",2,2020,"H2MD02251","Impallaria, Rick","202020020","Republican",NA,NA
"2451","MD",2,2020,"H8MD02100","Pretot, Jake","202020021","Democrat",-0.866915405006222,NA
"2452","MD",2,2020,NA,"Taylor, Blaine","202020020","Republican",NA,NA
"2453","MD",2,2022,"H2MD02160","C.A. Dutch Ruppersberger","202220021","Democrat",-0.198821213656388,"R000576"
"2454","MD",2,2022,"H2MD02327","Marques Dent","202220021","Democrat",-0.202369459540609,NA
"2455","MD",2,2022,"H2MD02335","Berney Flowers","202220020","Republican",0.795999207116208,NA
"2456","MD",2,2022,"H2MD02350","Ellen ""EJ"" McNulty","202220020","Republican",NA,NA
"2457","MD",2,2022,"H2MD02368","Nicolee Ambrose","202220020","Republican",0.408332660013445,NA
"2458","MD",2,2022,"H2MD02376","Michael A. Geppi","202220020","Republican",NA,NA
"2459","MD",2,2022,"H2MD03192","George Croom","202220021","Democrat",-0.77151847698332,NA
"2460","MD",2,2022,"H2MD03200","Lance Griffin","202220020","Republican",0.485767474110076,NA
"2461","MD",2,2022,"H2MD06138","Dave Wallace","202220020","Republican",NA,NA
"2462","MD",2,2022,NA,"Liri Fusha","202220021","Democrat",-0.459400657988925,NA
"2463","MD",3,2018,"H6MD03292","Sarbanes, John","201820031","Democrat",-0.81206053369531,"S001168"
"2464","MD",3,2018,"H8MD03116","DeMarco, Adam","201820031","Democrat",-0.214426294278637,NA
"2465","MD",3,2018,"H8MD03165","Anthony, Charles","201820030","Republican",NA,NA
"2466","MD",3,2018,"H8MD07091","Harris, Thomas","201820030","Republican",NA,NA
"2467","MD",3,2018,NA,"Rosas, Eduardo","201820031","Democrat",NA,NA
"2468","MD",3,2018,NA,"Rea, John","201820031","Democrat",NA,NA
"2469","MD",3,2018,NA,"Seyfferth, Rob","201820030","Republican",NA,NA
"2470","MD",3,2020,"H0MD03220","Seyfferth, Rob","202020030","Republican",NA,NA
"2471","MD",3,2020,"H0MD03238","Ardito, Joseph C.","202020031","Democrat",-0.879628901118422,NA
"2472","MD",3,2020,"H0MD03246","Morales, Joshua M.","202020030","Republican",NA,NA
"2473","MD",3,2020,"H0MD07379","Hawkins, Reba A.","202020030","Republican",-0.446330257638491,NA
"2474","MD",3,2020,"H6MD03292","Sarbanes, John P.","202020031","Democrat",-0.806628177338097,"S001168"
"2475","MD",3,2020,"H8MD03165","Anthony, Charles","202020030","Republican",0.481085006762769,NA
"2476","MD",3,2020,"H8MD04064","Rea, John","202020031","Democrat",NA,NA
"2477","MD",3,2020,"H8MD07091","Harris, Thomas E.","202020030","Republican",NA,NA
"2478","MD",3,2022,"H2MD02343","Yuripzy Morgan","202220030","Republican",0.0633511176947681,NA
"2479","MD",3,2022,"H2MD03184","Antonio Patrizio Pitocco","202220030","Republican",0.226132865756048,NA
"2480","MD",3,2022,"H2MD03218","Amal Torres","202220030","Republican",0.282204662394958,NA
"2481","MD",3,2022,"H2MD03226","Ben R. Beardsley","202220031","Democrat",NA,NA
"2482","MD",3,2022,"H6MD03292","John Sarbanes","202220031","Democrat",-1.14294761298416,"S001168"
"2483","MD",3,2022,"H8MD02100","Jake Pretot","202220031","Democrat",-0.862180961350229,NA
"2484","MD",3,2022,NA,"Joe Kelley","202220030","Republican",NA,NA
"2485","MD",3,2022,NA,"Thomas E. ""Pinkston"" Harris","202220030","Republican",NA,NA
"2486","MD",4,2018,"H6MD04209","Brown, Anthony","201820041","Democrat",-0.760018598740394,"B001304"
"2487","MD",4,2018,NA,"McDermott, George","201820040","Republican",NA,NA
"2488","MD",4,2020,"H0MD04145","Bryant, Shelia","202020041","Democrat",-1.14843414094974,NA
"2489","MD",4,2020,"H0MD04152","Eze, Nnabu","202020040","Republican",0.680414075514391,NA
"2490","MD",4,2020,"H0MD04160","Shelton, Kim A.","202020041","Democrat",NA,NA
"2491","MD",4,2020,"H0MD04178","Loeb, Eric","202020040","Republican",-0.527436002490185,NA
"2492","MD",4,2020,"H6MD04209","Brown, Anthony G.","202020041","Democrat",-0.72507276119903,"B001304"
"2493","MD",4,2020,NA,"McDermott, George E.","202020040","Republican",NA,NA
"2494","MD",4,2022,"H0MD04160","Kim A. Shelton","202220041","Democrat",NA,NA
"2495","MD",4,2022,"H2MD04307","Jeff Warner","202220040","Republican",0.359239537674615,NA
"2496","MD",4,2022,"H2MD04315","Glenn F. Ivey","202220041","Democrat",-0.87897445288889,"I000058"
"2497","MD",4,2022,"H2MD04331","James Levi Curtis, Jr.","202220041","Democrat",NA,NA
"2498","MD",4,2022,"H2MD04349","Angela M. Angel","202220041","Democrat",-1.03523941912397,NA
"2499","MD",4,2022,"H2MD04356","Donna F. Edwards","202220041","Democrat",-1.1338058031424,NA
"2500","MD",4,2022,"H2MD04364","Tammy Allison","202220041","Democrat",-0.17715912827841,NA
"2501","MD",4,2022,"H2MD04372","Eric Loeb","202220040","Republican",NA,NA
"2502","MD",4,2022,"H6MD05222","Matthew F. Fogg","202220041","Democrat",NA,NA
"2503","MD",4,2022,NA,"Gregory Holmes","202220041","Democrat",NA,NA
"2504","MD",4,2022,NA,"George McDermott","202220040","Republican",NA,NA
"2505","MD",4,2022,NA,"Robert K. McGhee","202220041","Democrat",NA,NA
"2506","MD",5,2018,"H2MD05155","Hoyer, Steny","201820051","Democrat",-0.678732112127421,"H000874"
"2507","MD",5,2018,"H8MD05129","Rice, Johnny","201820050","Republican",NA,NA
"2508","MD",5,2018,"H8MD05145","Devine III, William","201820050","Republican",NA,NA
"2509","MD",5,2018,NA,"Fritz, Dennis","201820051","Democrat",0.238080905560735,NA
"2510","MD",5,2020,"H0MD05183","Wilkes, Mckayla","202020051","Democrat",-1.10254249352582,NA
"2511","MD",5,2020,"H0MD05191","Urbina, Briana","202020051","Democrat",NA,NA
"2512","MD",5,2020,"H0MD05217","Havis, Lee","202020050","Republican",0.520154894085364,NA
"2513","MD",5,2020,"H0MD05225","Palombi, Christopher","202020050","Republican",0.329770944651053,NA
"2514","MD",5,2020,"H0MD05233","Lee, Kenneth Baxter","202020050","Republican",0.371216932487218,NA
"2515","MD",5,2020,"H0MD05241","Hoffman, Vanessa Marie","202020051","Democrat",NA,NA
"2516","MD",5,2020,"H0MD05258","Sayers, Douglas Millard","202020050","Republican",-0.0557971720567186,NA
"2517","MD",5,2020,"H0MD05274","Cubero, Bryan DuVal","202020050","Republican",NA,NA
"2518","MD",5,2020,"H2MD05155","Hoyer, Steny H.","202020051","Democrat",-0.864617511230986,"H000874"
"2519","MD",5,2020,"H8MD05145","Devine, William A. III","202020051","Democrat",NA,NA
"2520","MD",5,2022,"H0MD05225","Chris Palombi","202220050","Republican",0.304211245721198,NA
"2521","MD",5,2022,"H0MD05241","Vanessa Marie Hoffman","202220050","Republican",-0.192974603609177,NA
"2522","MD",5,2022,"H2MD05155","Steny Hoyer","202220051","Democrat",-1.0529991962002,"H000874"
"2523","MD",5,2022,"H2MD05536","McKayla Wilkes","202220051","Democrat",-0.972105076303037,NA
"2524","MD",5,2022,"H2MD05551","Tannis Villanova","202220050","Republican",0.889090072916517,NA
"2525","MD",5,2022,"H2MD05569","Keith Washington","202220051","Democrat",-0.673745010145697,NA
"2526","MD",5,2022,"H2MD05585","Michael S. Lemon","202220050","Republican",NA,NA
"2527","MD",5,2022,NA,"DuVal Cubero","202220050","Republican",NA,NA
"2528","MD",5,2022,NA,"Patrick Lucky Stevens","202220050","Republican",NA,NA
"2529","MD",5,2022,NA,"Toni Jarboe-Duley","202220050","Republican",NA,NA
"2530","MD",6,2018,"H6MD06121","Duck, Andrew","201820061","Democrat",-0.772550444868479,NA
"2531","MD",6,2018,"H6MD06212","Hoeber, Amie","201820060","Republican",0.202594356805576,NA
"2532","MD",6,2018,"H6MD08333","English, George","201820061","Democrat",-0.441191856333992,NA
"2533","MD",6,2018,"H6MD08549","Trone, David","201820061","Democrat",-0.747604835623136,"T000483"
"2534","MD",6,2018,"H8MD06143","Miller, Aruna","201820061","Democrat",-0.828794939126381,NA
"2535","MD",6,2018,"H8MD06150","Manno, Roger","201820061","Democrat",-0.2919603102525,NA
"2536","MD",6,2018,"H8MD06176","Hashimi, Nadia","201820061","Democrat",-0.686330202695887,NA
"2537","MD",6,2018,"H8MD06184","Lloyd, Lisa","201820060","Republican",0.450414552016696,NA
"2538","MD",6,2018,"H8MD06218","Hearsey, Christopher","201820061","Democrat",-0.08056537649985,NA
"2539","MD",6,2018,"H8MD06226","St. Rohrs, Bradley","201820060","Republican",0.428923335288526,NA
"2540","MD",6,2018,"H8MD06242","Elasser, Kurt","201820060","Republican",0.0174424328951992,NA
"2541","MD",6,2018,"H8MD06259","Graves, Chris","201820061","Democrat",-1.05956409837438,NA
"2542","MD",6,2020,"H0MD06231","Parrott, Neil Conrad","202020060","Republican",0.842815175618639,NA
"2543","MD",6,2020,"H0MD06256","Meyyur, Chris P.","202020060","Republican",-0.936713574863588,NA
"2544","MD",6,2020,"H0MD06264","Bero, Maxwell A.","202020061","Democrat",-0.626520613398712,NA
"2545","MD",6,2020,"H6MD08549","Trone, David","202020061","Democrat",-0.769877390613093,"T000483"
"2546","MD",6,2020,"H8MD06192","Caldwell, Kevin T.","202020060","Republican",0.630570709873056,NA
"2547","MD",6,2022,"H0MD06231","Neil C. Parrott","202220060","Republican",0.696020147581407,NA
"2548","MD",6,2022,"H2MD06260","Jonathan Jenkins","202220060","Republican",1.08716054641505,NA
"2549","MD",6,2022,"H2MD06278","Robert Poissonnier","202220060","Republican",NA,NA
"2550","MD",6,2022,"H2MD06294","Ben Smilowitz","202220061","Democrat",-0.966246672827972,NA
"2551","MD",6,2022,"H2MD06328","Matthew Foldi","202220060","Republican",0.579617303525451,NA
"2552","MD",6,2022,"H2MD08183","Mariela Roca","202220060","Republican",0.613321103584488,NA
"2553","MD",6,2022,"H2MD08209","Colt M. Black","202220060","Republican",0.563828443867884,NA
"2554","MD",6,2022,"H6MD08549","David J. Trone","202220061","Democrat",-0.76125206286222,"T000483"
"2555","MD",6,2022,NA,"George Gluck","202220061","Democrat",-0.611654013646181,NA
"2556","MD",7,2018,"H4MD07066","Pearson, Michael","201820070","Republican",NA,NA
"2557","MD",7,2018,"H6MD07160","Cummings, Elijah","201820071","Democrat",-0.630680525922582,"C000984"
"2558","MD",7,2018,"H6MD07434","Newton, William","201820070","Republican",NA,NA
"2559","MD",7,2018,"H8MD07042","Bly, Ray","201820070","Republican",NA,NA
"2560","MD",7,2018,"H8MD07075","Moser, John","201820071","Democrat",-0.75553917820072,NA
"2561","MD",7,2018,"H8MD07083","Davis, Richmond","201820070","Republican",0.970799896309986,NA
"2562","MD",7,2018,NA,"Carter Sr, Anthony","201820071","Democrat",NA,NA
"2563","MD",7,2018,NA,"Smith, Charles","201820071","Democrat",NA,NA
"2564","MD",7,2018,NA,"Stokes, Charles","201820071","Democrat",NA,NA
"2565","MD",7,2020,"H0MD07056","Smith, Charles U.","202020071","Democrat",NA,NA
"2566","MD",7,2020,"H0MD07106","Rabb, Saafir A.","202020071","Democrat",-0.975529631197531,NA
"2567","MD",7,2020,"H0MD07122","Cummings, Maya Rockeymoore","202020071","Democrat",-1.41613227893712,NA
"2568","MD",7,2020,"H0MD07148","Carter, Jill P.","202020071","Democrat",-1.02225187389795,NA
"2569","MD",7,2020,"H0MD07155","Matory, Liz","202020070","Republican",0.668268421822692,NA
"2570","MD",7,2020,"H0MD07197","Klacik, Kimberly","202020070","Republican",0.627713377560327,NA
"2571","MD",7,2020,"H0MD07205","Jalisi, Jay","202020071","Democrat",-0.542115115079194,NA
"2572","MD",7,2020,"H0MD07221","Woodard, Jeffrey","202020071","Democrat",-0.39504654663096,NA
"2573","MD",7,2020,"H0MD07239","Schuman, Gary","202020071","Democrat",NA,NA
"2574","MD",7,2020,"H0MD07247","Spikes, Harry","202020071","Democrat",-0.699990166981504,NA
"2575","MD",7,2020,"H0MD07254","Baker, T. Dan","202020071","Democrat",-0.213833899527842,NA
"2576","MD",7,2020,"H0MD07262","Brown, Alicia D.","202020071","Democrat",NA,NA
"2577","MD",7,2020,"H0MD07270","Chullin, Matko Lee III","202020071","Democrat",NA,NA
"2578","MD",7,2020,"H0MD07312","Gonzalez, Darryl","202020071","Democrat",NA,NA
"2579","MD",7,2020,"H0MD07320","Gosnell, Mark Steven","202020071","Democrat",-0.926196488327742,NA
"2580","MD",7,2020,"H0MD07361","Brown, Brian L.","202020070","Republican",NA,NA
"2581","MD",7,2020,"H0MD07395","Howard, Michael D.","202020071","Democrat",NA,NA
"2582","MD",7,2020,"H0MD07403","Madwolf, M. J.","202020070","Republican",NA,NA
"2583","MD",7,2020,"H4MD03040","Hiegel, Dan","202020071","Democrat",NA,NA
"2584","MD",7,2020,"H6MD07020","Mfume, Kweisi","202020071","Democrat",-0.59550099036078,"M000687"
"2585","MD",7,2020,"H6MD07434","Newton, William T.","202020070","Republican",NA,NA
"2586","MD",7,2020,"H6MD07459","Petrus, Adrian","202020071","Democrat",NA,NA
"2587","MD",7,2020,"H8MD07117","Stokes, Charles","202020071","Democrat",NA,NA
"2588","MD",7,2020,NA,"Bly, Raymond J.","202020070","Republican",0.0777015927437441,NA
"2589","MD",7,2020,NA,"Davidson, Michael","202020071","Democrat",NA,NA
"2590","MD",7,2022,"H0MD02255","Scott M. Collier","202220070","Republican",NA,NA
"2591","MD",7,2022,"H2MD03234","Wayne ""For Freedom"" McNeal","202220071","Democrat",NA,NA
"2592","MD",7,2022,"H2MD07094","Tashi Kimandus Davis","202220071","Democrat",-0.159547324524988,NA
"2593","MD",7,2022,"H6MD07020","Kweisi Mfume","202220071","Democrat",NA,"M000687"
"2594","MD",7,2022,NA,"Elihu Eli El","202220071","Democrat",-1.12668903059157,NA
"2595","MD",7,2022,NA,"Ray Bly","202220070","Republican",NA,NA
"2596","MD",7,2022,NA,"Lorrie A. Sigley","202220070","Republican",NA,NA
"2597","MD",7,2022,NA,"Michael Pearson","202220070","Republican",NA,NA
"2598","MD",8,2018,"H6MD08457","Raskin, Jamie","201820081","Democrat",-0.207176985301859,"R000606"
"2599","MD",8,2018,"H8MD08230","Cooper, Bridgette","201820080","Republican",NA,NA
"2600","MD",8,2018,"H8MD08248","Walsh, John","201820080","Republican",NA,NA
"2601","MD",8,2018,"H8MD08255","Williams, Victor","201820080","Republican",NA,NA
"2602","MD",8,2018,NA,"Paul, Utam","201820081","Democrat",NA,NA
"2603","MD",8,2018,NA,"Spring, Summer","201820081","Democrat",-0.460277194061541,NA
"2604","MD",8,2020,"H0MD08195","Gladden, Nicholas","202020080","Republican",-0.0566273980467884,NA
"2605","MD",8,2020,"H0MD08203","Coll, Gregory Thomas","202020080","Republican",0.719339503459179,NA
"2606","MD",8,2020,"H0MD08211","Morgan, Marcia H.","202020081","Democrat",NA,NA
"2607","MD",8,2020,"H0MD08229","Rogers, Patricia","202020080","Republican",NA,NA
"2608","MD",8,2020,"H0MD08237","Yadeta, Michael","202020080","Republican",0.0609808222073324,NA
"2609","MD",8,2020,"H2MD08084","Skolnick, Shelly","202020080","Republican",NA,NA
"2610","MD",8,2020,"H6MD08366","Young, Lih","202020081","Democrat",NA,NA
"2611","MD",8,2020,"H6MD08457","Raskin, Jamie","202020081","Democrat",-0.604114544517915,"R000606"
"2612","MD",8,2020,"H8MD08214","Paul, Utam","202020081","Democrat",NA,NA
"2613","MD",8,2020,"H8MD08230","Cooper, Bridgette L.","202020080","Republican",NA,NA
"2614","MD",8,2022,"H0MD08203","Gregory Thomas Coll","202220080","Republican",0.761650508006093,NA
"2615","MD",8,2022,"H2MD08191","Andalib Odulate","202220081","Democrat",-0.573413669609851,NA
"2616","MD",8,2022,"H6MD08457","Jamie Raskin","202220081","Democrat",-0.723996510240149,"R000606"
"2617","MD",8,2022,NA,"Michael Mihirate Yadeta","202220080","Republican",0.0187885944112142,NA
"2618","ME",1,2018,"H6ME01207","Holbrook, Mark","201819010","Republican",0.404693652644983,NA
"2619","ME",1,2018,"H8ME01120","Pingree, Chellie","201819011","Democrat",-0.917880211367748,"P000597"
"2620","ME",1,2020,"H0ME01119","Allen, Jay Thomas","202019010","Republican",0.651512927724909,NA
"2621","ME",1,2020,"H8ME01120","Pingree, Chellie","202019011","Democrat",-0.909274553568961,"P000597"
"2622","ME",1,2022,"H2ME01131","Ed Thelander","202219010","Republican",0.907248116405634,NA
"2623","ME",1,2022,"H8ME01120","Chellie Pingree","202219011","Democrat",-0.80545685925289,"P000597"
"2624","ME",2,2018,"H4ME02234","Poliquin, Bruce","201819020","Republican",-0.0317828430952463,NA
"2625","ME",2,2018,"H8ME02151","Fulford, Jonathan","201819021","Democrat",NA,NA
"2626","ME",2,2018,"H8ME02177","Olson, Craig","201819021","Democrat",-0.767192469664425,NA
"2627","ME",2,2018,"H8ME02185","Golden, Jared","201819021","Democrat",-0.859861754290428,"G000592"
"2628","ME",2,2018,"H8ME02201","St. Clair, Lucas","201819021","Democrat",-0.971013826350316,NA
"2629","ME",2,2020,"H0ME02067","Brakey, Eric","202019020","Republican",0.584317300362922,NA
"2630","ME",2,2020,"H0ME02075","Bennett, Adrienne","202019020","Republican",0.97017893792286,NA
"2631","ME",2,2020,"H0ME02083","Crafts, Dale John","202019020","Republican",1.02653334315917,NA
"2632","ME",2,2020,"H8ME02185","Golden, Jared","202019021","Democrat",-0.328954943912939,"G000592"
"2633","ME",2,2022,"H2ME02212","Liz Caruso","202219020","Republican",1.60226452615505,NA
"2634","ME",2,2022,"H4ME02234","Bruce Poliquin","202219020","Republican",NA,NA
"2635","ME",2,2022,"H8ME02185","Jared Golden","202219021","Democrat",-0.280475155024692,"G000592"
"2636","MI",1,2018,"H6MI01226","Bergman, Jack","201822010","Republican",0.900266032935548,"B001301"
"2637","MI",1,2018,"H8MI01149","Morgan, Matthew","201822011","Democrat",-0.749510598338133,NA
"2638","MI",1,2020,"H0MI01211","Ferguson, Dana","202022011","Democrat",-0.829074062606321,NA
"2639","MI",1,2020,"H0MI01229","O'Dell, Linda","202022011","Democrat",-0.722765490161919,NA
"2640","MI",1,2020,"H6MI01226","Bergman, Jack","202022010","Republican",0.942164203817163,"B001301"
"2641","MI",1,2022,"H2MI01142","Bob Lorinser","202222011","Democrat",-0.406301563298324,NA
"2642","MI",1,2022,"H6MI01226","Jack Bergman","202222010","Republican",0.311124893298999,"B001301"
"2643","MI",2,2018,"H0MI02094","Huizenga, Bill","201822020","Republican",0.757334761339703,"H001058"
"2644","MI",2,2018,"H8MI02113","Davidson, Rob","201822021","Democrat",-0.925953707199546,NA
"2645","MI",2,2020,"H0MI02094","Huizenga, Bill","202022020","Republican",1.12511028666434,"H001058"
"2646","MI",2,2020,"H0MI02201","Berghoef, Bryan","202022021","Democrat",-0.612137042567987,NA
"2647","MI",2,2022,"H0MI03266","Tom Norton","202222020","Republican",0.74547951018302,NA
"2648","MI",2,2022,"H4MI04126","John Moolenaar","202222020","Republican",0.838624689830659,"M001194"
"2649","MI",2,2022,"H8MI04101","Jerry Hilliard","202222021","Democrat",-0.549328914486392,NA
"2650","MI",3,2018,"H0MI03126","Amash, Justin","201822030","Republican",NA,"A000367"
"2651","MI",3,2018,"H8MI03061","Wooden, Fred","201822031","Democrat",-0.572439535828978,NA
"2652","MI",3,2018,"H8MI03079","Albro, Cathy","201822031","Democrat",-1.05520157022566,NA
"2653","MI",3,2020,"H0MI03233","Rafi, Emily","202022030","Republican",NA,NA
"2654","MI",3,2020,"H0MI03266","Norton, Thomas J.","202022030","Republican",0.655516635041642,NA
"2655","MI",3,2020,"H0MI03290","Afendoulis, Lynn","202022030","Republican",0.580105289949925,NA
"2656","MI",3,2020,"H0MI03308","Meijer, Peter","202022030","Republican",0.645999790149223,"M001186"
"2657","MI",3,2020,"H0MI03316","Scholten, Hillary","202022031","Democrat",-0.840861822368642,NA
"2658","MI",3,2020,"H0MI03332","Farrington, Joe","202022030","Republican",NA,NA
"2659","MI",3,2022,"H0MI03308","Peter Meijer","202222030","Republican",0.732622421168872,NA
"2660","MI",3,2022,"H0MI03316","Hillary Scholten","202222031","Democrat",-0.707593146025264,"S001221"
"2661","MI",3,2022,"H2MI03197","John Gibbs","202222030","Republican",0.662692159417862,NA
"2662","MI",4,2018,"H4MI04126","Moolenaar, John","201822040","Republican",1.06635877859345,"M001194"
"2663","MI",4,2018,"H8MI04101","Hilliard, Jerry","201822041","Democrat",NA,NA
"2664","MI",4,2018,"H8MI04119","Kozicki, Zigmond","201822041","Democrat",NA,NA
"2665","MI",4,2020,"H0MI04108","Feig, Anthony D","202022041","Democrat",-0.766418601546946,NA
"2666","MI",4,2020,"H4MI04126","Moolenaar, John","202022040","Republican",0.82345704855425,"M001194"
"2667","MI",4,2020,"H8MI04101","Hilliard, Jerry","202022041","Democrat",-0.560970102934731,NA
"2668","MI",4,2022,"H0MI02094","Bill Huizenga","202222040","Republican",0.842429213118702,"H001058"
"2669","MI",4,2022,"H2MI04260","Joseph Alfonso","202222041","Democrat",-0.662654667748848,NA
"2670","MI",5,2018,"H2MI05119","Kildee, Daniel","201822051","Democrat",-0.446107346330068,"K000380"
"2671","MI",5,2018,"H8MI05116","Wines, Travis","201822050","Republican",-0.537365281939351,NA
"2672","MI",5,2020,"H0MI05121","Lackie, Earl","202022050","Republican",-0.53298242536598,NA
"2673","MI",5,2020,"H0MI05162","Kelly, Tim","202022050","Republican",NA,NA
"2674","MI",5,2020,"H2MI05119","Kildee, Daniel T.","202022051","Democrat",-0.374947789105644,"K000380"
"2675","MI",5,2022,"H2MI05176","Bart Goldberg","202222051","Democrat",-0.508538589522368,NA
"2676","MI",5,2022,"H2MI06141","Sherry O'Donnell","202222050","Republican",0.26482549725347,NA
"2677","MI",5,2022,"H4MI07103","Tim Walberg","202222050","Republican",0.630400214062066,"W000798"
"2678","MI",6,2018,"H6MI04113","Upton, Fred","201822060","Republican",0.387845281837541,"U000031"
"2679","MI",6,2018,"H8MI06130","Benac, David","201822061","Democrat",-0.656880978827493,NA
"2680","MI",6,2018,"H8MI06148","Eichholz, Rich","201822061","Democrat",-0.717152818547076,NA
"2681","MI",6,2018,"H8MI06155","Longjohn, Matt","201822061","Democrat",-0.65443993357771,NA
"2682","MI",6,2018,"H8MI06163","Franklin, George","201822061","Democrat",-0.75458410434164,NA
"2683","MI",6,2020,"H0MI06152","Hoadley, Jon","202022061","Democrat",-1.07913679597536,NA
"2684","MI",6,2020,"H0MI06178","Oelke, Elena","202022060","Republican",NA,NA
"2685","MI",6,2020,"H0MI06186","Richardson, Jen","202022061","Democrat",-1.26185883466568,NA
"2686","MI",6,2020,"H6MI04113","Upton, Fred","202022060","Republican",-0.0243042537483641,"U000031"
"2687","MI",6,2022,"H2MI06158","Whittney Williams","202222060","Republican",NA,NA
"2688","MI",6,2022,"H2MI06166","Hima Kolanagireddy","202222060","Republican",0.699729789249275,NA
"2689","MI",6,2022,"H4MI12079","Debbie Dingell","202222061","Democrat",-0.896658520034949,"D000624"
"2690","MI",7,2018,"H4MI07103","Walberg, Tim","201822070","Republican",0.648142124218258,"W000798"
"2691","MI",7,2018,"H6MI07223","Driskell, Gretchen","201822071","Democrat",-0.500316237019803,NA
"2692","MI",7,2018,"H8MI07112","Friday, Steven","201822071","Democrat",-0.750406447324112,NA
"2693","MI",7,2020,"H0MI07150","Driskell, Gretchen D.","202022071","Democrat",-0.802437087639393,NA
"2694","MI",7,2020,"H4MI07103","Walberg, Tim","202022070","Republican",0.434543101208115,"W000798"
"2695","MI",7,2022,"H2MI07123","Tom Barrett","202222070","Republican",0.947830566664993,NA
"2696","MI",7,2022,"H8MI08102","Elissa Slotkin","202222071","Democrat",-0.770876960264611,"S001208"
"2697","MI",8,2018,"H4MI08135","Bishop, Mike","201822080","Republican",0.0756254415491531,NA
"2698","MI",8,2018,"H8MI08102","Slotkin, Elissa","201822081","Democrat",-0.705783467586208,"S001208"
"2699","MI",8,2018,"H8MI08110","Smith, Chris","201822081","Democrat",-0.902809290621695,NA
"2700","MI",8,2018,"H8MI08136","Kumar, Lokesh","201822080","Republican",0.405550149282876,NA
"2701","MI",8,2020,"H0MI08133","Detmer, Mike","202022080","Republican",0.932249783828288,NA
"2702","MI",8,2020,"H0MI08141","Junge, Paul","202022080","Republican",0.901199671707487,NA
"2703","MI",8,2020,"H0MI08158","Lyke, Kristina","202022080","Republican",NA,NA
"2704","MI",8,2020,"H0MI08166","Hoover, Alan T.","202022080","Republican",0.698707390453323,NA
"2705","MI",8,2020,"H8MI08102","Slotkin, Elissa","202022081","Democrat",-0.713998493732598,"S001208"
"2706","MI",8,2022,"H0MI08141","Paul Junge","202222080","Republican",0.902072987871013,NA
"2707","MI",8,2022,"H2MI05119","Dan Kildee","202222081","Democrat",-0.323855612358699,"K000380"
"2708","MI",8,2022,"H2MI08196","Matthew Seely","202222080","Republican",NA,NA
"2709","MI",8,2022,"H2MI08204","Candice Miller","202222080","Republican",NA,NA
"2710","MI",9,2018,"H8MI09092","Stearns, Candius","201822090","Republican",0.510792414447683,NA
"2711","MI",9,2018,"H8MI09100","Brook, Martin","201822091","Democrat",-0.605240729170417,NA
"2712","MI",9,2018,"H8MI09118","Levin, Andy","201822091","Democrat",-0.924914352376009,"L000592"
"2713","MI",9,2018,"H8MI09134","Lipton, Ellen","201822091","Democrat",-0.857786536482233,NA
"2714","MI",9,2020,"H0MI09180","Langworthy, Charles J.","202022090","Republican",1.0809464963744,NA
"2715","MI",9,2020,"H0MI14230","Grossbard, Gabi","202022090","Republican",NA,NA
"2716","MI",9,2020,"H8MI09118","Levin, Andy","202022091","Democrat",-0.944086939127111,"L000592"
"2717","MI",9,2022,"H0MI10287","Lisa McClain","202222090","Republican",1.23299911565602,"M001136"
"2718","MI",9,2022,"H2MI08154","Brian Jaye","202222091","Democrat",-0.787698395876411,NA
"2719","MI",9,2022,"H4MI09109","Michelle Donovan","202222090","Republican",0.218544402253005,NA
"2720","MI",10,2018,"H4MI04118","Mitchell, Paul","201822100","Republican",1.0234952670313,"M001201"
"2721","MI",10,2018,"H8MI10108","Bizon, Kimberly","201822101","Democrat",-0.712291965955361,NA
"2722","MI",10,2018,"H8MI10124","McCarthy, Michael","201822101","Democrat",NA,NA
"2723","MI",10,2018,"H8MI10132","Accavitti, Frank","201822101","Democrat",NA,NA
"2724","MI",10,2020,"H0MI10238","Noland, Kelly L.","202022101","Democrat",-0.803137868644712,NA
"2725","MI",10,2020,"H0MI10279","Slocum, Doug","202022100","Republican",NA,NA
"2726","MI",10,2020,"H0MI10287","McClain, Lisa","202022100","Republican",0.961373570620828,"M001136"
"2727","MI",10,2020,"H0MI10295","Hernandez, Shane","202022100","Republican",1.19770216148053,NA
"2728","MI",10,2020,"H8MI10108","Bizon, Kimberly","202022101","Democrat",-0.698880989911776,NA
"2729","MI",10,2022,"H2MI10127","Huwaida Araf","202222101","Democrat",-0.937577491370759,NA
"2730","MI",10,2022,"H2MI10135","Tony Marcinkewciz","202222100","Republican",NA,NA
"2731","MI",10,2022,"H2MI10143","Angela Rogensues","202222101","Democrat",-0.492251060504782,NA
"2732","MI",10,2022,"H2MI10150","John James","202222100","Republican",NA,"J000307"
"2733","MI",10,2022,"H2MI10168","Henry Yanez","202222101","Democrat",-1.29970496083065,NA
"2734","MI",10,2022,"H2MI10176","Carl Marlinga","202222101","Democrat",0.107568058324394,NA
"2735","MI",10,2022,"H2MI10184","Rhonda Powell","202222101","Democrat",NA,NA
"2736","MI",11,2018,"H2MI11133","Bentivolio, Kerry","201822110","Republican",0.562607126436085,NA
"2737","MI",11,2018,"H8MI11254","Stevens, Haley","201822111","Democrat",-0.919414251551236,"S001215"
"2738","MI",11,2018,"H8MI11262","Saad, Fayrouz","201822111","Democrat",-0.273399512337461,NA
"2739","MI",11,2018,"H8MI11270","Kesto, Klint","201822110","Republican",0.0813690011839497,NA
"2740","MI",11,2018,"H8MI11288","Raczkowski, Rocky","201822110","Republican",0.658794960247558,NA
"2741","MI",11,2018,"H8MI11320","Epstein, Lena","201822110","Republican",0.526052497951838,NA
"2742","MI",11,2018,"H8MI11338","Greimel, Tim","201822111","Democrat",-0.947377348373587,NA
"2743","MI",11,2018,"H8MI11346","Gupta, Suneel","201822111","Democrat",-0.776172768686922,NA
"2744","MI",11,2018,"H8MI11361","Kowall, Mike","201822110","Republican",0.555762566899634,NA
"2745","MI",11,2018,"H8MI11395","Skinner, Nancy","201822111","Democrat",-0.289148387160562,NA
"2746","MI",11,2020,"H0MI11103","Acosta, Frank","202022110","Republican",NA,NA
"2747","MI",11,2020,"H0MI11111","Williams, Whittney","202022110","Republican",NA,NA
"2748","MI",11,2020,"H0MI11129","Esshaki, Eric S.","202022110","Republican",0.898437386200902,NA
"2749","MI",11,2020,"H0MI11145","Greco, Carmelita","202022110","Republican",0.835093288335945,NA
"2750","MI",11,2020,"H2MI11133","Bentivolio, Kerry","202022110","Republican",0.97010236255207,NA
"2751","MI",11,2020,"H8MI11254","Stevens, Haley","202022111","Democrat",-0.942362634734226,"S001215"
"2752","MI",11,2022,"H2MI11232","Matthew DenOtter","202222110","Republican",0.843231024497664,NA
"2753","MI",11,2022,"H2MI11265","Mark Ambrose","202222110","Republican",1.03597577015515,NA
"2754","MI",11,2022,"H8MI09118","Andy Levin","202222111","Democrat",-0.78594893801983,NA
"2755","MI",11,2022,"H8MI11254","Haley Stevens","202222111","Democrat",-0.839772153467787,"S001215"
"2756","MI",12,2018,"H4MI12079","Dingell, Debbie","201822121","Democrat",-0.887797223517228,"D000624"
"2757","MI",12,2018,"H6MI12264","Jones, Jeff","201822120","Republican",-0.323157925151514,NA
"2758","MI",12,2020,"H0MI12168","Rajput, Solomon","202022121","Democrat",-1.02814066980455,NA
"2759","MI",12,2020,"H4MI12079","Dingell, Debbie","202022121","Democrat",-0.938667124044507,"D000624"
"2760","MI",12,2020,"H6MI12264","Jones, Jeff","202022120","Republican",NA,NA
"2761","MI",12,2022,"H2MI12172","Janice Winfrey","202222121","Democrat",-0.454415849202358,NA
"2762","MI",12,2022,"H2MI12180","Shanelle Jackson","202222121","Democrat",-0.550211336272864,NA
"2763","MI",12,2022,"H2MI12198","James Hooper","202222120","Republican",1.48771911463396,NA
"2764","MI",12,2022,"H2MI12206","Mykale Garrett","202222121","Democrat",-0.994292469375916,NA
"2765","MI",12,2022,"H2MI13196","Hassan Nehme","202222120","Republican",0.696542222641293,NA
"2766","MI",12,2022,"H2MI13311","Steven Elliott","202222120","Republican",1.09744831905751,NA
"2767","MI",12,2022,"H8MI13250","Rashida Tlaib","202222121","Democrat",-1.06933902813179,"T000481"
"2768","MI",13,2018,"H0MI13471","Dudenhoefer, David","201822130","Republican",-0.0208728297749108,NA
"2769","MI",13,2018,"H6MI01028","Conyers, Ian","201822131","Democrat",-0.79961589868209,NA
"2770","MI",13,2018,"H8MI13243","Jones, Brenda","201822131","Democrat",-1.08359730049965,NA
"2771","MI",13,2018,"H8MI13250","Tlaib, Rashida","201822131","Democrat",-1.02825268711998,"T000481"
"2772","MI",13,2018,"H8MI13276","Wild, Bill","201822131","Democrat",-0.849108663754596,NA
"2773","MI",13,2020,"H0MI13463","Lemmo, Al","202022130","Republican",0.510875387711272,NA
"2774","MI",13,2020,"H0MI13471","Dudenhoefer, David","202022130","Republican",0.0257354978432743,NA
"2775","MI",13,2020,"H0MI13497","Sawyer, Linda","202022130","Republican",-0.114869600331108,NA
"2776","MI",13,2020,"H8MI13243","Jones, Brenda","202022131","Democrat",-1.45636307480641,NA
"2777","MI",13,2020,"H8MI13250","Tlaib, Rashida","202022131","Democrat",-0.998117349388413,"T000481"
"2778","MI",13,2022,"H2MI13204","Shri Thanedar","202222131","Democrat",-1.14184583609854,"T000488"
"2779","MI",13,2022,"H2MI13212","Michael Griffie","202222131","Democrat",NA,NA
"2780","MI",13,2022,"H2MI13246","Adam Hollier","202222131","Democrat",-0.509450449347179,NA
"2781","MI",13,2022,"H2MI13261","John Conyers III","202222131","Democrat",-1.58363163714582,NA
"2782","MI",13,2022,"H2MI13279","Sherry Gay-Dagnogo","202222131","Democrat",NA,NA
"2783","MI",13,2022,"H2MI13295","Portia Roberson","202222131","Democrat",-1.09520129221152,NA
"2784","MI",13,2022,"H2MI13303","Lorrie Rutledge","202222131","Democrat",-0.547437444405974,NA
"2785","MI",13,2022,"H2MI13329","Sharon McPhail","202222131","Democrat",NA,NA
"2786","MI",13,2022,"H2MI13360","Martell Bivings","202222130","Republican",-0.195669219965424,NA
"2787","MI",13,2022,"H2MI13378","Sam Riddle","202222131","Democrat",NA,NA
"2788","MI",14,2018,"H2MI14111","Lawrence, Brenda","201822141","Democrat",-1.44962562488629,"L000581"
"2789","MI",14,2018,"H8MI14100","Herschfus, Marc","201822140","Republican",NA,NA
"2790","MI",14,2020,"H0MI14248","Houston II, Daryle F.","202022140","Republican",0.271930788404249,NA
"2791","MI",14,2020,"H0MI14255","Patrick, Robert Vance","202022140","Republican",NA,NA
"2792","MI",14,2020,"H2MI14111","Lawrence, Brenda","202022141","Democrat",NA,"L000581"
"2793","MI",14,2020,"H6MI14195","Morrison, Terrance","202022141","Democrat",NA,NA
"2794","MN",1,2018,"H0MN01045","Hagerdon, Jim","201823010","Republican",1.04980116390208,"H001088"
"2795","MN",1,2018,"H6MN01182","Williams, Steve","201823010","Republican",-0.037195343045093,NA
"2796","MN",1,2018,"H8MN01261","Minehart, Colin","201823011","Democrat",NA,NA
"2797","MN",1,2018,"H8MN01279","Feehan, Dan","201823011","Democrat",-0.535896622763259,NA
"2798","MN",1,2018,"H8MN01329","Nelson, Carla","201823010","Republican",0.0837316621269576,NA
"2799","MN",1,2018,"H8MN01345","Candler, Andrew","201823010","Republican",NA,NA
"2800","MN",1,2020,"H0MN01045","Hagedorn, JamesÊ","202023010","Republican",0.705416041151232,"H001088"
"2801","MN",1,2020,"H8MN01279","Feehan, Dan","202023011","Democrat",-0.765230779757672,NA
"2802","MN",1,2022,"H2MN01165","Jeremy Munson","202223010","Republican",1.14564559952903,NA
"2803","MN",1,2022,"H2MN01223","Brad Finstad","202223010","Republican",1.43558382900784,"F000475"
"2804","MN",1,2022,"H2MN01249","Jeff Ettinger","202223011","Democrat",-0.174552538169257,NA
"2805","MN",1,2022,"H2MN01348","James Rainwater","202223011","Democrat",0.058718141971937,NA
"2806","MN",1,2022,NA,"George H Kalberer","202223011","Democrat",NA,NA
"2807","MN",2,2018,"H6MN02131","Craig, Angie","201823021","Democrat",-0.681938188999192,"C001119"
"2808","MN",2,2018,"H6MN02149","Lewis, Jason","201823020","Republican",NA,NA
"2809","MN",2,2020,"H0MN02134","Kistner, Tyler","202023020","Republican",0.93467886779201,NA
"2810","MN",2,2020,"H6MN02131","Craig, Angie","202023021","Democrat",-0.668563654458146,"C001119"
"2811","MN",2,2022,"H0MN02134","Tyler Kistner","202223020","Republican",0.545805811029425,NA
"2812","MN",2,2022,"H6MN02131","Angie Craig","202223021","Democrat",-0.533261267822781,"C001119"
"2813","MN",3,2018,"H8MN03077","Paulsen, Erik","201823030","Republican",0.517706319355879,NA
"2814","MN",3,2018,"H8MN03143","Phillips, Dean","201823031","Democrat",-0.867608350619649,"P000616"
"2815","MN",3,2018,"H8MN03168","Young, Cole","201823031","Democrat",-0.501148992704775,NA
"2816","MN",3,2020,"H0MN03124","Qualls, Kendall","202023030","Republican",NA,NA
"2817","MN",3,2020,"H0MN03140","Davis, Leslie","202023030","Republican",NA,NA
"2818","MN",3,2020,"H8MN03143","Phillips, Dean","202023031","Democrat",-0.698931526041598,"P000616"
"2819","MN",3,2020,"H8MN03168","Young, Cole","202023031","Democrat",NA,NA
"2820","MN",3,2022,"H2MN03104","Tom Wiler","202223030","Republican",1.06019388589918,NA
"2821","MN",3,2022,"H8MN03143","Dean Phillips","202223031","Democrat",-0.693416507154128,"P000616"
"2822","MN",4,2018,"H0MN04049","McCollum, Betty","201823041","Democrat",-0.800510698788717,"M001143"
"2823","MN",4,2018,"H6MN04236","Ryan, Greg","201823040","Republican",0.864491607496889,NA
"2824","MN",4,2018,NA,"Hassan, Muad","201823041","Democrat",NA,NA
"2825","MN",4,2018,NA,"Rossell, Reid","201823041","Democrat",NA,NA
"2826","MN",4,2020,"H0MN04049","McCollum, Betty","202023041","Democrat",-0.666895044336534,"M001143"
"2827","MN",4,2020,"H0MN04171","Sandbeck, David Andrew","202023041","Democrat",-0.370145344751418,NA
"2828","MN",4,2020,"H0MN04197","Lo, Sia","202023040","Republican",0.691640719478499,NA
"2829","MN",4,2020,"H0MN04205","Gillespie, Alberder","202023041","Democrat",-1.40473118223705,NA
"2830","MN",4,2020,"H0MN04213","Forslund, Tiffini Flynn","202023041","Democrat",NA,NA
"2831","MN",4,2020,"H6MN04244","Rechtzigel, Gene","202023040","Republican",0.325912730260216,NA
"2832","MN",4,2020,"H8MN04109","Rossell, Reid","202023041","Democrat",-0.513977958616445,NA
"2833","MN",4,2022,"H0MN04049","Betty McCollum","202223041","Democrat",-0.564739751699744,"M001143"
"2834","MN",4,2022,"H2MN04169","Amane Badhasso","202223041","Democrat",-1.35736570790344,NA
"2835","MN",4,2022,"H2MN04177","May Lor Xiong","202223040","Republican",0.463672386316919,NA
"2836","MN",4,2022,"H2MN04185","Jerry Silver","202223040","Republican",0.523897403198206,NA
"2837","MN",4,2022,"H8MN04083","Fasil Moghul","202223041","Democrat",-0.645419288836308,NA
"2838","MN",4,2022,NA,"Gene Rechzigel","202223040","Republican",NA,NA
"2839","MN",5,2018,"H6MN05332","Drake, Frank","201823051","Democrat",NA,NA
"2840","MN",5,2018,"H8MN05163","Abdulahi, Jamal","201823051","Democrat",-0.275833826451734,NA
"2841","MN",5,2018,"H8MN05197","Chamberlin, Christopher","201823050","Republican",0.522700688986014,NA
"2842","MN",5,2018,"H8MN05213","Zielinski, Jennifer","201823050","Republican",0.300871836132247,NA
"2843","MN",5,2018,"H8MN05221","Kelliher, Margaret","201823051","Democrat",NA,NA
"2844","MN",5,2018,"H8MN05239","Omar, Ilhan","201823051","Democrat",-1.32525937850143,"O000173"
"2845","MN",5,2018,"H8MN05247","Ray, Patricia","201823051","Democrat",-0.953286949822227,NA
"2846","MN",5,2018,"H8MN05254","Champion, Bobby","201823051","Democrat",-0.918857590443585,NA
"2847","MN",5,2018,"H8MN05270","Carney, Bob","201823050","Republican",NA,NA
"2848","MN",5,2020,"H0MN05160","Stella, Danielle","202023050","Republican",0.716072968407672,NA
"2849","MN",5,2020,"H0MN05178","Johnson, Lacy","202023050","Republican",0.851358495563396,NA
"2850","MN",5,2020,"H0MN05210","Melton-Meaux, Antone","202023051","Democrat",NA,NA
"2851","MN",5,2020,"H0MN05228","Mason, John","202023051","Democrat",-1.11487167682681,NA
"2852","MN",5,2020,"H0MN05251","al-Aqidi, Dalia","202023050","Republican",NA,NA
"2853","MN",5,2020,"H0MN05285","Lester, Les","202023051","Democrat",-0.63274625387569,NA
"2854","MN",5,2020,"H4MN06046","McCarthy, Daniel P.","202023051","Democrat",NA,NA
"2855","MN",5,2020,"H8MN05239","Omar, Ilhan","202023051","Democrat",-1.40808291630764,"O000173"
"2856","MN",5,2022,"H2MN05166","Cicely Davis","202223050","Republican",0.601478212982204,NA
"2857","MN",5,2022,"H2MN05190","Royce White","202223050","Republican",0.178104327088678,NA
"2858","MN",5,2022,"H2MN05208","Don Samuels","202223051","Democrat",-1.08237135575513,NA
"2859","MN",5,2022,"H2MN05216","Albert Ross","202223051","Democrat",NA,NA
"2860","MN",5,2022,"H6MN06165","AJ Kern","202223051","Democrat",0.828982236801102,NA
"2861","MN",5,2022,"H8MN05239","Ilhan Omar","202223051","Democrat",-1.42087446281401,"O000173"
"2862","MN",5,2022,NA,"Guy Gaskin","202223050","Republican",NA,NA
"2863","MN",5,2022,NA,"Nate Schluter","202223051","Democrat",NA,NA
"2864","MN",6,2018,"H4MN06087","Emmer, Thomas","201823060","Republican",0.831464907130603,"E000294"
"2865","MN",6,2018,"H6MN06165","Kern, AJ","201823060","Republican",0.792776787194395,NA
"2866","MN",6,2018,"H8MN06096","Todd, Ian","201823061","Democrat",-0.769293477626393,NA
"2867","MN",6,2018,NA,"Munro, Patrick","201823060","Republican",0.777080568840331,NA
"2868","MN",6,2020,"H0MN06150","Zahradka, Tawnja","202023061","Democrat",-0.0569387995423598,NA
"2869","MN",6,2020,"H4MN06087","Emmer, Tom","202023060","Republican",0.573617589690903,"E000294"
"2870","MN",6,2020,"H6MN06199","Munro, Patrick D.","202023060","Republican",0.0857813950410147,NA
"2871","MN",6,2022,"H2MN06214","Jeanne Hendricks","202223061","Democrat",-0.539122650755066,NA
"2872","MN",6,2022,"H4MN06087","Tom Emmer","202223060","Republican",0.507970525451643,"E000294"
"2873","MN",7,2018,"H2MN07014","Peterson, Collin","201823071","Democrat",NA,"P000258"
"2874","MN",7,2018,"H6MN07304","Hughes, Dave","201823070","Republican",1.60901066519161,NA
"2875","MN",7,2018,"H8MN07094","Prosch, Matt","201823070","Republican",1.63037334510514,NA
"2876","MN",7,2020,"H0MN07075","Emery, Stephen A.","202023071","Democrat",0.21205833987729,NA
"2877","MN",7,2020,"H0MN07091","Fischbach, Michelle","202023070","Republican",1.6969589490772,"F000470"
"2878","MN",7,2020,"H0MN07109","Collis, Noel","202023070","Republican",0.955767376474466,NA
"2879","MN",7,2020,"H0MN07125","Gruenhagen, Alycia R.","202023071","Democrat",NA,NA
"2880","MN",7,2020,"H0MN07133","Louwagie, William","202023070","Republican",NA,NA
"2881","MN",7,2020,"H2MN07014","Peterson, Collin C.","202023071","Democrat",NA,NA
"2882","MN",7,2020,"H6MN07304","Hughes, Dave","202023070","Republican",NA,NA
"2883","MN",7,2020,"H8MN07102","Sherman, Jayesun Israel","202023070","Republican",0.746837344176726,NA
"2884","MN",7,2022,"H0MN07091","Michelle Fischbach","202223070","Republican",1.28163879095699,"F000470"
"2885","MN",7,2022,"H0MN07125","Alycia Gruenhagen","202223071","Democrat",NA,NA
"2886","MN",7,2022,"H2MN07162","Jill Abahsain","202223071","Democrat",-0.584305172908961,NA
"2887","MN",8,2018,"H2MN08061","Welty, Harry","201823080","Republican",NA,NA
"2888","MN",8,2018,"H8MN08043","Stauber, Pete","201823080","Republican",0.731107452627779,"S001212"
"2889","MN",8,2018,"H8MN08068","Radinovich, Joe","201823081","Democrat",-0.50228942681906,NA
"2890","MN",8,2018,"H8MN08076","Lee, Michelle","201823081","Democrat",-1.07352139937248,NA
"2891","MN",8,2018,"H8MN08084","Metsa, Jason","201823081","Democrat",-1.23139869881376,NA
"2892","MN",8,2018,"H8MN08092","Kennedy, Kirsten","201823081","Democrat",-0.511996482198685,NA
"2893","MN",8,2018,"H8MN08100","Sorensen, Soren","201823081","Democrat",-0.523581715579706,NA
"2894","MN",8,2020,"H0MN08156","Nystrom, Quinn Reabe","202023081","Democrat",-0.792801233019765,NA
"2895","MN",8,2020,"H2MN08061","Welty, Harry Robb","202023080","Republican",NA,NA
"2896","MN",8,2020,"H8MN08043","Stauber, Pete","202023080","Republican",NA,"S001212"
"2897","MN",8,2022,"H2MN08061","Harry Robb Welty","202223080","Republican",NA,NA
"2898","MN",8,2022,"H2MN08152","Jen Schultz","202223081","Democrat",-0.676133042286654,NA
"2899","MN",8,2022,"H2MN08160","John Munter","202223081","Democrat",NA,NA
"2900","MN",8,2022,"H8MN08043","Pete Stauber","202223080","Republican",1.40988206768846,"S001212"
"2901","MO",1,2018,"H0MO01066","Clay, William","201825011","Democrat",NA,"C001049"
"2902","MO",1,2018,"H6MO07235","Lombardi-Olive, Camille","201825010","Republican",NA,NA
"2903","MO",1,2018,"H8MO01143","Bush, Cori","201825011","Democrat",-1.18806303623591,NA
"2904","MO",1,2018,"H8MO01150","Davidson, DeMarco","201825011","Democrat",NA,NA
"2905","MO",1,2018,"H8MO01176","Van Deventer, Edward","201825010","Republican",NA,NA
"2906","MO",1,2018,"H8MO01184","Vroman, Robert","201825010","Republican",NA,NA
"2907","MO",1,2018,NA,"Shipp, Joshua","201825011","Democrat",NA,NA
"2908","MO",1,2020,"H0MO01066","Clay, William Lacy Jr.","202025011","Democrat",-0.797674305756738,NA
"2909","MO",1,2020,"H0MO01181","Heartstrong, Winnie Bridget","202025010","Republican",0.811501196386523,NA
"2910","MO",1,2020,"H0MO01199","Bruckner, Katherine","202025011","Democrat",NA,NA
"2911","MO",1,2020,"H0MO01207","Rogers, Anthony","202025010","Republican",NA,NA
"2912","MO",1,2020,"H8MO01143","Bush, Cori","202025011","Democrat",-1.61965137267729,"B001224"
"2913","MO",1,2022,"H2MO01161","Earl Childress","202225011","Democrat",-0.432086932773174,NA
"2914","MO",1,2022,"H2MO01179","Andrew Jones","202225010","Republican",0.972941879749523,NA
"2915","MO",1,2022,"H2MO01187","Ron Harshaw","202225011","Democrat",NA,NA
"2916","MO",1,2022,"H2MO01203","Michael Daniels","202225011","Democrat",-0.889652368761221,NA
"2917","MO",1,2022,"H2MO01211","Steven Jordan","202225010","Republican",NA,NA
"2918","MO",1,2022,"H2MO01229","Steve Roberts","202225011","Democrat",-0.942354395117167,NA
"2919","MO",1,2022,"H8MO01143","Cori Bush","202225011","Democrat",-1.06598009358671,"B001224"
"2920","MO",1,2022,NA,"Laura Mitchell-Riley","202225010","Republican",NA,NA
"2921","MO",2,2018,"H2MO02102","Wagner, Ann","201825020","Republican",1.1223901998892,"W000812"
"2922","MO",2,2018,"H8MO02208","VanOstran, Cort","201825021","Democrat",-0.717717267724248,NA
"2923","MO",2,2018,"H8MO02216","Osmack, Mark","201825021","Democrat",-0.834328204655994,NA
"2924","MO",2,2018,"H8MO02224","Haas, Bill","201825021","Democrat",-1.18535134359524,NA
"2925","MO",2,2018,"H8MO02232","Messmer, John","201825021","Democrat",-0.361666607594472,NA
"2926","MO",2,2018,"H8MO02257","Sachs, Noga","201825020","Republican",-0.040944248842739,NA
"2927","MO",2,2018,NA,"Hazel, Robert","201825021","Democrat",0.118160344340557,NA
"2928","MO",2,2020,"H0MO02254","Schupp, Jill Darlyne","202025021","Democrat",-1.02864868263485,NA
"2929","MO",2,2020,"H2MO02102","Wagner, Ann","202025020","Republican",1.30923801159942,"W000812"
"2930","MO",2,2022,"H2MO02102","Ann Wagner","202225020","Republican",1.53770488423521,"W000812"
"2931","MO",2,2022,"H2MO02177","Wesley Smith","202225020","Republican",0.891647516679324,NA
"2932","MO",2,2022,"H2MO02185","Ray Reed","202225021","Democrat",NA,NA
"2933","MO",2,2022,"H2MO02201","Trish Gunby","202225021","Democrat",-0.981469511457812,NA
"2934","MO",2,2022,"H2MO02219","Paul Berry III","202225020","Republican",0.302065070059836,NA
"2935","MO",2,2022,"H2MO02227","Tony Salvatore","202225020","Republican",NA,NA
"2936","MO",3,2018,"H8MO03198","Geppert, Katy","201825031","Democrat",-0.756131083087638,NA
"2937","MO",3,2018,"H8MO09153","Luetkemeyer, Blaine","201825030","Republican",1.62170036590026,"L000569"
"2938","MO",3,2018,NA,"Bicknell, Chadwick","201825030","Republican",NA,NA
"2939","MO",3,2020,"H0MO03195","Wisdom, Adela Dawnise","202025030","Republican",NA,NA
"2940","MO",3,2020,"H0MO03203","Oglesby, Dennis","202025031","Democrat",-0.845813184348833,NA
"2941","MO",3,2020,"H0MO03211","Trares, Lynette","202025030","Republican",0.14454976968932,NA
"2942","MO",3,2020,"H0MO03229","Nowak, Jeffrey","202025030","Republican",NA,NA
"2943","MO",3,2020,"H0MO03237","Wilkinson, Brandon","202025030","Republican",0.74478308897114,NA
"2944","MO",3,2020,"H0MO03245","Rezabek, Megan","202025031","Democrat",NA,NA
"2945","MO",3,2020,"H8MO09153","Luetkemeyer, Blaine","202025030","Republican",1.67438512675608,"L000569"
"2946","MO",3,2022,"H0MO03237","Brandon Wilkinson","202225030","Republican",0.608371870598692,NA
"2947","MO",3,2022,"H2MO03159","Jon Karlen","202225031","Democrat",-0.722169431335227,NA
"2948","MO",3,2022,"H2MO03167","Bethany Mann","202225031","Democrat",-1.03578835278256,NA
"2949","MO",3,2022,"H2MO03175","Dustin Hill","202225030","Republican",0.496150893160296,NA
"2950","MO",3,2022,"H2MO03183","Andrew Daly","202225031","Democrat",-0.657010686465459,NA
"2951","MO",3,2022,"H8MO09153","Blaine Luetkemeyer","202225030","Republican",1.46150717888638,"L000569"
"2952","MO",3,2022,NA,"Dylan Durrwachter","202225031","Democrat",NA,NA
"2953","MO",3,2022,NA,"Richard Skiwa Jr.","202225030","Republican",NA,NA
"2954","MO",4,2018,"H0MO04086","Hartzler, Vicky","201825040","Republican",0.916021871993006,"H001053"
"2955","MO",4,2018,"H4MO04138","Webb, John","201825040","Republican",0.827180575194629,NA
"2956","MO",4,2018,"H8MO04071","Hoagenson, Renee","201825041","Democrat",-0.652424322068992,NA
"2957","MO",4,2018,"H8MO04097","Thompson, Hallie","201825041","Democrat",-1.09472577693086,NA
"2958","MO",4,2020,"H0MO04086","Hartzler, Vicky","202025040","Republican",0.389826270196698,"H001053"
"2959","MO",4,2020,"H0MO04219","Gist, Neal","202025040","Republican",0.40063996329266,NA
"2960","MO",4,2020,"H0MO04235","Simmons, Lindsey Nicole","202025041","Democrat",NA,NA
"2961","MO",4,2022,"H2MO04140","Taylor Burks","202225040","Republican",1.30557449705121,NA
"2962","MO",4,2022,"H2MO04173","Kalena Bruce","202225040","Republican",0.864867673964295,NA
"2963","MO",4,2022,"H2MO04199","Rick Brattin","202225040","Republican",1.18322115490618,NA
"2964","MO",4,2022,"H2MO04207","Mark Alford","202225040","Republican",1.68447593343341,"A000379"
"2965","MO",4,2022,"H2MO04215","Kyle LaBrue","202225040","Republican",1.3589498877198,NA
"2966","MO",4,2022,"H2MO04223","Bill Irwin","202225040","Republican",1.08203629328308,NA
"2967","MO",4,2022,"H2MO04231","Jim Campbell","202225040","Republican",NA,NA
"2968","MO",4,2022,"H6MO07169","Jack Truman","202225041","Democrat",NA,NA
"2969","MO",5,2018,"H4MO05234","Cleaver, Emanuel","201825051","Democrat",-0.483020428890644,"C001061"
"2970","MO",5,2018,"H6MO05189","Turk, Jacob","201825050","Republican",1.22255211965996,NA
"2971","MO",5,2018,"H8MO05128","Cambers, Kress","201825050","Republican",1.1318291235053,NA
"2972","MO",5,2018,NA,"Oaks, Richonda","201825050","Republican",NA,NA
"2973","MO",5,2020,"H0MO05182","Salazar, Maite Gabrielle","202025051","Democrat",-0.676809650557169,NA
"2974","MO",5,2020,"H0MO05208","Derks, Ryan","202025050","Republican",0.449865537547742,NA
"2975","MO",5,2020,"H0MO05216","Barham, Jerry","202025050","Republican",0.861848973575443,NA
"2976","MO",5,2020,"H0MO05224","Hess, R. H.","202025050","Republican",NA,NA
"2977","MO",5,2020,"H0MO05232","Woodward, Weldon","202025050","Republican",NA,NA
"2978","MO",5,2020,"H4MO05234","Cleaver, Emanuel II","202025051","Democrat",-0.4871059687126,"C001061"
"2979","MO",5,2020,"H4MO05267","Chastain, Clay","202025050","Republican",NA,NA
"2980","MO",5,2020,"H8MO05136","Oaks, Richonda","202025050","Republican",NA,NA
"2981","MO",5,2022,"H0MO05182","Maite Salazar","202225051","Democrat",-0.767129354026694,NA
"2982","MO",5,2022,"H2MO05378","Jerry Barham","202225050","Republican",0.667505056280393,NA
"2983","MO",5,2022,"H4MO05234","Emanuel Cleaver","202225051","Democrat",NA,"C001061"
"2984","MO",5,2022,"H6MO05189","Jacob Turk","202225050","Republican",NA,NA
"2985","MO",5,2022,NA,"Herschel Young","202225050","Republican",NA,NA
"2986","MO",6,2018,"H0MO06073","Graves, Samuel","201825060","Republican",1.07059277677539,"G000546"
"2987","MO",6,2018,"H8MO06092","Martin, Henry","201825061","Democrat",-0.51248605990521,NA
"2988","MO",6,2018,"H8MO06118","Apple, Winston","201825061","Democrat",-0.576890248411474,NA
"2989","MO",6,2018,"H8MO06134","Andres, Ed","201825061","Democrat",NA,NA
"2990","MO",6,2020,"H0MO06024","Sartain, Donald Robert","202025061","Democrat",NA,NA
"2991","MO",6,2020,"H0MO06073","Graves, Samuel B. Jr.","202025060","Republican",1.02075472057719,"G000546"
"2992","MO",6,2020,"H0MO06164","Ryan, Christopher","202025060","Republican",NA,NA
"2993","MO",6,2020,"H0MO06198","Farris, Ramona","202025061","Democrat",NA,NA
"2994","MO",6,2020,"H0MO06206","West, Charles","202025061","Democrat",-1.06447499418699,NA
"2995","MO",6,2020,"H0MO06222","Ross, Gena","202025061","Democrat",-1.23632661892537,NA
"2996","MO",6,2020,"H8MO06092","Martin, Henry","202025061","Democrat",-0.511492856289926,NA
"2997","MO",6,2022,"H0MO06073","Sam Graves","202225060","Republican",0.998232172588375,"G000546"
"2998","MO",6,2022,"H0MO06206","Charles West","202225061","Democrat",-1.02810329274011,NA
"2999","MO",6,2022,"H2MO06236","Dakota Shultz","202225060","Republican",0.627989811566298,NA
"3000","MO",6,2022,"H8MO06092","Henry Martin","202225061","Democrat",-0.651165085180525,NA
"3001","MO",6,2022,NA,"Brandon Kleinmeyer","202225060","Republican",0.732646849372708,NA
"3002","MO",6,2022,NA,"Chris Ryan","202225060","Republican",NA,NA
"3003","MO",6,2022,NA,"Michael Howard","202225061","Democrat",NA,NA
"3004","MO",6,2022,NA,"John Dady","202225060","Republican",0.64714873526939,NA
"3005","MO",7,2018,"H0MO07113","Long, Billy","201825070","Republican",1.00266848323488,"L000576"
"3006","MO",7,2018,"H8MO07173","Evans, Jim","201825070","Republican",-0.391080194290462,NA
"3007","MO",7,2018,"H8MO07181","Jennings, Vince","201825071","Democrat",NA,NA
"3008","MO",7,2018,"H8MO07199","Farmer de la Torre, John","201825071","Democrat",NA,NA
"3009","MO",7,2018,"H8MO07223","Schoolcraft, Jamie","201825071","Democrat",-0.240334525916708,NA
"3010","MO",7,2018,"H8MO07231","Hatfield, Kenneth","201825071","Democrat",NA,NA
"3011","MO",7,2018,NA,"Holcomb, Benjamin","201825070","Republican",NA,NA
"3012","MO",7,2018,NA,"Norris, Lance","201825070","Republican",NA,NA
"3013","MO",7,2020,"H0MO07113","Long, Billy","202025070","Republican",1.02731748009959,"L000576"
"3014","MO",7,2020,"H0MO07220","Harleman, Eric","202025070","Republican",NA,NA
"3015","MO",7,2020,"H0MO07246","Montseny, Teresa","202025071","Democrat",-0.725806554290004,NA
"3016","MO",7,2020,"H0MO07253","Chentnik, Steve","202025070","Republican",0.618263348766912,NA
"3017","MO",7,2020,"H0MO07261","VanStory, Kevin","202025070","Republican",NA,NA
"3018","MO",7,2020,"H6MO07235","Lombardi-Olive, Camille","202025070","Republican",NA,NA
"3019","MO",7,2022,"H0MO07279","Audrey Richards","202225070","Republican",-0.437497030631561,NA
"3020","MO",7,2022,"H2MO07127","Sam Alexander","202225070","Republican",0.942858243670879,NA
"3021","MO",7,2022,"H2MO07135","Mike Moon","202225070","Republican",0.783704737187314,NA
"3022","MO",7,2022,"H2MO07143","Eric Burlison","202225070","Republican",0.82309441038853,"B001316"
"3023","MO",7,2022,"H2MO07150","Paul Walker","202225070","Republican",NA,NA
"3024","MO",7,2022,"H2MO07168","Jay Wasson","202225070","Republican",NA,NA
"3025","MO",7,2022,"H2MO07184","Alex Bryant","202225070","Republican",0.365949574442358,NA
"3026","MO",7,2022,"H2MO07192","John Woodman","202225071","Democrat",-0.49592671008967,NA
"3027","MO",7,2022,"H2MO07200","Kristen Radaker Sheafer","202225071","Democrat",-0.569443947538433,NA
"3028","MO",7,2022,NA,"Bryce Lockwood","202225071","Democrat",NA,NA
"3029","MO",7,2022,NA,"Camille Lombard-Olive","202225070","Republican",NA,NA
"3030","MO",8,2018,"H4MO08162","Smith, Jason","201825080","Republican",1.29391589843403,"S001195"
"3031","MO",8,2018,"H8MO08098","Ellis, Kathy","201825081","Democrat",-0.669975375312717,NA
"3032","MO",8,2020,"H4MO08162","Smith, Jason","202025080","Republican",1.1726305456728,"S001195"
"3033","MO",8,2020,"H8MO08098","Ellis, Kathy","202025081","Democrat",-0.737158737917131,NA
"3034","MO",8,2022,"H2MO08091","Randi McCallian","202225081","Democrat",-0.574871861090561,NA
"3035","MO",8,2022,"H4MO08162","Jason Smith","202225080","Republican",1.18073378607575,"S001195"
"3036","MO",8,2022,NA,"Jacob Turner","202225080","Republican",0.605559776149052,NA
"3037","MS",1,2018,"H6MS01131","Kelly, Trent","201824010","Republican",0.810778115958694,"K000388"
"3038","MS",1,2018,"H8MS01145","Wadkins, Randy","201824011","Democrat",-0.651083939282978,NA
"3039","MS",1,2020,"H0MS01118","Eliason, Antonia","202024011","Democrat",NA,NA
"3040","MS",1,2020,"H6MS01131","Kelly, Trent","202024010","Republican",0.913274978658621,"K000388"
"3041","MS",1,2022,"H2MS01130","Hunter Avery","202224011","Democrat",NA,NA
"3042","MS",1,2022,"H2MS01148","Dianne Black","202224011","Democrat",NA,NA
"3043","MS",1,2022,"H6MS01131","Trent Kelly","202224010","Republican",0.656158853198442,"K000388"
"3044","MS",1,2022,NA,"Mark Strauss","202224010","Republican",NA,NA
"3045","MS",2,2018,"H4MS02068","Thompson, Bennie","201824021","Democrat",0.220461830382139,"T000193"
"3046","MS",2,2020,"H0MS02082","Flowers, Brian","202024020","Republican",NA,NA
"3047","MS",2,2020,"H0MS02090","Hammond, B.C.","202024020","Republican",0.595110604038708,NA
"3048","MS",2,2020,"H0MS02108","Rathburn, Sonia","202024021","Democrat",NA,NA
"3049","MS",2,2020,"H0MS02116","Carey, Thomas","202024020","Republican",NA,NA
"3050","MS",2,2020,"H4MS02068","Thompson, Bennie","202024021","Democrat",-0.233754736407732,"T000193"
"3051","MS",2,2022,"H0MS02082","Brian Flowers","202224020","Republican",1.01952833248542,NA
"3052","MS",2,2022,"H2MS02161","Jerry Kerner","202224021","Democrat",NA,NA
"3053","MS",2,2022,"H4MS02068","Bennie Thompson","202224021","Democrat",-0.119702833611984,"T000193"
"3054","MS",2,2022,NA,"Michael Carson","202224020","Republican",NA,NA
"3055","MS",2,2022,NA,"Stanford Johnson","202224020","Republican",NA,NA
"3056","MS",2,2022,NA,"Ron Eller","202224020","Republican",0.629538630150396,NA
"3057","MS",3,2018,"H8MS03125","Guest, Michael","201824030","Republican",NA,"G000591"
"3058","MS",3,2018,"H8MS03133","Doty, Sally","201824030","Republican",0.916239957920597,NA
"3059","MS",3,2018,"H8MS03141","Hughes, Whit","201824030","Republican",0.821681129898848,NA
"3060","MS",3,2018,"H8MS03158","Dunn, Morgan","201824030","Republican",NA,NA
"3061","MS",3,2018,"H8MS03174","Aycox, Kevin","201824031","Democrat",-0.467709741400269,NA
"3062","MS",3,2018,"H8MS03182","Parker, Perry","201824030","Republican",1.64461543011999,NA
"3063","MS",3,2018,"H8MS03216","Evans, Michael","201824031","Democrat",NA,NA
"3064","MS",3,2018,NA,"Tate, Bitzl","201824030","Republican",0.804718067851081,NA
"3065","MS",3,2020,"H0MS03072","Tulp, James","202024030","Republican",1.64137315839036,NA
"3066","MS",3,2020,"H0MS03114","Lee, Katelyn","202024031","Democrat",NA,NA
"3067","MS",3,2020,"H8MS02044","Benford, Dorothy","202024031","Democrat",NA,NA
"3068","MS",3,2020,"H8MS03125","Guest, Michael","202024030","Republican",NA,"G000591"
"3069","MS",3,2022,"H2MS03136","Shuwaski Young","202224031","Democrat",-1.31601447087605,NA
"3070","MS",3,2022,"H2MS03151","Michael Cassidy","202224030","Republican",0.412924608967041,NA
"3071","MS",3,2022,"H8MS03125","Michael Guest","202224030","Republican",NA,"G000591"
"3072","MS",3,2022,NA,"Thomas Brian Griffin","202224030","Republican",0.842420314739308,NA
"3073","MS",4,2018,"H0MS04120","Palazzo, Steven","201824040","Republican",1.13087314165147,"P000601"
"3074","MS",4,2018,"H8MS04438","Anderson, Jeramey","201824041","Democrat",-0.271155661223295,NA
"3075","MS",4,2018,"H8MS04453","Rose, Brian","201824040","Republican",1.06110228710666,NA
"3076","MS",4,2020,"H0MS04120","Palazzo, Steven","202024040","Republican",1.32963619404962,"P000601"
"3077","MS",4,2020,"H0MS04153","Hickman, Samuel","202024040","Republican",0.885461499109561,NA
"3078","MS",4,2020,"H0MS04161","Boyanton, Carl","202024040","Republican",0.331711250630022,NA
"3079","MS",4,2020,"H0MS04187","Deming, Robert L. III","202024040","Republican",1.28965953655282,NA
"3080","MS",4,2022,"H0MS04120","Steven Palazzo","202224040","Republican",1.05070141272125,NA
"3081","MS",4,2022,"H0MS04161","Carl Boyanton","202224040","Republican",0.47286604777002,NA
"3082","MS",4,2022,"H2MS04258","Mike Ezell","202224040","Republican",1.40380737346483,"E000235"
"3083","MS",4,2022,"H2MS04266","Raymond Brooks","202224040","Republican",1.69544143096945,NA
"3084","MS",4,2022,"H2MS04274","Clay Wagner","202224040","Republican",1.03640426771199,NA
"3085","MS",4,2022,"H2MS04282","David Sellers","202224041","Democrat",-0.429244140314282,NA
"3086","MS",4,2022,"H2MS04308","Brice Wiggins","202224040","Republican",0.831673942251628,NA
"3087","MS",4,2022,"H2MS04324","Kidron Peterson","202224040","Republican",0.625679130043794,NA
"3088","MS",4,2022,"H2MS04332","Johnny DuPree","202224041","Democrat",NA,NA
"3089","MT",1,2018,"H8MT00101","Heenan, John","201826011","Democrat",-0.34823424751003,NA
"3090","MT",1,2018,"H8MT00119","Kier, Grant","201826011","Democrat",-0.711741509149681,NA
"3091","MT",1,2018,"H8MT01182","Gianforte, Greg","201826010","Republican",1.49949653685745,"G000584"
"3092","MT",1,2018,"H8MT01224","Moss, Lynda","201826011","Democrat",NA,NA
"3093","MT",1,2018,"H8MT01232","Williams, Kathleen","201826011","Democrat",-0.611095003711918,NA
"3094","MT",1,2018,"H8MT01240","Pettinato, Jared","201826011","Democrat",NA,NA
"3095","MT",1,2018,NA,"Meyer, John","201826011","Democrat",-0.627293256298332,NA
"3096","MT",1,2020,"H0MT00090","Winter, Thomas","202026011","Democrat",-0.931911541051007,NA
"3097","MT",1,2020,"H0MT00108","Dooling, Joe","202026010","Republican",0.651187388617752,NA
"3098","MT",1,2020,"H0MT01098","Lamm, Debra","202026010","Republican",1.15503512255142,NA
"3099","MT",1,2020,"H0MT01106","Evankovich, John David","202026010","Republican",NA,NA
"3100","MT",1,2020,"H0MT01114","McGinley, Mark J.","202026010","Republican",0.783498228485216,NA
"3101","MT",1,2020,"H4MT00050","Rosendale, Matt","202026010","Republican",0.879775531595831,"R000103"
"3102","MT",1,2020,"H4MT01033","Stapleton, Corey","202026010","Republican",1.01725170512548,NA
"3103","MT",1,2020,"H8MT01232","Williams, Kathleen","202026011","Democrat",-0.5423765757364,NA
"3104","MT",1,2022,"H0MT00090","Tom Winter","202226011","Democrat",-1.08114976176443,NA
"3105","MT",1,2022,"H2MT00112","Mary Todd","202226010","Republican",0.78348456769094,NA
"3106","MT",1,2022,"H2MT01110","Matt Jette","202226010","Republican",0.110487384401904,NA
"3107","MT",1,2022,"H2MT01136","Mitch Heuer","202226010","Republican",0.256025276527582,NA
"3108","MT",1,2022,"H2MT02084","Al ""Doc"" Olszewski","202226010","Republican",1.03877026218773,NA
"3109","MT",1,2022,"H2MT02092","Monica Tranel","202226011","Democrat",-1.03660913121045,NA
"3110","MT",1,2022,"H2MT02100","Cora Neumann","202226011","Democrat",NA,NA
"3111","MT",1,2022,"H4MT01041","Ryan K Zinke","202226010","Republican",0.347124148544972,"Z000018"
"3112","MT",2,2022,"H2MT02118","Skylar Williams","202226021","Democrat",-0.396661815869436,NA
"3113","MT",2,2022,"H2MT02134","Penny Ronning","202226021","Democrat",-0.572503840955826,NA
"3114","MT",2,2022,"H2MT02142","James Boyette","202226020","Republican",0.0841691499694178,NA
"3115","MT",2,2022,"H2MT02159","Mark Sweeney","202226021","Democrat",NA,NA
"3116","MT",2,2022,"H2MT02175","Kyle Austin","202226020","Republican",NA,NA
"3117","MT",2,2022,"H4MT00050","Matt Rosendale","202226020","Republican",0.925518366284853,"R000103"
"3118","MT",2,2022,NA,"Charles A. Walkingchild","202226020","Republican",NA,NA
"3119","NC",1,2018,"H4NC01046","Butterfield, G.K.","201833011","Democrat",-0.435874357878067,"B001251"
"3120","NC",1,2018,"H8NC01104","Allison, Roger","201833010","Republican",0.480002626554998,NA
"3121","NC",1,2020,"H0NC01101","Baca, Ethan","202033010","Republican",0.809773604064354,NA
"3122","NC",1,2020,"H0NC01127","Glisson, Jim","202033010","Republican",NA,NA
"3123","NC",1,2020,"H0NC03131","Nix, Michele","202033010","Republican",1.56691618947127,NA
"3124","NC",1,2020,"H0NC03149","Smith, Sandy","202033010","Republican",1.81892398567245,NA
"3125","NC",1,2020,"H4NC01046","Butterfield, George K.","202033011","Democrat",-0.516970869468049,"B001251"
"3126","NC",1,2022,"H0NC03149","Sandy Smith","202233010","Republican",1.51885718336658,NA
"3127","NC",1,2022,"H2NC01222","Jason Spriggs","202233011","Democrat",-0.388623841436686,NA
"3128","NC",1,2022,"H2NC01248","Julian Bishop","202233011","Democrat",NA,NA
"3129","NC",1,2022,"H2NC01255","Will Aiken","202233010","Republican",0.9489653733752,NA
"3130","NC",1,2022,"H2NC01263","Henry Williams","202233010","Republican",NA,NA
"3131","NC",1,2022,"H2NC02238","Erica Smith","202233011","Democrat",NA,NA
"3132","NC",1,2022,"H2NC02253","Sandy Roberson","202233010","Republican",0.842113663657507,NA
"3133","NC",1,2022,"H2NC02261","Billy Strickland","202233010","Republican",0.917028487583642,NA
"3134","NC",1,2022,"H2NC02287","Don Davis","202233011","Democrat",NA,"D000230"
"3135","NC",1,2022,"H2NC02295","Brad Murphy","202233010","Republican",-0.458837091142985,NA
"3136","NC",1,2022,"H2NC02311","Brent Roberson","202233010","Republican",1.2075930054916,NA
"3137","NC",1,2022,"H6NC03161","Ernest Reeves","202233010","Republican",-0.0382279428624967,NA
"3138","NC",2,2018,"H2NC13110","Holding, George","201833020","Republican",1.03917870257884,"H001065"
"3139","NC",2,2018,"H8NC02078","May, Wendy Ella","201833021","Democrat",-0.631403631959903,NA
"3140","NC",2,2018,"H8NC02094","Romley, Ken","201833021","Democrat",-1.26405469142964,NA
"3141","NC",2,2018,"H8NC02102","Chesser, Allen","201833020","Republican",1.10811014515831,NA
"3142","NC",2,2018,"H8NC02110","Coleman, Linda","201833021","Democrat",-1.08136077912306,NA
"3143","NC",2,2020,"H0NC02117","Johnson-Hostler, Monika","202033021","Democrat",-1.61573841562704,NA
"3144","NC",2,2020,"H0NC02125","Ross, Deborah K.","202033021","Democrat",NA,"R000305"
"3145","NC",2,2020,"H0NC02133","Terrell, Andrew","202033021","Democrat",-1.31800246910517,NA
"3146","NC",2,2020,"H0NC02158","Swain, Alan","202033020","Republican",0.781888554248813,NA
"3147","NC",2,2020,"H0NC02166","Nelson, Ollie Oneal","202033021","Democrat",NA,NA
"3148","NC",2,2022,"H0NC02125","Deborah Ross","202233021","Democrat",-1.26506066494567,"R000305"
"3149","NC",2,2022,"H2NC02220","Adina Safta","202233020","Republican",0.928350804506274,NA
"3150","NC",2,2022,"H2NC06106","Mahesh Ganorkar","202233020","Republican",0.637272253308879,NA
"3151","NC",2,2022,"H2NC08235","Christine Villaverde","202233020","Republican",1.20238732995554,NA
"3152","NC",3,2018,"H2NC01081","Jones, Walter","201833030","Republican",1.29491847042211,"J000255"
"3153","NC",3,2018,"H8NC03068","Law, Phil","201833030","Republican",0.761150348681163,NA
"3154","NC",3,2018,"H8NC03076","Dacey, Scott","201833030","Republican",1.18420231307222,NA
"3155","NC",3,2020,"H0NC03123","Farrow, Daryl","202033031","Democrat",NA,NA
"3156","NC",3,2020,"H0NC03172","Murphy, Greg","202033030","Republican",1.45886784760441,"M001210"
"3157","NC",3,2022,"H0NC03172","Greg Murphy","202233030","Republican",0.986738718345106,"M001210"
"3158","NC",3,2022,"H2NC01230","Joe Swartz","202233031","Democrat",-0.608372779397516,NA
"3159","NC",3,2022,"H2NC03095","Barbara Gaskins","202233031","Democrat",-0.983316910575017,NA
"3160","NC",3,2022,"H2NC03129","Brian Friend","202233030","Republican",-0.142896257381103,NA
"3161","NC",3,2022,"H2NC03137","George Papastrat","202233030","Republican",0.415717273200845,NA
"3162","NC",3,2022,"H2NC03160","Eric Earhart","202233030","Republican",NA,NA
"3163","NC",3,2022,"H2NC04192","Tony Cowden","202233030","Republican",1.14775661790462,NA
"3164","NC",4,2018,"H6NC04037","Price, David","201833041","Democrat",-0.426912116208519,"P000523"
"3165","NC",4,2018,"H8NC04090","Von Loor, Steve","201833040","Republican",0.63104405354831,NA
"3166","NC",4,2018,"H8NC04108","Watkins, Richard","201833041","Democrat",-0.932352715711784,NA
"3167","NC",4,2018,NA,"Laws, Michelle","201833041","Democrat",-1.22518011294522,NA
"3168","NC",4,2020,"H0NC04170","Lockwood, Daniel Ulysses","202033041","Democrat",-1.29494801594928,NA
"3169","NC",4,2020,"H0NC04204","Sarkar, Debesh","202033040","Republican",0.940155799034477,NA
"3170","NC",4,2020,"H0NC04212","Shaikh, Nasir","202033040","Republican",0.707820062191119,NA
"3171","NC",4,2020,"H0NC04220","Thomas, Robert","202033040","Republican",NA,NA
"3172","NC",4,2020,"H6NC04037","Price, David E.","202033041","Democrat",-0.756269509005126,"P000523"
"3173","NC",4,2020,"H8NC04090","Loor, Steve Von","202033040","Republican",0.570830721784228,NA
"3174","NC",4,2022,"H0NC04220","Robert Thomas","202233040","Republican",0.407221193403097,NA
"3175","NC",4,2022,"H2NC04135","Ashley Ward","202233041","Democrat",-1.32687115342828,NA
"3176","NC",4,2022,"H2NC04143","Matt Grooms","202233041","Democrat",NA,NA
"3177","NC",4,2022,"H2NC06098","Nida Allam","202233041","Democrat",-1.18940444510711,NA
"3178","NC",4,2022,"H2NC06114","Valerie Foushee","202233041","Democrat",-1.18627919718768,"F000477"
"3179","NC",4,2022,"H2NC06122","Richard Watkins","202233041","Democrat",-1.41244778812977,NA
"3180","NC",4,2022,"H2NC06130","Stephen Valentine","202233041","Democrat",-0.460652089704589,NA
"3181","NC",4,2022,"H2NC07195","Crystal Cavalier","202233041","Democrat",-0.67189701629314,NA
"3182","NC",4,2022,"H2NC13185","Courtney Geels","202233040","Republican",0.594626696277382,NA
"3183","NC",4,2022,"H4NC02127","Clay Aiken","202233041","Democrat",-1.02616609810853,NA
"3184","NC",5,2018,"H4NC05146","Foxx, Virginia","201833050","Republican",1.04273528548358,"F000450"
"3185","NC",5,2018,"H8NC05055","Marshall, Jenny","201833051","Democrat",-1.05959947054375,NA
"3186","NC",5,2018,"H8NC05063","Adams, DD","201833051","Democrat",-0.693881207385263,NA
"3187","NC",5,2018,NA,"Gentry, Dillon","201833050","Republican",NA,NA
"3188","NC",5,2018,NA,"Meader Jr, Cortland","201833050","Republican",-0.0873287615726038,NA
"3189","NC",5,2020,"H0NC05177","Hughes, Eric Nathan","202033051","Democrat",NA,NA
"3190","NC",5,2020,"H4NC05146","Foxx, Virginia","202033050","Republican",1.10337410116671,"F000450"
"3191","NC",5,2020,"H8NC10097","Brown, David Wilson","202033051","Democrat",-0.866869411603387,NA
"3192","NC",5,2022,"H2NC05165","Michael Ackerman","202233050","Republican",NA,NA
"3193","NC",5,2022,"H2NC07203","Kyle Parrish","202233051","Democrat",NA,NA
"3194","NC",5,2022,"H4NC05146","Virginia Foxx","202233050","Republican",0.975268090245081,"F000450"
"3195","NC",6,2018,"H4NC06052","Walker, Mark","201833060","Republican",1.13671741477654,"W000819"
"3196","NC",6,2018,"H8NC06079","Watts, Ryan","201833061","Democrat",-0.531646400855207,NA
"3197","NC",6,2018,"H8NC06095","Wong, Gerald","201833061","Democrat",-0.589023077722318,NA
"3198","NC",6,2020,"H0NC06225","Foxx, Rhonda","202033061","Democrat",-1.23732048793777,NA
"3199","NC",6,2020,"H0NC06233","Montgomery, Derwin L.","202033061","Democrat",-0.794434615569881,NA
"3200","NC",6,2020,"H0NC06241","Haywood, Joseph","202033060","Republican",0.981795037755031,NA
"3201","NC",6,2020,"H0NC06258","Hanes, Ed Jr.","202033061","Democrat",NA,NA
"3202","NC",6,2020,"H0NC06266","Pichardo, Laura","202033060","Republican",0.57292952442735,NA
"3203","NC",6,2020,"H4NC06136","Davis, Bruce","202033061","Democrat",-0.383952740076609,NA
"3204","NC",6,2020,"H8NC13067","Manning, Kathy","202033061","Democrat",NA,"M001135"
"3205","NC",6,2022,"H0NC06241","Lee Haywood","202233060","Republican",1.18213751002246,NA
"3206","NC",6,2022,"H0NC06266","Laura Pichardo","202233060","Republican",-0.223142488872448,NA
"3207","NC",6,2022,"H2NC06080","Gerry Austin","202233060","Republican",1.55890460841901,NA
"3208","NC",6,2022,"H2NC06155","Mary Ann Contogiannis","202233060","Republican",1.20908872260085,NA
"3209","NC",6,2022,"H2NC07161","Christian Castelli","202233060","Republican",1.65613879391635,NA
"3210","NC",6,2022,"H2NC07179","Marvin Boguslawski","202233060","Republican",1.23896803217209,NA
"3211","NC",6,2022,"H8NC13067","Kathy Manning","202233061","Democrat",-1.20315418609969,"M001135"
"3212","NC",6,2022,NA,"William Schuch","202233060","Republican",NA,NA
"3213","NC",7,2018,"H2NC07096","Rouzer, David","201833070","Republican",1.12667566204325,"R000603"
"3214","NC",7,2018,"H8NC07101","Horton, Kyle","201833071","Democrat",-0.938238080251539,NA
"3215","NC",7,2018,"H8NC07127","Parker, Grayson","201833071","Democrat",-0.332831802569084,NA
"3216","NC",7,2020,"H0NC04188","Judson, Mark","202033071","Democrat",0.0714775497521572,NA
"3217","NC",7,2020,"H0NC07132","Colon, Robert","202033071","Democrat",-0.841307430197879,NA
"3218","NC",7,2020,"H0NC07140","Ward, Christopher M.","202033071","Democrat",-0.0570451400439756,NA
"3219","NC",7,2020,"H2NC07096","Rouzer, David","202033070","Republican",1.17945801760589,"R000603"
"3220","NC",7,2022,"H2NC03111","Yushonda Midgette","202233071","Democrat",NA,NA
"3221","NC",7,2022,"H2NC07096","David Rouzer","202233070","Republican",1.23845702876028,"R000603"
"3222","NC",7,2022,"H2NC07104","Steve Miller","202233071","Democrat",-1.16982614367629,NA
"3223","NC",7,2022,"H2NC08227","Charles Evans","202233071","Democrat",-0.814876098267381,NA
"3224","NC",7,2022,"H2NC09183","Charles Graham","202233071","Democrat",-0.337280711472457,NA
"3225","NC",7,2022,NA,"Max Southwoth-Beckwith","202233070","Republican",0.818696708773767,NA
"3226","NC",8,2018,"H2NC08185","Hudson, Richard","201833080","Republican",NA,"H001067"
"3227","NC",8,2018,"H8NC08083","McNeil, Frank","201833081","Democrat",-0.531227056279707,NA
"3228","NC",8,2018,"H8NC08109","Huffman, Scott","201833081","Democrat",-0.312726108729984,NA
"3229","NC",8,2018,"H8NC08117","Tiegel, Marc","201833081","Democrat",NA,NA
"3230","NC",8,2020,"H0NC08254","Timmons-Goodson, Patricia","202033081","Democrat",NA,NA
"3231","NC",8,2020,"H2NC08185","Hudson, Richard","202033080","Republican",0.775742730939036,"H001067"
"3232","NC",8,2022,"H0NC09187","Dan Bishop","202233080","Republican",0.732934790256757,"B001311"
"3233","NC",8,2022,"H8NC08109","Scott Huffman","202233081","Democrat",-1.35196888903279,NA
"3234","NC",9,2018,"H2NC09134","Pittenger, Robert","201833090","Republican",1.22405804432451,NA
"3235","NC",9,2018,"H6NC09184","Cano, Christian","201833091","Democrat",-0.238494935310882,NA
"3236","NC",9,2018,"H6NC09200","Harris, Mark","201833090","Republican",1.26798480704229,NA
"3237","NC",9,2018,"H8NC09123","McCready, Dan","201833091","Democrat",-0.361765094636399,NA
"3238","NC",9,2018,NA,"Goins Jr, Clarence","201833090","Republican",1.13164183825093,"B001311"
"3239","NC",9,2020,"H0NC09187","Bishop, Dan","202033090","Republican",1.10697655912345,"B001311"
"3240","NC",9,2020,"H0NC09278","Brooks, Clayton W. III","202033091","Democrat",-0.162718193901029,NA
"3241","NC",9,2020,"H0NC09286","Wallace, Cynthia","202033091","Democrat",NA,NA
"3242","NC",9,2020,"H0NC09294","Southerland, Harry","202033091","Democrat",-1.00118723471643,NA
"3243","NC",9,2020,"H2NC08201","Williams, Marcus W.","202033091","Democrat",NA,NA
"3244","NC",9,2022,"H0NC06209","Jen Bucardo","202233090","Republican",0.393042564758157,NA
"3245","NC",9,2022,"H2NC08185","Richard Hudson","202233090","Republican",NA,"H001067"
"3246","NC",9,2022,"H2NC09217","Mike Andriani","202233090","Republican",0.316457565426701,NA
"3247","NC",9,2022,"H2NC09225","Ben Clark","202233091","Democrat",-0.00384399362616936,NA
"3248","NC",9,2022,"H2NC12211","Francisco Rios","202233090","Republican",1.16678097821699,NA
"3249","NC",10,2018,"H4NC10047","McHenry, Patrick","201833100","Republican",0.732104607657094,"M001156"
"3250","NC",10,2018,"H8NC10071","Roberts, Ira","201833100","Republican",0.939460895580907,NA
"3251","NC",10,2018,"H8NC10097","Brown, David Wilson","201833101","Democrat",-0.85593000339565,NA
"3252","NC",10,2018,"H8NC10105","Blankenship, Seth","201833100","Republican",1.51641430078222,NA
"3253","NC",10,2018,"H8NC10113","Collias, Gina","201833100","Republican",-0.278335018807096,NA
"3254","NC",10,2018,NA,"Gregory, Jeff","201833100","Republican",NA,NA
"3255","NC",10,2018,NA,"Wiley Jr, Albert Lee","201833100","Republican",NA,NA
"3256","NC",10,2020,"H0NC10193","Parker, David","202033101","Democrat",NA,NA
"3257","NC",10,2020,"H0NC10201","Johnson, David L.","202033100","Republican",0.605213238942737,NA
"3258","NC",10,2020,"H0NC10219","Walters, Ralf","202033100","Republican",NA,NA
"3259","NC",10,2020,"H4NC10047","McHenry, Patrick","202033100","Republican",0.418711790658941,"M001156"
"3260","NC",10,2022,"H0NC10177","Jeff Gregory","202233100","Republican",NA,NA
"3261","NC",10,2022,"H2NC02188","Richard Speer","202233100","Republican",0.992842222159422,NA
"3262","NC",10,2022,"H2NC10124","Gary Robinson","202233100","Republican",NA,NA
"3263","NC",10,2022,"H2NC13235","Pam Genant","202233101","Democrat",-0.954561391377527,NA
"3264","NC",10,2022,"H4NC10047","Patrick McHenry","202233100","Republican",0.359130592999803,"M001156"
"3265","NC",10,2022,NA,"Michael Felder","202233101","Democrat",NA,NA
"3266","NC",10,2022,NA,"Michael Magnotta","202233100","Republican",NA,NA
"3267","NC",11,2018,"H2NC11080","Meadows, Mark","201833110","Republican",1.38878394665963,"M001187"
"3268","NC",11,2018,"H8NC11103","Price, Phillip","201833111","Democrat",-0.962679526924909,NA
"3269","NC",11,2018,"H8NC11129","Woodsmall, Steve","201833111","Democrat",-0.814803187993501,NA
"3270","NC",11,2018,"H8NC11145","Archerd, Chuck","201833110","Republican",NA,NA
"3271","NC",11,2018,"H8NC11160","Donaldson, D. Scott","201833111","Democrat",-0.428798135992606,NA
"3272","NC",11,2020,"H0NC01036","Wiley, Albert Lee Jr.","202033110","Republican",NA,NA
"3273","NC",11,2020,"H0NC10169","Patterson, Vance","202033110","Republican",0.391016912652484,NA
"3274","NC",11,2020,"H0NC11159","O'Shea, Michael","202033111","Democrat",-1.06686061671625,NA
"3275","NC",11,2020,"H0NC11175","Davis, Morris","202033111","Democrat",-0.680723976710687,NA
"3276","NC",11,2020,"H0NC11183","Davis, James","202033110","Republican",NA,NA
"3277","NC",11,2020,"H0NC11191","Bennett, Lynda","202033110","Republican",0.955743396916515,NA
"3278","NC",11,2020,"H0NC11209","Archerd, Chuck","202033110","Republican",1.69328723064581,NA
"3279","NC",11,2020,"H0NC11217","Burril, Matthew","202033110","Republican",NA,NA
"3280","NC",11,2020,"H0NC11225","King, Wayne","202033110","Republican",NA,NA
"3281","NC",11,2020,"H0NC11233","Cawthorn, David Madison","202033110","Republican",1.92589711272223,"C001104"
"3282","NC",11,2020,"H0NC11241","Osborne, Joseph","202033110","Republican",1.31518507166384,NA
"3283","NC",11,2020,"H0NC11258","Driscoll, Dan","202033110","Republican",1.35127402817058,NA
"3284","NC",11,2020,"H0NC11266","Fekete, Steven Jr.","202033110","Republican",NA,NA
"3285","NC",11,2020,"H8NC05097","Gentry, Dillon","202033110","Republican",-0.561543001426718,NA
"3286","NC",11,2020,"H8NC10113","Collias, Gina","202033111","Democrat",-0.387956392382844,NA
"3287","NC",11,2020,"H8NC11103","Price, Phillip G.","202033111","Democrat",-0.809737011909829,NA
"3288","NC",11,2020,"H8NC11129","Woodsmall, Steve","202033111","Democrat",-0.844424635329933,NA
"3289","NC",11,2022,"H0NC11217","Matthew Burril","202233110","Republican",1.05474363448258,NA
"3290","NC",11,2022,"H0NC11233","Madison Cawthorn","202233110","Republican",1.17401970839413,NA
"3291","NC",11,2022,"H2NC11155","Jasmine Beach-Ferrara","202233111","Democrat",-0.946847559229207,NA
"3292","NC",11,2022,"H2NC11163","Wendy Marie-Limbaugh Nevare","202233110","Republican",-0.0617580454217072,NA
"3293","NC",11,2022,"H2NC11171","Katie Dean","202233111","Democrat",-0.363810666594552,NA
"3294","NC",11,2022,"H2NC11189","Jay Carey","202233111","Democrat",-0.843553262527248,NA
"3295","NC",11,2022,"H2NC11197","Bo Hess","202233111","Democrat",-0.569267250403263,NA
"3296","NC",11,2022,"H2NC11221","Bruce O'Connell","202233110","Republican",NA,NA
"3297","NC",11,2022,"H2NC11247","Rod Honeycutt","202233110","Republican",1.33640594718162,NA
"3298","NC",11,2022,"H2NC11296","Kristie Sluder","202233110","Republican",0.553017230176508,NA
"3299","NC",11,2022,"H2NC14035","Michele Woodhouse","202233110","Republican",1.46306031793758,NA
"3300","NC",11,2022,"H2NC14050","Chuck Edwards","202233110","Republican",1.30094514340496,"E000246"
"3301","NC",11,2022,NA,"Bynum Lunsford","202233111","Democrat",NA,NA
"3302","NC",11,2022,NA,"Marco Gutierrez","202233111","Democrat",NA,NA
"3303","NC",12,2018,"H4NC12100","Adams, Alma","201833121","Democrat",-0.771547542474253,"A000370"
"3304","NC",12,2018,"H6NC12089","Wright, Paul","201833120","Republican",0.438208046774686,NA
"3305","NC",12,2018,"H8NC12101","Bonham, Paul","201833120","Republican",0.745259921722145,NA
"3306","NC",12,2018,"H8NC12127","Persson,Carl","201833120","Republican",NA,NA
"3307","NC",12,2018,"H8NC12135","Register, Patrick","201833121","Democrat",-0.656996340208143,NA
"3308","NC",12,2018,NA,"Ortiz, Gabe","201833121","Democrat",NA,NA
"3309","NC",12,2018,NA,"Young, Keith","201833121","Democrat",NA,NA
"3310","NC",12,2020,"H0NC12140","Cradle, Keith E.","202033121","Democrat",NA,NA
"3311","NC",12,2020,"H4NC12100","Adams, Alma S.","202033121","Democrat",-0.863641387826674,"A000370"
"3312","NC",12,2022,"H2NC12229","Tyler Lee","202233120","Republican",1.01601262488393,NA
"3313","NC",12,2022,"H2NC12245","John Sharkey","202233121","Democrat",-0.285744094957493,NA
"3314","NC",12,2022,"H2NC12260","Andrew Huffman","202233120","Republican",NA,NA
"3315","NC",12,2022,"H4NC12100","Alma Adams","202233121","Democrat",-1.05689538882482,"A000370"
"3316","NC",12,2022,NA,"Nalini Joseph","202233120","Republican",0.629240562726711,NA
"3317","NC",13,2018,"H6NC02130","Coker, Adam","201833131","Democrat",NA,NA
"3318","NC",13,2018,"H6NC13129","Budd, Ted","201833130","Republican",1.18988333540112,"B001305"
"3319","NC",13,2018,"H8NC13067","Manning, Kathy","201833131","Democrat",-0.583155885068857,NA
"3320","NC",13,2020,"H6NC13129","Budd, Ted","202033130","Republican",0.881825833182951,"B001305"
"3321","NC",13,2020,"H8NC08109","Huffman, Scott","202033131","Democrat",NA,NA
"3322","NC",13,2022,"H0NC02059","Renee Ellmers","202233130","Republican",0.997943036766741,NA
"3323","NC",13,2022,"H2NC04168","DeVan Barbour","202233130","Republican",1.26051123365001,NA
"3324","NC",13,2022,"H2NC04200","Kelly Kathleen Daughtry","202233130","Republican",0.858852445633017,NA
"3325","NC",13,2022,"H2NC05157","Bo Hines","202233130","Republican",1.04918976267916,NA
"3326","NC",13,2022,"H2NC07138","Denton Lee","202233131","Democrat",-0.0622701238720405,NA
"3327","NC",13,2022,"H2NC07187","Chad Slotta","202233130","Republican",0.860767980645304,NA
"3328","NC",13,2022,"H2NC13193","Keny Keirsey","202233130","Republican",1.47791708404228,NA
"3329","NC",13,2022,"H2NC13268","Jessica Morel","202233130","Republican",NA,NA
"3330","NC",13,2022,"H2NC13276","Jamie Campbell Bowles","202233131","Democrat",NA,NA
"3331","NC",13,2022,"H2NC13284","Kevin Alan Wolff","202233130","Republican",0.586656816944344,NA
"3332","NC",13,2022,"H2NC14019","Wiley Nickel","202233131","Democrat",-1.34674190942799,"N000194"
"3333","NC",13,2022,"H2NC14027","Nathan Click","202233131","Democrat",-1.0995985291022,NA
"3334","NC",13,2022,"H8NC02086","Sam Searcy","202233131","Democrat",-1.13754813514858,NA
"3335","NC",14,2022,"H2NC09175","Ram Mammadov","202233141","Democrat",-1.10004795833742,NA
"3336","NC",14,2022,"H2NC13243","Pat Harrigan","202233140","Republican",1.4459843468009,NA
"3337","NC",14,2022,"H2NC14076","Jeff Jackson","202233141","Democrat",NA,"J000308"
"3338","NC",14,2022,"H2NC14084","Jonathan Simpson","202233140","Republican",0.189953407391868,NA
"3339","ND",1,2018,"H0ND00127","Schaffner, Paul","201834010","Republican",0.95203196825298,NA
"3340","ND",1,2018,"H8ND00096","Armstrong, Kelly","201834010","Republican",1.00926011988774,"A000377"
"3341","ND",1,2018,"H8ND00104","Campbell, Tom","201834010","Republican",1.88799386124145,NA
"3342","ND",1,2018,"H8ND00112","Schneider, Marc","201834011","Democrat",NA,NA
"3343","ND",1,2018,"H8ND00120","Abentroth, Tiffany","201834010","Republican",0.128476502575045,NA
"3344","ND",1,2020,"H0ND00150","Riemers, Roland","202034011","Democrat",NA,NA
"3345","ND",1,2020,"H0ND01042","Raknerud, Zachary","202034011","Democrat",-0.956838117657446,NA
"3346","ND",1,2020,"H8ND00096","Armstrong, Kelly","202034010","Republican",1.10747480830695,"A000377"
"3347","ND",1,2022,"H2ND01014","Mark Haugen","202234011","Democrat",-0.434272608519432,NA
"3348","ND",1,2022,"H8ND00096","Kelly Armstrong","202234010","Republican",1.03349388949615,"A000377"
"3349","NE",1,2018,"H4NE01064","Fortenberry, Jeff","201827010","Republican",0.620093241678811,"F000449"
"3350","NE",1,2018,"H4NE01163","Crawford, Dennis","201827011","Democrat",-0.855709362704047,NA
"3351","NE",1,2018,"H8NE01081","McClure, Jessica","201827011","Democrat",-0.604118107970104,NA
"3352","NE",1,2020,"H0NE01112","Ramsey, Babs","202027011","Democrat",-0.89806859822355,NA
"3353","NE",1,2020,"H0NE01120","Bolz, Kate","202027011","Democrat",-0.442661159530171,NA
"3354","NE",1,2020,"H4NE01064","Fortenberry, Jeff","202027010","Republican",0.033384319141164,"F000449"
"3355","NE",1,2022,"H2NE01092","Patty Brooks","202227011","Democrat",-1.34420322323044,NA
"3356","NE",1,2022,"H2NE01100","Jazari Zakaria","202227011","Democrat",-0.70831611591259,NA
"3357","NE",1,2022,"H2NE01118","Mike Flood","202227010","Republican",1.11370953870879,"F000474"
"3358","NE",1,2022,"H2NE01159","John Weaver","202227010","Republican",0.850837099033078,NA
"3359","NE",1,2022,"H4NE01064","Jeffrey Fortenberry","202227010","Republican",NA,NA
"3360","NE",1,2022,NA,"Curtis Huffman","202227010","Republican",NA,NA
"3361","NE",1,2022,NA,"Thireena Connely","202227010","Republican",NA,NA
"3362","NE",2,2018,"H4NE02054","Ashford, Brad","201827021","Democrat",NA,NA
"3363","NE",2,2018,"H6NE02125","Bacon, Don","201827020","Republican",0.740667860054528,"B001298"
"3364","NE",2,2018,"H8NE02220","Eastman, Kara","201827021","Democrat",-1.00361641291722,NA
"3365","NE",2,2020,"H0NE02169","Ashford, Ann","202027021","Democrat",-1.36122729875283,NA
"3366","NE",2,2020,"H0NE02185","Harrison, Gladys Lucretia","202027021","Democrat",NA,NA
"3367","NE",2,2020,"H2NE02090","Anderson, Paul","202027020","Republican",NA,NA
"3368","NE",2,2020,"H6NE02125","Bacon, Don","202027020","Republican",1.02343313172105,"B001298"
"3369","NE",2,2020,"H8NE02220","Eastman, Kara","202027021","Democrat",-0.840706496009937,NA
"3370","NE",2,2022,"H2NE02124","Alisha Shelton","202227021","Democrat",NA,NA
"3371","NE",2,2022,"H2NE02132","Tony Vargas","202227021","Democrat",-0.905038991511223,NA
"3372","NE",2,2022,"H2NE02157","Steve Kuehl","202227020","Republican",0.990528330931482,NA
"3373","NE",2,2022,"H6NE02125","Don Bacon","202227020","Republican",0.544252727388614,"B001298"
"3374","NE",3,2018,"H6NE03115","Smith, Adrian","201827030","Republican",0.795148582010664,"S001172"
"3375","NE",3,2018,"H8NE03087","Penner, Kirk","201827030","Republican",NA,NA
"3376","NE",3,2018,"H8NE03095","Theobald, Paul","201827031","Democrat",-0.518558745902308,NA
"3377","NE",3,2018,NA,"Bolinger, Larry Lee Scott","201827030","Republican",0.177359288999677,NA
"3378","NE",3,2018,NA,"Kowalski, Arron","201827030","Republican",-0.554836199249614,NA
"3379","NE",3,2020,"H0NE03225","Elworth, Mark G. Jr.","202027031","Democrat",NA,NA
"3380","NE",3,2020,"H0NE03233","Elfgren, William","202027030","Republican",NA,NA
"3381","NE",3,2020,"H0NE03241","Moran, Justin","202027030","Republican",NA,NA
"3382","NE",3,2020,"H6NE03115","Smith, Adrian","202027030","Republican",1.42061477150352,"S001172"
"3383","NE",3,2020,"H8NE03103","Bolinger, Larry","202027030","Republican",NA,NA
"3384","NE",3,2020,"H8NE03129","Kowalski, Arron","202027030","Republican",-0.181288861951759,NA
"3385","NE",3,2022,"H0NE03217","David Else","202227031","Democrat",NA,NA
"3386","NE",3,2022,"H2NE03056","Daniel Wik","202227031","Democrat",-0.0237892840502613,NA
"3387","NE",3,2022,"H6NE03115","Adrian Smith","202227030","Republican",1.21197731618868,"S001172"
"3388","NE",3,2022,NA,"Mike Calhoun","202227030","Republican",NA,NA
"3389","NH",1,2018,"H6NH01263","Callis, Michael","201829010","Republican",NA,NA
"3390","NH",1,2018,"H6NH02196","Martin, Andy","201829010","Republican",0.684881642440886,NA
"3391","NH",1,2018,"H8NH01152","Edwards, Eddie","201829010","Republican",0.86735360023598,NA
"3392","NH",1,2018,"H8NH01160","Sanborn, Andy","201829010","Republican",NA,NA
"3393","NH",1,2018,"H8NH01178","Soldati, Lincoln","201829011","Democrat",-0.635737632273155,NA
"3394","NH",1,2018,"H8NH01186","Sullivan, Maura","201829011","Democrat",-1.08685882477481,NA
"3395","NH",1,2018,"H8NH01194","O'Rourke, Terence","201829011","Democrat",-0.375905319243703,NA
"3396","NH",1,2018,"H8NH01202","Messmer, Mindi","201829011","Democrat",-1.06202849012145,NA
"3397","NH",1,2018,"H8NH01210","Pappas, Chris","201829011","Democrat",-0.894477752603372,"P000614"
"3398","NH",1,2018,"H8NH01228","MacKenzie, Mark","201829011","Democrat",-0.917916927850977,NA
"3399","NH",1,2018,"H8NH01244","Sanders, Levi","201829011","Democrat",-0.917203007186767,NA
"3400","NH",1,2018,"H8NH01251","McEachern, Deaglan","201829011","Democrat",-0.82964806544019,NA
"3401","NH",1,2018,"H8NH01277","Crochetiere, Bruce","201829010","Republican",NA,NA
"3402","NH",1,2018,"H8NH01285","Andrews, Naomi","201829011","Democrat",-0.66086429244613,NA
"3403","NH",1,2018,"H8NH01293","Cardinal, Paul","201829011","Democrat",-0.273676872764945,NA
"3404","NH",1,2018,"H8NH01301","Martin, William","201829011","Democrat",NA,NA
"3405","NH",1,2018,"H8NH01319","Denaro, Jeffory","201829010","Republican",NA,NA
"3406","NH",1,2020,"H0NH01258","Rondeau, Kevin","202029010","Republican",NA,NA
"3407","NH",1,2020,"H0NH01282","Mowers, Matt","202029010","Republican",0.732494466796392,NA
"3408","NH",1,2020,"H0NH01290","Mayberry, Matt","202029010","Republican",0.589953652663846,NA
"3409","NH",1,2020,"H6NH01263","Callis, Michael","202029010","Republican",NA,NA
"3410","NH",1,2020,"H8NH01210","Pappas, Chris","202029011","Democrat",-1.00653490896921,"P000614"
"3411","NH",1,2020,"H8NH01319","Denaro, Jeffory W.","202029010","Republican",0.0300317061782082,NA
"3412","NH",1,2022,"H0NH01258","Kevin Rondeau","202229010","Republican",NA,NA
"3413","NH",1,2022,"H0NH01282","Matt Mowers","202229010","Republican",0.920667672870664,NA
"3414","NH",1,2022,"H0NH02280","Gilead Towne","202229010","Republican",NA,NA
"3415","NH",1,2022,"H2NH01262","Tim Baxter","202229010","Republican",1.14219111235617,NA
"3416","NH",1,2022,"H2NH01270","Karoline Leavitt","202229010","Republican",0.814409543289885,NA
"3417","NH",1,2022,"H2NH01288","Gail Huff Brown","202229010","Republican",0.91086796306172,NA
"3418","NH",1,2022,"H2NH01296","Mark Kilbane","202229010","Republican",0.191428799192412,NA
"3419","NH",1,2022,"H2NH01304","Russell Prescott","202229010","Republican",NA,NA
"3420","NH",1,2022,"H6NH02089","Tom Alciere","202229010","Republican",0.243437122168924,NA
"3421","NH",1,2022,"H6NH02154","Mary Maxwell","202229010","Republican",0.154743039565383,NA
"3422","NH",1,2022,"H8NH01210","Chris Pappas","202229011","Democrat",-0.959829306800324,"P000614"
"3423","NH",2,2018,"H0NH02181","Kuster, Annie","201829021","Democrat",-0.643787530639301,"K000382"
"3424","NH",2,2018,"H8NH02267","Levenson, Stewart","201829020","Republican",0.460840785827402,NA
"3425","NH",2,2018,"H8NH02275","Negron, Steven","201829020","Republican",1.06176025754372,NA
"3426","NH",2,2018,"H8NH02283","Blankenbeker, Lynne","201829020","Republican",1.01682360819691,NA
"3427","NH",2,2018,"H8NH02309","Burns, Robert","201829020","Republican",1.01449357191881,NA
"3428","NH",2,2018,NA,"Belanger, Brian","201829020","Republican",0.191143039274749,NA
"3429","NH",2,2018,NA,"Beloin, Gerard","201829020","Republican",0.552660736392734,NA
"3430","NH",2,2018,NA,"Mercer, Jay","201829020","Republican",NA,NA
"3431","NH",2,2020,"H0NH02181","Kuster, Ann McLane","202029021","Democrat",-0.783719364036296,"K000382"
"3432","NH",2,2020,"H0NH02272","Clemmer, Eli Dantzler","202029020","Republican",0.806690790968749,NA
"3433","NH",2,2020,"H0NH02298","Bjelobrk, Matthew D.","202029020","Republican",NA,NA
"3434","NH",2,2020,"H0NH02306","Mirzoeff, Joseph","202029021","Democrat",NA,NA
"3435","NH",2,2020,"H8NH02275","Negron, Steven","202029020","Republican",NA,NA
"3436","NH",2,2020,"H8NH02283","Blankenbeker, Lynne Ferrari","202029020","Republican",1.14416156921385,NA
"3437","NH",2,2022,"H0NH02181","Annie Kuster","202229021","Democrat",-0.77226140142965,"K000382"
"3438","NH",2,2022,"H2NH00025","Robert Burns","202229020","Republican",0.124619117275656,NA
"3439","NH",2,2022,"H2NH02229","Dean Poirier","202229020","Republican",0.348972144064748,NA
"3440","NH",2,2022,"H2NH02260","Lily Williams","202229020","Republican",0.693254161788153,NA
"3441","NH",2,2022,"H2NH02294","George Hansel","202229020","Republican",NA,NA
"3442","NH",2,2022,NA,"Jay Mercer","202229020","Republican",-0.333671982748958,NA
"3443","NH",2,2022,NA,"Michael Callis","202229020","Republican",NA,NA
"3444","NH",2,2022,NA,"Scott Black","202229020","Republican",NA,NA
"3445","NJ",1,2018,"H4NJ01084","Norcross, Donald","201830011","Democrat",-0.567332820525052,"N000188"
"3446","NJ",1,2018,"H4NJ01142","Tomaszewski, Scot","201830011","Democrat",NA,NA
"3447","NJ",1,2018,"H8NJ01259","Dilks, Paul","201830010","Republican",-0.489827818677714,NA
"3448","NJ",1,2018,NA,"Carlson, Robert","201830011","Democrat",-0.283979740757685,NA
"3449","NJ",1,2020,"H4NJ01084","Norcross, Donald","202030011","Democrat",-0.573541121184508,"N000188"
"3450","NJ",1,2020,"H4NJ01118","Gustafson, Claire","202030010","Republican",0.718245296500448,NA
"3451","NJ",1,2022,"H2NJ01120","Mario DeSantis","202230011","Democrat",-0.980936515256517,NA
"3452","NJ",1,2022,"H2NJ01187","Damon Galdo","202230010","Republican",0.358793287997661,NA
"3453","NJ",1,2022,"H4NJ01084","Donald Norcross","202230011","Democrat",-0.439715787348759,"N000188"
"3454","NJ",1,2022,"H4NJ01118","Claire Gustafson","202230010","Republican",0.733942496435726,NA
"3455","NJ",2,2018,"H8NJ02141","Youngblood, Tanzie","201830021","Democrat",-0.735125701077349,NA
"3456","NJ",2,2018,"H8NJ02166","Van Drew, Jeff","201830021","Democrat",NA,"V000133"
"3457","NJ",2,2018,"H8NJ02174","Cunningham, William","201830021","Democrat",-0.985393549492819,NA
"3458","NJ",2,2018,"H8NJ02216","Singh, Hirsh","201830020","Republican",NA,NA
"3459","NJ",2,2018,"H8NJ02232","Grossman, Seth","201830020","Republican",0.200770116386654,NA
"3460","NJ",2,2018,"H8NJ02240","Fiocchi, Samuel","201830020","Republican",1.38116183150856,NA
"3461","NJ",2,2018,"H8NJ02257","Kleinman, Nate","201830021","Democrat",-0.920265200215202,NA
"3462","NJ",2,2018,"H8NJ02273","Turkavage, Robert","201830020","Republican",0.524180067259463,NA
"3463","NJ",2,2020,"H0NJ02148","Patterson, Robert W.","202030020","Republican",1.07125593254629,NA
"3464","NJ",2,2020,"H0NJ02171","Kennedy, Amy","202030021","Democrat",-1.10870319605554,NA
"3465","NJ",2,2020,"H0NJ02189","Turkavage, Robert","202030021","Democrat",-0.0345049687800504,NA
"3466","NJ",2,2020,"H0NJ02197","Harrison, Brigid Callahan","202030021","Democrat",-0.891998936775028,NA
"3467","NJ",2,2020,"H0NJ02205","Francis, John","202030021","Democrat",NA,NA
"3468","NJ",2,2020,"H8NJ02166","Van Drew, Jeff","202030020","Republican",-0.190539262484092,"V000133"
"3469","NJ",2,2020,"H8NJ02174","Cunningham, Will","202030021","Democrat",-0.872332941929231,NA
"3470","NJ",2,2022,"H2NJ02193","Tim Alexander","202230021","Democrat",-1.0797981695636,NA
"3471","NJ",2,2022,"H2NJ02219","Carolyn Rush","202230021","Democrat",-0.643117850057283,NA
"3472","NJ",2,2022,"H2NJ02250","Sean Pignatelli","202230020","Republican",-0.767676067137337,NA
"3473","NJ",2,2022,"H2NJ03266","John Barker","202230020","Republican",0.586691436670671,NA
"3474","NJ",2,2022,"H8NJ02166","Jeff Van Drew","202230020","Republican",1.15111100032886,"V000133"
"3475","NJ",3,2018,"H4NJ03130","MacArthur, Tom","201830030","Republican",0.392356764754361,NA
"3476","NJ",3,2018,"H8NJ03206","Kim, Andy","201830031","Democrat",-0.666555796201269,"K000394"
"3477","NJ",3,2020,"H0NJ02155","Richter, David","202030030","Republican",0.705831708254437,NA
"3478","NJ",3,2020,"H0NJ03211","Gibbs, Kate","202030030","Republican",-0.156329551924139,NA
"3479","NJ",3,2020,"H8NJ03206","Kim, Andy","202030031","Democrat",-0.853999828888801,"K000394"
"3480","NJ",3,2022,"H2NJ03258","Bob Healey","202230030","Republican",0.558724450237971,NA
"3481","NJ",3,2022,"H2NJ03274","Reuven Hendler","202230031","Democrat",-0.790921337436424,NA
"3482","NJ",3,2022,"H2NJ03282","Ian Smith","202230030","Republican",0.969870171000113,NA
"3483","NJ",3,2022,"H2NJ03290","Nicholas Ferrara","202230030","Republican",0.682375500457393,NA
"3484","NJ",3,2022,"H8NJ03206","Andy Kim","202230031","Democrat",-0.953407938838622,"K000394"
"3485","NJ",4,2018,"H8NJ04014","Smith, Christopher","201830040","Republican",NA,"S000522"
"3486","NJ",4,2018,"H8NJ04162","Keady, Jim","201830041","Democrat",-0.931605096675404,NA
"3487","NJ",4,2018,"H8NJ04188","Welle, Joshua","201830041","Democrat",-1.00943366346123,NA
"3488","NJ",4,2020,"H0NJ04128","Applefield, David","202030041","Democrat",-1.14615456154416,NA
"3489","NJ",4,2020,"H0NJ04144","Conforti, Christine Marie","202030041","Democrat",-1.79327434160859,NA
"3490","NJ",4,2020,"H0NJ04151","Schmid, Stephanie","202030041","Democrat",-0.869236455503426,NA
"3491","NJ",4,2020,"H0NJ04185","Richter, Alter Eliezer","202030040","Republican",-0.277945472727712,NA
"3492","NJ",4,2020,"H8NJ04014","Smith, Christopher H.","202030040","Republican",NA,"S000522"
"3493","NJ",4,2022,"H2NJ04181","Mike Blasi","202230040","Republican",NA,NA
"3494","NJ",4,2022,"H2NJ04207","Mike Crispi","202230040","Republican",1.27473637732256,NA
"3495","NJ",4,2022,"H2NJ04215","Matt Jenkins","202230041","Democrat",-0.866869651443706,NA
"3496","NJ",4,2022,"H2NJ04223","Steve Gray","202230040","Republican",0.915977426606481,NA
"3497","NJ",4,2022,"H8NJ04014","Chris Smith","202230040","Republican",NA,"S000522"
"3498","NJ",5,2018,"H6NJ05171","Gottheimer, Josh","201830051","Democrat",-0.181586422744155,"G000583"
"3499","NJ",5,2018,"H8NJ05110","Lonegan, Steven","201830050","Republican",0.903438131087491,NA
"3500","NJ",5,2018,"H8NJ05136","McCann Jr, John","201830050","Republican",1.03400675617168,NA
"3501","NJ",5,2020,"H0NJ05166","Baldini, James","202030050","Republican",0.580846943393176,NA
"3502","NJ",5,2020,"H0NJ05174","Pallotta, Frank","202030050","Republican",0.635040275728444,NA
"3503","NJ",5,2020,"H0NJ05208","Kreibich, Arati S.","202030051","Democrat",-0.997536956731354,NA
"3504","NJ",5,2020,"H0NJ05224","Castillo, Hector L.","202030050","Republican",0.473827706899842,NA
"3505","NJ",5,2020,"H6NJ05171","Gottheimer, Joshua S.","202030051","Democrat",0.141633476014639,"G000583"
"3506","NJ",5,2020,"H8NJ05136","McCann, John J. Jr.","202030050","Republican",1.00751334413885,NA
"3507","NJ",5,2022,"H0NJ05174","Frank Pallotta","202230050","Republican",0.543015972478197,NA
"3508","NJ",5,2022,"H2NJ05311","Nick DeGregorio","202230050","Republican",NA,NA
"3509","NJ",5,2022,"H2NJ05329","Fred Schneiderman","202230050","Republican",0.56225796594511,NA
"3510","NJ",5,2022,"H6NJ05171","Josh Gottheimer","202230051","Democrat",NA,"G000583"
"3511","NJ",5,2022,NA,"Sab Skenderi","202230050","Republican",0.534325681669319,NA
"3512","NJ",6,2018,"H8NJ03073","Pallone Jr, Frank","201830061","Democrat",NA,"P000034"
"3513","NJ",6,2018,"H8NJ06167","Walker, Javahn","201830060","Republican",-1.2374664544049,NA
"3514","NJ",6,2018,"H8NJ10110","Pezzullo, Richard","201830060","Republican",1.00680771749829,NA
"3515","NJ",6,2020,"H0NJ06206","Cirincione, Russell","202030061","Democrat",-0.900965977874491,NA
"3516","NJ",6,2020,"H0NJ06248","Al-Khatahtbeh, Amani","202030061","Democrat",-1.53131626292293,NA
"3517","NJ",6,2020,"H0NJ06255","Onuoha, Christian","202030060","Republican",NA,NA
"3518","NJ",6,2020,"H8NJ03073","Pallone, Frank Jr.","202030061","Democrat",-0.857268226895006,"P000034"
"3519","NJ",6,2022,"H2NJ06228","Sue Kiley","202230060","Republican",NA,NA
"3520","NJ",6,2022,"H2NJ07192","Rik Mehta","202230060","Republican",NA,NA
"3521","NJ",6,2022,"H2NJ11160","Tom Toomey","202230060","Republican",0.323094112661972,NA
"3522","NJ",6,2022,"H8NJ03073","Frank Pallone","202230061","Democrat",-0.790764269091108,"P000034"
"3523","NJ",7,2018,"H6NJ07151","Jacob, Peter","201830071","Democrat",-1.14434301235,NA
"3524","NJ",7,2018,"H6NJ12136","Lance, Leonard","201830070","Republican",NA,NA
"3525","NJ",7,2018,"H8NJ07207","Brown, Lindsay","201830070","Republican",-0.363821413606463,NA
"3526","NJ",7,2018,"H8NJ07215","Jois, Goutam","201830071","Democrat",-0.919257082509977,NA
"3527","NJ",7,2018,"H8NJ07223","Malinowski, Tom","201830071","Democrat",-0.300989985431686,"M001203"
"3528","NJ",7,2018,"H8NJ07249","Barsoom, Raafat","201830070","Republican",0.391977379175377,NA
"3529","NJ",7,2020,"H0NJ07253","Phillips, Tom","202030070","Republican",0.602160964807817,NA
"3530","NJ",7,2020,"H0NJ07261","Kean, Thomas H.","202030070","Republican",NA,NA
"3531","NJ",7,2020,"H8NJ07223","Malinowski, Tom","202030071","Democrat",-0.440295305437556,"M001203"
"3532","NJ",7,2020,"H8NJ07249","Barsoom, Raafat","202030070","Republican",0.552153364950647,NA
"3533","NJ",7,2022,"H0NJ07261","Tom Kean Jr.","202230070","Republican",NA,"K000398"
"3534","NJ",7,2022,"H2NJ07200","John Isemann","202230070","Republican",0.246871415925009,NA
"3535","NJ",7,2022,"H2NJ07218","Erik Peterson","202230070","Republican",NA,NA
"3536","NJ",7,2022,"H2NJ07226","Kevin Dorlon","202230070","Republican",0.381505752204857,NA
"3537","NJ",7,2022,"H2NJ07234","Sterling Schwab","202230070","Republican",0.765874519234022,NA
"3538","NJ",7,2022,"H2NJ07242","John Flora","202230070","Republican",0.719416106798214,NA
"3539","NJ",7,2022,"H2NJ11202","Phil Rizzo","202230070","Republican",1.31476848328037,NA
"3540","NJ",7,2022,"H8NJ07223","Tom Malinowski","202230071","Democrat",-0.415703994731085,NA
"3541","NJ",7,2022,NA,"Roger Bacon","202230071","Democrat",-0.633799477268662,NA
"3542","NJ",8,2018,"H6NJ13191","Sires, Albio","201830081","Democrat",-0.921072277812613,"S001165"
"3543","NJ",8,2018,"H8NJ08080","Muniz, John","201830080","Republican",-0.810488944646031,NA
"3544","NJ",8,2020,"H0NJ08129","Oseguera, Hector Omar Jr.","202030081","Democrat",-1.14555321084063,NA
"3545","NJ",8,2020,"H0NJ08145","Sheehan, Will","202030081","Democrat",-0.582851709703832,NA
"3546","NJ",8,2020,"H0NJ08152","Mushnick, Jason Todd","202030080","Republican",NA,NA
"3547","NJ",8,2020,"H6NJ13191","Sires, Albio","202030081","Democrat",-0.918764112165407,"S001165"
"3548","NJ",8,2022,"H2NJ08232","Rob Menendez","202230081","Democrat",NA,"M001226"
"3549","NJ",8,2022,"H2NJ08240","David Ocampo Grajales","202230081","Democrat",-1.02997424020152,NA
"3550","NJ",8,2022,"H2NJ08299","Marcos Arroyo","202230080","Republican",NA,NA
"3551","NJ",8,2022,NA,"Ane Roseborough-Eberhard","202230081","Democrat",-0.682569931343846,NA
"3552","NJ",9,2018,"H6NJ08118","Pascrell, Bill","201830091","Democrat",-0.577010450181959,"P000096"
"3553","NJ",9,2018,"H8NJ09138","Fisher, Eric","201830090","Republican",NA,NA
"3554","NJ",9,2018,NA,"Henry, William","201830091","Democrat",NA,NA
"3555","NJ",9,2020,"H0NJ09176","Spezakis, Zinovia","202030091","Democrat",-1.08351106973224,NA
"3556","NJ",9,2020,"H0NJ09184","Basaran, Alpaslan","202030091","Democrat",-0.494754870986149,NA
"3557","NJ",9,2020,"H0NJ09192","Walsh, Timothy","202030090","Republican",0.911370583791396,NA
"3558","NJ",9,2020,"H0NJ09200","Prempeh, William Sreboe","202030090","Republican",0.400705002637469,NA
"3559","NJ",9,2020,"H6NJ08118","Pascrell, William J. Jr.","202030091","Democrat",-0.8104039888272,"P000096"
"3560","NJ",9,2022,"H0NJ09200","Billy Prempeh","202230090","Republican",0.544670170277082,NA
"3561","NJ",9,2022,"H6NJ08118","Bill Pascrell","202230091","Democrat",-0.946455663203261,"P000096"
"3562","NJ",10,2018,"H2NJ10154","Payne Jr, Donald","201830101","Democrat",-0.791987431661324,"P000604"
"3563","NJ",10,2018,"H6NJ08167","Khan, Agha","201830100","Republican",0.309661774739367,NA
"3564","NJ",10,2018,NA,"Fraser, Aaron","201830101","Democrat",NA,NA
"3565","NJ",10,2020,"H0NJ10190","Flora, John J.","202030101","Democrat",-1.09420796050541,NA
"3566","NJ",10,2020,"H0NJ10208","Mazo, Eugene D.","202030101","Democrat",-0.815958984990437,NA
"3567","NJ",10,2020,"H0NJ10232","Zinone, Jennifer","202030100","Republican",0.337174960798669,NA
"3568","NJ",10,2020,"H2NJ10154","Payne, Donald M. Jr.","202030101","Democrat",-0.921225123145204,"P000604"
"3569","NJ",10,2022,"H0NJ10133","David Pinckney","202230100","Republican",NA,NA
"3570","NJ",10,2022,"H2NJ10154","Donald Payne Jr.","202230101","Democrat",-1.0369743154176,"P000604"
"3571","NJ",10,2022,"H2NJ10204","Imani Oakley","202230101","Democrat",-1.24101439531033,NA
"3572","NJ",10,2022,"H2NJ10220","Akil Khalfani","202230101","Democrat",-0.874772788890322,NA
"3573","NJ",10,2022,"H2NJ10238","Garth Stewart","202230100","Republican",NA,NA
"3574","NJ",11,2018,"H8NJ11142","Sherrill, Mikie","201830111","Democrat",-0.257729732174577,"S001207"
"3575","NJ",11,2018,"H8NJ11159","Hewitt, Martin","201830110","Republican",0.250949880765924,NA
"3576","NJ",11,2018,"H8NJ11175","Harris, Tamara","201830111","Democrat",-0.821580180931633,NA
"3577","NJ",11,2018,"H8NJ11183","Washburne, Mark","201830111","Democrat",-0.214009822162177,NA
"3578","NJ",11,2018,"H8NJ11191","Cobert, Mitchell","201830111","Democrat",-0.814995257119655,NA
"3579","NJ",11,2018,"H8NJ11209","Heslin, Alison","201830111","Democrat",-1.12388625136678,NA
"3580","NJ",11,2018,"H8NJ11217","Webber, Jay","201830110","Republican",0.243830349017227,NA
"3581","NJ",11,2018,"H8NJ11225","Allocco, Patrick","201830110","Republican",NA,NA
"3582","NJ",11,2018,"H8NJ11233","Ghee, Antony","201830110","Republican",0.527037662757385,NA
"3583","NJ",11,2018,"H8NJ11241","De Neufville, Peter","201830110","Republican",0.332963172519178,NA
"3584","NJ",11,2020,"H0NJ07279","Becchi, Rosemary","202030110","Republican",0.565064631076364,NA
"3585","NJ",11,2020,"H8NJ11142","Sherrill, MikieÊ","202030111","Democrat",-0.547399218090857,"S001207"
"3586","NJ",11,2022,"H2NJ11178","Tayfun Selen","202230110","Republican",NA,NA
"3587","NJ",11,2022,"H2NJ11186","Paul DeGroot","202230110","Republican",NA,NA
"3588","NJ",11,2022,"H2NJ11228","Toby Anderson","202230110","Republican",1.18165328162988,NA
"3589","NJ",11,2022,"H8NJ11142","Mikie Sherrill","202230111","Democrat",-0.907137249760023,"S001207"
"3590","NJ",11,2022,NA,"Alex Halter","202230110","Republican",NA,NA
"3591","NJ",11,2022,NA,"Ruth McAndrew","202230110","Republican",0.268673200741024,NA
"3592","NJ",12,2018,"H4NJ12149","Coleman, Bonnie","201830121","Democrat",-0.976059023887672,"W000822"
"3593","NJ",12,2018,"H8NJ12108","Kipnis, Daryl","201830120","Republican",-0.0121001873132632,NA
"3594","NJ",12,2020,"H0NJ12204","Razzoli, Mark","202030120","Republican",0.175316685793277,NA
"3595","NJ",12,2020,"H0NJ12212","McCormick, Lisa A.","202030121","Democrat",-0.514339929387531,NA
"3596","NJ",12,2020,"H4NJ12149","Coleman, Bonnie Watson","202030121","Democrat",-0.741468045880546,"W000822"
"3597","NJ",12,2022,"H2NJ12127","Darius Mayfield","202230120","Republican",0.105345090222353,NA
"3598","NJ",12,2022,"H4NJ12149","Bonnie Watson-Coleman","202230121","Democrat",-0.753340240987746,"W000822"
"3599","NM",1,2018,"H8NM01323","Lopez, Antoinette","201831011","Democrat",-1.12041502700364,NA
"3600","NM",1,2018,"H8NM01331","Haaland, Debra","201831011","Democrat",-1.16888080291838,"H001080"
"3601","NM",1,2018,"H8NM01364","Lara, Damian","201831011","Democrat",-1.16738751983358,NA
"3602","NM",1,2018,"H8NM01372","Arnold-Jones, Janice","201831010","Republican",-0.0743812279111213,NA
"3603","NM",1,2018,"H8NM01380","Martinez, Damon","201831011","Democrat",-0.802293560317647,NA
"3604","NM",1,2018,"H8NM01406","Davis, Patrick","201831011","Democrat",-0.642227505796624,NA
"3605","NM",1,2018,"H8NM01430","Moya, Paul","201831011","Democrat",-0.353282339777996,NA
"3606","NM",1,2018,"H8NM01455","Heitner, Jesse","201831011","Democrat",-0.483836075555245,NA
"3607","NM",1,2020,"H0NM01189","Holmes, Michelle Garcia","202031010","Republican",0.803084417876223,NA
"3608","NM",1,2020,"H0NM01197","Dussen, Jared Vander","202031010","Republican",0.837261522732654,NA
"3609","NM",1,2020,"H0NM03094","Kokinadis, Brett","202031010","Republican",0.35467667259341,NA
"3610","NM",1,2020,"H8NM01331","Haaland, Debra","202031011","Democrat",-1.21727123590412,"H001080"
"3611","NM",1,2022,"H0NM01189","Michelle Garcia Holmes","202231010","Republican",NA,NA
"3612","NM",1,2022,"H2NM01144","Melanie Stansbury","202231011","Democrat",-1.32377680237496,"S001218"
"3613","NM",1,2022,"H2NM01367","Louie Sanchez","202231010","Republican",1.1513580381247,NA
"3614","NM",2,2018,"H8NM02073","Newman, Monty","201831020","Republican",1.62108317403464,NA
"3615","NM",2,2018,"H8NM02115","Hildebrandt, Madeline","201831021","Democrat",-0.776449243512701,NA
"3616","NM",2,2018,"H8NM02156","Herrell, Yvette","201831020","Republican",1.30575623838874,NA
"3617","NM",2,2018,"H8NM02222","Clarkson, Gavin","201831020","Republican",NA,NA
"3618","NM",2,2018,"H8NM02230","Griffin, Clayburn","201831020","Republican",-0.206832394399825,NA
"3619","NM",2,2018,"H8NM02248","Small, Xochitl","201831021","Democrat",-0.442559296482539,"T000484"
"3620","NM",2,2020,"H0NM02211","Mathys, Chris","202031020","Republican",1.04836772348927,NA
"3621","NM",2,2020,"H0NM02229","Chase, Claire","202031020","Republican",0.951101744400858,NA
"3622","NM",2,2020,"H8NM02156","Herrell, Yvette","202031020","Republican",0.891918191754088,"H001084"
"3623","NM",2,2020,"H8NM02248","Torres Small, Xochitl","202031021","Democrat",-0.0950761866149916,NA
"3624","NM",2,2022,"H2NM02191","Gabriel Vasquez","202231021","Democrat",-0.490788113858686,"V000136"
"3625","NM",2,2022,"H2NM02217","Darshan Patel","202231021","Democrat",-0.584157419324289,NA
"3626","NM",2,2022,"H8NM02156","Yvette Herrell","202231020","Republican",1.00020215772402,NA
"3627","NM",3,2018,"H6NM03059","McFall, Jerald","201831030","Republican",0.668095530800208,NA
"3628","NM",3,2018,"H8NM03196","Lujan, Ben Ray","201831031","Democrat",-0.754422589805367,"L000570"
"3629","NM",3,2020,"H0NM03078","Sanchez, Joseph Louis","202031031","Democrat",-0.843322194592535,NA
"3630","NM",3,2020,"H0NM03102","Fernandez, Teresa Leger","202031031","Democrat",-1.09425024753846,"L000273"
"3631","NM",3,2020,"H0NM03110","Plame, Valerie","202031031","Democrat",-0.679378492013488,NA
"3632","NM",3,2020,"H0NM03136","Serna, Marco","202031031","Democrat",-0.99533754537678,NA
"3633","NM",3,2020,"H0NM03151","Montoya, Laura","202031031","Democrat",-0.719653251958825,NA
"3634","NM",3,2020,"H0NM03177","Tisdel, Kyle J.","202031031","Democrat",-1.13369038566855,NA
"3635","NM",3,2020,"H0NM03185","Blair, John","202031031","Democrat",-0.880680112676533,NA
"3636","NM",3,2020,"H0NM03193","Bedonie, Karen E.","202031030","Republican",0.696366971241215,NA
"3637","NM",3,2020,"H0NM03201","Johnson, Alexis M.","202031030","Republican",0.393619474939121,NA
"3638","NM",3,2020,"H8NM03170","Montoya, Harry B.","202031030","Republican",NA,NA
"3639","NM",3,2020,NA,"Morales, Angela Gale","202031030","Republican",NA,NA
"3640","NM",3,2022,"H0NM03102","Teresa Legar Fernandez","202231031","Democrat",-0.736145168042245,"L000273"
"3641","NM",3,2022,"H2NM03173","Alexis Martinez Johnson","202231030","Republican",0.374548039845152,NA
"3642","NV",1,2018,"H6NV01224","Horne, Fred","201828010","Republican",NA,NA
"3643","NV",1,2018,"H6NV01232","Dysilva, Reuben","201828011","Democrat",-0.657825530646039,NA
"3644","NV",1,2018,"H8NV01261","Bentley, Joyce","201828010","Republican",0.726791861107053,NA
"3645","NV",1,2018,"H8NV03036","Titus, Dina","201828011","Democrat",NA,"T000468"
"3646","NV",1,2020,"H0NV01052","Elliott, Joshua D.","202028010","Republican",0.0210988341865547,NA
"3647","NV",1,2020,"H0NV01201","Thomas, Anthony Jr.","202028011","Democrat",-1.18190994594016,NA
"3648","NV",1,2020,"H0NV01219","Larios-Elias, Citlaly","202028010","Republican",1.29592390446508,NA
"3649","NV",1,2020,"H8NV01220","Hamilton, Edward L.","202028010","Republican",NA,NA
"3650","NV",1,2020,"H8NV01261","Bentley, Joyce","202028010","Republican",0.814369964658889,NA
"3651","NV",1,2020,"H8NV03036","Titus, Dina","202028011","Democrat",NA,"T000468"
"3652","NV",1,2020,NA,"Rheinhart, Allen","202028011","Democrat",NA,NA
"3653","NV",1,2022,"H2NV01264","Amy Vilela","202228011","Democrat",-1.10727542367744,NA
"3654","NV",1,2022,"H2NV01280","Morgun Sholty","202228010","Republican",0.748127161213253,NA
"3655","NV",1,2022,"H2NV01298","David Brog","202228010","Republican",NA,NA
"3656","NV",1,2022,"H2NV01306","Cynthia Steel","202228010","Republican",0.137000483813856,NA
"3657","NV",1,2022,"H2NV01314","Jessie Turner","202228010","Republican",NA,NA
"3658","NV",1,2022,"H2NV01322","Jane Adams","202228010","Republican",-0.168596763201314,NA
"3659","NV",1,2022,"H2NV03153","Mark Robertson","202228010","Republican",0.692425990242312,NA
"3660","NV",1,2022,"H2NV04094","Carolina Serrano","202228010","Republican",1.17000994806171,NA
"3661","NV",1,2022,"H8NV03036","Dina Titus","202228011","Democrat",-0.87916176507339,"T000468"
"3662","NV",1,2022,"H8NV04059","Cresent Hardy","202228010","Republican",NA,NA
"3663","NV",2,2018,"H2NV02395","Amodei, Mark","201828020","Republican",0.228986272263549,"A000369"
"3664","NV",2,2018,"H4NV02136","Alm, Vance","201828021","Democrat",-0.72337961676847,NA
"3665","NV",2,2018,"H6NV02172","Angle, Sharon","201828020","Republican",0.748375756873746,NA
"3666","NV",2,2018,"H6NV02255","Shepherd, Rick","201828021","Democrat",-0.661476818224044,NA
"3667","NV",2,2018,"H8NV02095","Koble, Clint","201828021","Democrat",-0.322824976529627,NA
"3668","NV",2,2018,"H8NV02111","Fogarty, Patrick","201828021","Democrat",-0.743780865152662,NA
"3669","NV",2,2018,NA,"Beck, Joel","201828020","Republican",1.07195943346678,NA
"3670","NV",2,2018,NA,"Luetkehans, Ian","201828020","Republican",NA,NA
"3671","NV",2,2018,NA,"Hurley, Jesse Douglas","201828021","Democrat",NA,NA
"3672","NV",2,2018,NA,"Schofield Jr, Jack","201828021","Democrat",NA,NA
"3673","NV",2,2020,"H0NV02209","Ackerman, Patricia Geraldene","202028021","Democrat",-0.752785449870682,NA
"3674","NV",2,2020,"H0NV02217","Cohen, Edward G.","202028021","Democrat",-0.507793936804288,NA
"3675","NV",2,2020,"H0NV02258","Hernandez, Reynaldo","202028021","Democrat",NA,NA
"3676","NV",2,2020,"H2NV02395","Amodei, Mark","202028020","Republican",0.321966289553252,"A000369"
"3677","NV",2,2020,"H6NV02255","Shepherd, Rick","202028021","Democrat",-0.65917536544568,NA
"3678","NV",2,2020,"H8NV02095","Koble, Clint","202028021","Democrat",-1.33746392702471,NA
"3679","NV",2,2020,"H8NV02129","Hurley, Jesse","202028020","Republican",NA,NA
"3680","NV",2,2020,"H8NV02137","Beck, Joel","202028020","Republican",1.15500125847478,NA
"3681","NV",2,2020,"H8NV02145","Luetkehans, Ian","202028021","Democrat",NA,NA
"3682","NV",2,2020,NA,"Schiffman, Steven M.","202028021","Democrat",-0.948272091086193,NA
"3683","NV",2,2022,"H2NV02395","Mark Amodei","202228020","Republican",0.412178258968737,"A000369"
"3684","NV",2,2022,"H2NV02502","Tim Hanifan","202228021","Democrat",-1.03467299100269,NA
"3685","NV",2,2022,"H2NV02528","Michael Doucette","202228021","Democrat",NA,NA
"3686","NV",2,2022,"H2NV02536","Josy Afzal","202228021","Democrat",-0.2287393238932,NA
"3687","NV",2,2022,"H2NV02544","Danny Tarkanian","202228020","Republican",1.51054032716761,NA
"3688","NV",2,2022,"H2NV02551","Elizabeth Krause","202228021","Democrat",-0.856834939428616,NA
"3689","NV",2,2022,"H8NV02137","Joel Beck","202228020","Republican",0.898856999169512,NA
"3690","NV",2,2022,NA,"Brian Hansen","202228021","Democrat",NA,NA
"3691","NV",2,2022,NA,"Brian Nadell","202228020","Republican",0.808058130236945,NA
"3692","NV",2,2022,NA,"Catherine Sampson","202228020","Republican",NA,NA
"3693","NV",2,2022,NA,"Gerold Gorman","202228021","Democrat",-0.790488250421313,NA
"3694","NV",2,2022,NA,"Rahul Joshi","202228021","Democrat",-0.863032643372543,NA
"3695","NV",3,2018,"H2NV04045","Tarkanian, Danny","201828030","Republican",0.949305586393428,NA
"3696","NV",3,2018,"H6NV03097","Teijeiro, Annette","201828030","Republican",0.457076246940501,NA
"3697","NV",3,2018,"H6NV03154","Schiffman, Steven","201828031","Democrat",-0.5156720313212,NA
"3698","NV",3,2018,"H6NV04020","Lee, Susie","201828031","Democrat",-0.555455784169657,"L000590"
"3699","NV",3,2018,"H8NV03101","Hart, Richard","201828031","Democrat",NA,NA
"3700","NV",3,2018,"H8NV03119","Hammond, Scott","201828030","Republican",NA,NA
"3701","NV",3,2018,"H8NV03135","Hamilton, Eddie","201828030","Republican",NA,NA
"3702","NV",3,2018,"H8NV03150","McKeon, David","201828030","Republican",0.530106576690379,NA
"3703","NV",3,2018,"H8NV03168","Weiss, Michael","201828031","Democrat",-0.876985505923436,NA
"3704","NV",3,2018,"H8NV03192","Love, Jack","201828031","Democrat",-1.37191974878305,NA
"3705","NV",3,2018,"H8NV03218","Mortensen, Michelle","201828030","Republican",0.207279741927621,NA
"3706","NV",3,2018,"H8NV03226","Pinjuv, Guy","201828031","Democrat",-0.737885157725386,NA
"3707","NV",3,2018,"H8NV03234","Jones, Stephanie","201828030","Republican",0.0239151957271466,NA
"3708","NV",3,2018,"H8NV03259","Carter, Patrick","201828030","Republican",-0.02391176983352,NA
"3709","NV",3,2018,"H8NV03283","Stoltz, Eric","201828031","Democrat",NA,NA
"3710","NV",3,2018,"H8NV03291","La Croix, Thomas","201828030","Republican",NA,NA
"3711","NV",3,2020,"H0NV03116","Schwartz, Dan","202028030","Republican",0.566071161415685,NA
"3712","NV",3,2020,"H0NV03132","Rodimer, Dan","202028030","Republican",1.26515684610313,NA
"3713","NV",3,2020,"H0NV03140","Newberry, Corwin","202028030","Republican",-0.238668979469906,NA
"3714","NV",3,2020,"H0NV03173","Robinson, Mindy","202028030","Republican",0.75060125662398,NA
"3715","NV",3,2020,"H0NV03181","Sullivan, Dennis John","202028031","Democrat",-0.361768646814665,NA
"3716","NV",3,2020,"H0NV03199","Watson, Tiffany Ann","202028031","Democrat",NA,NA
"3717","NV",3,2020,"H0NV03207","Nadell, Brian","202028030","Republican",0.714632534698002,NA
"3718","NV",3,2020,"H6NV04020","Lee, Susie","202028031","Democrat",NA,"L000590"
"3719","NV",3,2020,NA,"Willert, Victor R.","202028030","Republican",-0.443597269820722,NA
"3720","NV",3,2022,"H2NV03161","April Becker","202228030","Republican",1.02019936075759,NA
"3721","NV",3,2022,"H2NV03187","Noah Malgeri","202228030","Republican",0.885778747988652,NA
"3722","NV",3,2022,"H2NV03195","John Kovacs","202228030","Republican",NA,NA
"3723","NV",3,2022,"H2NV03203","Clark Bossert","202228030","Republican",0.0936488762863941,NA
"3724","NV",3,2022,"H2NV03211","Randell Hynes","202228031","Democrat",-0.167608525132584,NA
"3725","NV",3,2022,"H2NV03245","Albert Goldberg","202228030","Republican",NA,NA
"3726","NV",3,2022,"H6NV04020","Susie Lee","202228031","Democrat",NA,"L000590"
"3727","NV",4,2018,"H2NV02387","Zeller, Sid","201828041","Democrat",NA,NA
"3728","NV",4,2018,"H2NV04011","Horsford, Steven","201828041","Democrat",NA,"H001066"
"3729","NV",4,2018,"H4NV04033","Monroe, Mike","201828040","Republican",NA,NA
"3730","NV",4,2018,"H8NV04018","Vilela, Amy","201828041","Democrat",-1.00505921722248,NA
"3731","NV",4,2018,"H8NV04034","Anzalone, John","201828041","Democrat",-0.510919465452654,NA
"3732","NV",4,2018,"H8NV04042","Spearman, Patricia","201828041","Democrat",-0.656676643720922,NA
"3733","NV",4,2018,"H8NV04059","Hardy, Cresent","201828040","Republican",0.630104487737184,NA
"3734","NV",4,2018,"H8NV04075","Wegner, Kenneth","201828040","Republican",0.594451543325347,NA
"3735","NV",4,2018,"H8NV04083","Gibbs, David","201828040","Republican",1.0520396784442,NA
"3736","NV",4,2018,"H8NV04109","Townsend, Bill","201828040","Republican",NA,NA
"3737","NV",4,2018,"H8NV04117","Stephens, Allison","201828041","Democrat",-0.532759289309159,NA
"3738","NV",4,2018,NA,"Miller, Jeff","201828040","Republican",0.553773891612534,NA
"3739","NV",4,2020,"H0NV04015","Marchant, Jim","202028040","Republican",0.729021440864673,NA
"3740","NV",4,2020,"H0NV04023","Peters, Samuel James","202028040","Republican",0.959777415112756,NA
"3741","NV",4,2020,"H0NV04031","Navarro, Charles","202028040","Republican",0.145892538635932,NA
"3742","NV",4,2020,"H0NV04056","Sutton, Lisa Song","202028040","Republican",1.14956718661532,NA
"3743","NV",4,2020,"H0NV04064","Blundo, Leo","202028040","Republican",0.926207187046452,NA
"3744","NV",4,2020,"H0NV04072","Reed, Randi","202028040","Republican",0.551961286361435,NA
"3745","NV",4,2020,"H0NV04114","Wood, Rebecca","202028040","Republican",0.740659770763807,NA
"3746","NV",4,2020,"H0NV04122","Kempton, Gregory","202028041","Democrat",-0.434893868373359,NA
"3747","NV",4,2020,"H0NV04130","D'ayr, Steffanie Gabrielle","202028041","Democrat",-0.696022993731283,NA
"3748","NV",4,2020,"H0NV04148","Colley, Chris","202028041","Democrat",-0.203958629170238,NA
"3749","NV",4,2020,"H0NV04155","Eason, Jennifer","202028041","Democrat",-0.608705137076081,NA
"3750","NV",4,2020,"H0NV04163","Bingham, Rosalie","202028040","Republican",0.286563340412933,NA
"3751","NV",4,2020,"H2NV04011","Horsford, Steven A.","202028041","Democrat",-0.0477989596883693,"H001066"
"3752","NV",4,2020,NA,"Brucato, George James","202028041","Democrat",NA,NA
"3753","NV",4,2022,"H0NV04023","Sam Peters","202228040","Republican",0.645634194549789,NA
"3754","NV",4,2022,"H2NV04011","Steven Horsford","202228041","Democrat",-0.91460409705279,"H001066"
"3755","NV",4,2022,"H2NV04110","Chance Bonaventura","202228040","Republican",0.636053337974405,NA
"3756","NV",4,2022,"H2NV04128","Ann Black","202228040","Republican",0.965226996225554,NA
"3757","NY",1,2018,"H2NY01042","Viloria-Fisher, Vivian","201832011","Democrat",-0.800962149128821,NA
"3758","NY",1,2018,"H8NY01148","Zeldin, Lee","201832010","Republican",-0.28701419495883,"Z000017"
"3759","NY",1,2018,"H8NY01155","Gershon, Perry","201832011","Democrat",-0.642536622515769,NA
"3760","NY",1,2018,"H8NY01163","Pechefsky, David","201832011","Democrat",-0.922090705088427,NA
"3761","NY",1,2018,"H8NY01189","Di Masi, Elaine","201832011","Democrat",-0.775174823473689,NA
"3762","NY",1,2018,"H8NY01197","Browning, Kate","201832011","Democrat",-1.00444389695242,NA
"3763","NY",1,2020,"H0NY01186","Goroff, Nancy","202032011","Democrat",-1.08919359662955,NA
"3764","NY",1,2020,"H0NY01202","Fleming, Bridget M","202032011","Democrat",-0.743898288547983,NA
"3765","NY",1,2020,"H0NY01210","Fischer, Gregory John","202032011","Democrat",NA,NA
"3766","NY",1,2020,"H8NY01148","Zeldin, Lee M.","202032010","Republican",-0.16674688501552,"Z000017"
"3767","NY",1,2020,"H8NY01155","Gershon, Perry","202032011","Democrat",-0.899765669850709,NA
"3768","NY",1,2022,"H0NY01202","Bridget Fleming","202232011","Democrat",-1.03856227217348,NA
"3769","NY",1,2022,"H2NY01174","Anthony Filiola","202232010","Republican",0.436546775999806,NA
"3770","NY",1,2022,"H2NY01190","Nick LaLota","202232010","Republican",0.572325352303941,"L000598"
"3771","NY",1,2022,"H2NY01257","Micheele Bond","202232010","Republican",0.796662385854121,NA
"3772","NY",2,2018,"H2NY03089","King, Peter","201832020","Republican",0.202024272049999,"K000210"
"3773","NY",2,2018,"H6NY02124","Gregory, Du Wayne","201832021","Democrat",NA,NA
"3774","NY",2,2018,"H8NY02104","Shirley, Liuba Grechen","201832021","Democrat",-1.01275249247666,NA
"3775","NY",2,2020,"H0NY02192","Gordon, Jackie","202032021","Democrat",-0.764040263682891,NA
"3776","NY",2,2020,"H0NY02234","Garbarino, Andrew","202032020","Republican",-0.752987091367551,"G000597"
"3777","NY",2,2020,"H0NY02242","Maher, Patricia M.","202032021","Democrat",NA,NA
"3778","NY",2,2020,"H0NY02267","LiPetri, Michael","202032020","Republican",-0.0751696499169495,NA
"3779","NY",2,2022,"H0NY02192","Jackie Godron","202232021","Democrat",-0.640375724082714,NA
"3780","NY",2,2022,"H0NY02234","Andrew Garbarino","202232020","Republican",0.636729805511389,"G000597"
"3781","NY",2,2022,"H2NY01158","Robert Cornicelli","202232020","Republican",0.838530250062088,NA
"3782","NY",2,2022,"H2NY02131","Mike Rakebrandt","202232020","Republican",0.443966920252307,NA
"3783","NY",3,2018,"H6NY03247","Suozzi, Tom","201832031","Democrat",-0.47765780672388,"S001201"
"3784","NY",3,2018,"H8NY03151","DeBono, Dan","201832030","Republican",0.531664959090195,NA
"3785","NY",3,2020,"H0NY03059","Weinstock, Michael S.","202032031","Democrat",-0.650068588729067,NA
"3786","NY",3,2020,"H0NY03075","D'Arrigo, Melanie","202032031","Democrat",-0.582195115372545,NA
"3787","NY",3,2020,"H0NY03083","Devolder-Santos, George Anthony","202032030","Republican",0.0747489379693735,NA
"3788","NY",3,2020,"H6NY03247","Suozzi, Thomas R.","202032031","Democrat",-0.485219544740325,"S001201"
"3789","NY",3,2022,"H0NY03075","Melanie D'Arrigo","202232031","Democrat",-1.01999435729341,NA
"3790","NY",3,2022,"H0NY03083","George Santos","202232030","Republican",NA,"S001222"
"3791","NY",3,2022,"H2NY03154","Reema Rassol","202232031","Democrat",-1.28670575314101,NA
"3792","NY",3,2022,"H2NY03162","Josh Lafazan","202232031","Democrat",-0.744545988937623,NA
"3793","NY",3,2022,"H2NY03170","Jon Kaiman","202232031","Democrat",-0.611020670217257,NA
"3794","NY",3,2022,"H2NY03188","Rob Zimmerman","202232031","Democrat",-1.13163144553657,NA
"3795","NY",4,2018,"H4NY04075","Rice, Kathleen","201832041","Democrat",-0.889057864832782,"R000602"
"3796","NY",4,2018,"H8NY04084","Benno, Ameer","201832040","Republican",0.357505875147534,NA
"3797","NY",4,2020,"H0NY04149","Grosz, Cindy","202032040","Republican",0.388235527912568,NA
"3798","NY",4,2020,"H0NY04156","Tuman, Douglas","202032040","Republican",-0.281383179000822,NA
"3799","NY",4,2020,"H4NY04075","Rice, Kathleen M.","202032041","Democrat",-0.771323763626081,"R000602"
"3800","NY",4,2022,"H2NY02115","Muzib Hug","202232041","Democrat",-0.82995293156265,NA
"3801","NY",4,2022,"H2NY04236","Carrie Solages","202232041","Democrat",-0.743721971860541,NA
"3802","NY",4,2022,"H2NY04244","Laura Gillen","202232041","Democrat",-0.586409387058737,NA
"3803","NY",4,2022,"H2NY04269","Keith Corbett","202232041","Democrat",-0.179893938048332,NA
"3804","NY",4,2022,"H2NY04277","Anthony D'Esposito","202232040","Republican",1.07225235527959,"D000632"
"3805","NY",5,2018,"H8NY05107","Achille, Carl","201832051","Democrat",-0.752262820715928,NA
"3806","NY",5,2018,"H8NY05123","Chaudhury, Mizan","201832051","Democrat",-0.80730555635518,NA
"3807","NY",5,2018,"H8NY06048","Meeks, Gregory","201832051","Democrat",NA,"M001137"
"3808","NY",5,2020,"H0NY05070","Chowdhury, Shaniyat","202032051","Democrat",-1.18911467811004,NA
"3809","NY",5,2020,"H8NY06048","Meeks, Gregory W.","202032051","Democrat",NA,"M001137"
"3810","NY",5,2022,"H2NY05126","Paul King","202232050","Republican",-0.119077721456676,NA
"3811","NY",5,2022,"H8NY06048","Gregory Meeks","202232051","Democrat",-0.930504248254668,"M001137"
"3812","NY",6,2018,"H2NY06116","Meng, Grace","201832061","Democrat",-0.84257345039393,"M001188"
"3813","NY",6,2020,"H0NY06060","Choi, Sandra","202032061","Democrat",-0.772065629180301,NA
"3814","NY",6,2020,"H0NY06078","Gagarin, Melquiades","202032061","Democrat",NA,NA
"3815","NY",6,2020,"H0NY06086","Zmich, ThomasÊ","202032060","Republican",1.07369922166967,NA
"3816","NY",6,2020,"H2NY06116","Meng, Grace","202032061","Democrat",-1.06018139382256,"M001188"
"3817","NY",6,2022,"H0NY06086","Thomas Zmich","202232060","Republican",NA,NA
"3818","NY",6,2022,"H2NY06116","Grace Meng","202232061","Democrat",-1.10124566002865,"M001188"
"3819","NY",7,2018,"H2NY00010","Velazquez, Nydia","201832071","Democrat",-0.961167151353117,"V000081"
"3820","NY",7,2020,"H0NY07092","Prince, Paperboy Love","202032071","Democrat",-0.171551560632089,NA
"3821","NY",7,2020,"H0NY07118","Kelly, Brian","202032070","Republican",NA,NA
"3822","NY",7,2020,"H2NY00010","Velazquez, Nydia","202032071","Democrat",-0.940198868507258,"V000081"
"3823","NY",7,2022,"H0NY07092","Paperboy Prince","202232071","Democrat",-0.690572653299419,NA
"3824","NY",7,2022,"H2NY00010","Nydia Velazquez","202232071","Democrat",-0.916947987478136,"V000081"
"3825","NY",7,2022,"H2NY07064","Juan Pagan","202232070","Republican",-0.387428638702184,NA
"3826","NY",8,2018,"H2NY10092","Jeffries, Hakeem","201832081","Democrat",-0.0251659511968845,"J000294"
"3827","NY",8,2020,"H0NY08108","Wallace, Garfield","202032080","Republican",NA,NA
"3828","NY",8,2020,"H2NY10092","Jeffries, Hakeem","202032081","Democrat",-0.2088493265202,"J000294"
"3829","NY",8,2022,"H2NY08161","Queen Johnson","202232081","Democrat",-1.04361732700824,NA
"3830","NY",8,2022,"H2NY08187","Yuri Dashevsky","202232080","Republican",0.342236705898751,NA
"3831","NY",8,2022,"H2NY10092","Hakeem Jeffries","202232081","Democrat",-0.377544723269932,"J000294"
"3832","NY",9,2018,"H4NY11138","Clarke, Yvette","201832091","Democrat",-0.518308796182552,"C001067"
"3833","NY",9,2018,"H8NY09158","Bunkeddeko, Adem","201832091","Democrat",-1.11669011292105,NA
"3834","NY",9,2018,"H8NY09174","Gayot, Lutchi","201832090","Republican",-0.284141550708966,NA
"3835","NY",9,2020,"H0NY09080","James, Isiah","202032091","Democrat",-1.16999306155729,NA
"3836","NY",9,2020,"H0NY09114","Deutsch, Chaim M.","202032091","Democrat",NA,NA
"3837","NY",9,2020,"H0NY09122","Jean-Pierre, Constantin","202032090","Republican",0.188165691030726,NA
"3838","NY",9,2020,"H4NY11138","Clarke, Yvette D.","202032091","Democrat",-1.06005218060266,"C001067"
"3839","NY",9,2020,"H8NY09158","Bunkeddeko, Adem","202032091","Democrat",-1.2990780001354,NA
"3840","NY",9,2020,"H8NY09174","Gayot, Lutchi","202032091","Democrat",-0.713968517686053,NA
"3841","NY",9,2022,"H4NY11138","Yvette Clark","202232091","Democrat",-1.30407031093656,"C001067"
"3842","NY",10,2018,"H2NY17071","Nadler, Jerrold","201832101","Democrat",-0.410945501582931,"N000002"
"3843","NY",10,2018,"H8NY10099","Levin, Naomi","201832100","Republican",-0.0398999726000249,NA
"3844","NY",10,2020,"H0NY10070","Lindsey Boylan","202032101","Democrat",-1.06284942373232,NA
"3845","NY",10,2020,"H0NY10096","Jonathan Herzog","202032101","Democrat",-1.01641003599484,NA
"3846","NY",10,2020,"H0NY10112","Bernstein, Cathy","202032100","Republican",-0.411601155701885,NA
"3847","NY",10,2020,"H2NY17071","Nadler, Jerrold","202032101","Democrat",-0.404778811730865,"N000002"
"3848","NY",10,2022,"H0NY17174","Mondaire Jones","202232101","Democrat",-1.33511781887033,NA
"3849","NY",10,2022,"H2NY01166","Yan Xiong","202232101","Democrat",-0.663815930317982,NA
"3850","NY",10,2022,"H2NY10134","Benine Hamdan","202232100","Republican",-0.48465227511198,NA
"3851","NY",10,2022,"H2NY10142","Brian Robinson","202232101","Democrat",0.0179733738566485,NA
"3852","NY",10,2022,"H2NY10159","Maud Maron","202232101","Democrat",-0.41479973956165,NA
"3853","NY",10,2022,"H2NY10241","Yuh-Line Nious","202232101","Democrat",-1.0728437963314,NA
"3854","NY",10,2022,"H2NY10266","Jo Anne Simon","202232101","Democrat",-1.15874934215611,NA
"3855","NY",10,2022,"H2NY10274","Jimmy Li","202232101","Democrat",-0.921414185958445,NA
"3856","NY",10,2022,"H2NY10282","Bill de Blasio","202232101","Democrat",NA,NA
"3857","NY",10,2022,"H2NY10308","Dan Goldman","202232101","Democrat",-0.87465183655105,"G000599"
"3858","NY",10,2022,"H2NY10316","Liz Holtzman","202232101","Democrat",-1.05866854584461,NA
"3859","NY",10,2022,"H2NY10324","Carlina Rivera","202232101","Democrat",-1.27491180105374,NA
"3860","NY",10,2022,"H2NY10332","Quanda Francis","202232101","Democrat",-0.610070888713018,NA
"3861","NY",10,2022,NA,"Peter Gleason","202232101","Democrat",NA,NA
"3862","NY",11,2018,"H0NY13074","Grimm, Michael","201832110","Republican",NA,NA
"3863","NY",11,2018,"H6NY11174","Donovan, Dan","201832110","Republican",0.439371419509853,NA
"3864","NY",11,2018,"H8NY11071","Emig, Zach","201832111","Democrat",-0.0452826235739875,NA
"3865","NY",11,2018,"H8NY11089","Devito, Michael","201832111","Democrat",-0.917493064984314,NA
"3866","NY",11,2018,"H8NY11105","Vaid, Omar","201832111","Democrat",-0.616274462380091,NA
"3867","NY",11,2018,"H8NY11113","Rose, Max","201832111","Democrat",-0.520485657490842,"R000613"
"3868","NY",11,2018,"H8NY11121","Sperling, Paul","201832111","Democrat",-0.829169101577995,NA
"3869","NY",11,2018,"H8NY11139","Mohan, Radhakrishna","201832111","Democrat",NA,NA
"3870","NY",11,2020,"H0NY11078","Malliotakis, Nicole","202032110","Republican",-0.191214829672124,"M000317"
"3871","NY",11,2020,"H0NY11094","Caldarera, Joseph Matthew","202032110","Republican",1.01879472137794,NA
"3872","NY",11,2020,"H8NY11113","Rose, Max","202032111","Democrat",-0.51160787609811,NA
"3873","NY",11,2022,"H0NY11078","Nicole Malliotakis","202232110","Republican",0.0996898346419256,"M000317"
"3874","NY",11,2022,"H2NY11124","Brittany DeBarros","202232111","Democrat",-0.984370367583181,NA
"3875","NY",11,2022,"H2NY11140","Max Rose","202232111","Democrat",-0.832649946051128,NA
"3876","NY",11,2022,"H2NY11157","John Matland","202232110","Republican",0.368604093187158,NA
"3877","NY",11,2022,"H2NY11165","Komi Agoda-Koussema","202232111","Democrat",NA,NA
"3878","NY",12,2018,"H2NY14037","Maloney, Carolyn","201832121","Democrat",-0.918931311819635,"M000087"
"3879","NY",12,2018,"H8NY12145","Rabin, Eliot","201832120","Republican",NA,NA
"3880","NY",12,2018,NA,"Patel, Suraj","201832121","Democrat",-1.06486435696382,NA
"3881","NY",12,2020,"H0NY12175","Ashcraft, Lauren","202032121","Democrat",-1.04668373691606,NA
"3882","NY",12,2020,"H0NY12191","Harrison, Peter","202032121","Democrat",-1.43775568991966,NA
"3883","NY",12,2020,"H0NY12209","Santiago-Cano, Carlos","202032120","Republican",-0.100157339610598,NA
"3884","NY",12,2020,"H2NY14037","Maloney, Carolyn B.","202032121","Democrat",-0.947675916363579,"M000087"
"3885","NY",12,2020,"H8NY12129","Patel, Suraj","202032121","Democrat",-0.981894038402266,NA
"3886","NY",12,2022,"H2NY10126","Ashmi Sheth","202232121","Democrat",-1.09990483612853,NA
"3887","NY",12,2022,"H2NY12221","Mike Zumbluskas","202232120","Republican",-0.333134420024847,NA
"3888","NY",12,2022,"H2NY14037","Carolyn Maloney","202232121","Democrat",-0.909123394898284,NA
"3889","NY",12,2022,"H2NY17071","Jerrold Nadler","202232121","Democrat",-0.640630643347139,"N000002"
"3890","NY",12,2022,"H8NY12129","Suraj Patel","202232121","Democrat",-1.18408681127587,NA
"3891","NY",13,2018,"H2NY13096","Espaillat, Adriano","201832131","Democrat",-0.636583728201864,"E000297"
"3892","NY",13,2018,"H8NY13150","Butler, Jineea","201832130","Republican",-0.528350561774349,NA
"3893","NY",13,2020,"H0NY13124","Keith, James Felton II","202032131","Democrat",-0.634416236966154,NA
"3894","NY",13,2020,"H0NY13140","Rodriguez, Ramon","202032131","Democrat",NA,NA
"3895","NY",13,2020,"H0NY13165","Gwinn, LovelynnÊ","202032130","Republican",0.250553006413383,NA
"3896","NY",13,2020,"H2NY13096","Espaillat, Adriano","202032131","Democrat",-0.279270642998144,"E000297"
"3897","NY",13,2022,"H2NY13096","Adirano Espaillat","202232131","Democrat",-0.417385061484499,"E000297"
"3898","NY",13,2022,NA,"Mike Hano","202232131","Democrat",NA,NA
"3899","NY",13,2022,NA,"Francisco Spies","202232131","Democrat",NA,NA
"3900","NY",14,2018,"H8NY07046","Crowley, Joseph","201832141","Democrat",-0.491163691267041,NA
"3901","NY",14,2018,"H8NY14133","Pappas, Anthony","201832140","Republican",NA,NA
"3902","NY",14,2018,"H8NY15148","Ocasio-Cortez, Alexandria","201832141","Democrat",-1.18294080437416,"O000172"
"3903","NY",14,2020,"H0NY14296","Cummings, John C.","202032140","Republican",0.391035049053981,NA
"3904","NY",14,2020,"H0NY14304","Khan, Badrun","202032141","Democrat",-0.862082149172105,NA
"3905","NY",14,2020,"H0NY14346","Caruso-Cabrera, Michelle","202032141","Democrat",NA,NA
"3906","NY",14,2020,"H4NY10098","Sloan, Sam","202032141","Democrat",NA,NA
"3907","NY",14,2020,"H8NY15148","Ocasio-Cortez, Alexandria","202032141","Democrat",-1.15063644576724,"O000172"
"3908","NY",14,2022,"H2NY14094","Desi Cuellar","202232140","Republican",0.332061565139865,NA
"3909","NY",14,2022,"H2NY14128","Tina Forte","202232140","Republican",0.513222621612025,NA
"3910","NY",14,2022,"H8NY15148","Alexandia Ocasio-Cortez","202232141","Democrat",-1.10456524217628,"O000172"
"3911","NY",15,2018,"H0NY18065","Serrano, Jose","201832151","Democrat",-0.495828949065217,"S000248"
"3912","NY",15,2018,"H8NY15155","Gonzalez, Jason D","201832150","Republican",NA,NA
"3913","NY",15,2020,"H0NY15160","Torres, Ritchie John","202032151","Democrat",NA,"T000486"
"3914","NY",15,2020,"H0NY15178","Ramos, Tomas","202032151","Democrat",-1.06209427823467,NA
"3915","NY",15,2020,"H0NY15186","Diaz, Ruben","202032151","Democrat",NA,NA
"3916","NY",15,2020,"H0NY15194","Blake, Michael Alexander","202032151","Democrat",-1.03197609947745,NA
"3917","NY",15,2020,"H0NY15236","Basora, Frangell","202032151","Democrat",-0.693231520199156,NA
"3918","NY",15,2020,"H0NY15244","Mark-Viverito, Melissa","202032151","Democrat",NA,NA
"3919","NY",15,2020,"H0NY15269","Rodriguez, Ydanis","202032151","Democrat",-1.12264210934186,NA
"3920","NY",15,2020,"H0NY15277","Lopez, Samelys","202032151","Democrat",-1.03130886619575,NA
"3921","NY",15,2020,"H0NY15285","Pabon, Julio","202032151","Democrat",-0.711922324452447,NA
"3922","NY",15,2020,"H0NY15293","Newsome, Chivona Renee","202032151","Democrat",-1.34375530232253,NA
"3923","NY",15,2020,"H0NY15301","Tapper, Marlene","202032151","Democrat",-0.834149671785995,NA
"3924","NY",15,2020,"H0NY15319","Escoffery-Bey, Mark","202032151","Democrat",-1.25962990687805,NA
"3925","NY",15,2020,"H0NY15327","Molina, Orlando","202032150","Republican",NA,NA
"3926","NY",15,2022,"H0NY15160","Ritchie Torres","202232151","Democrat",-0.771703198470318,"T000486"
"3927","NY",15,2022,"H6NY16140","Stylo Sapaskis","202232150","Republican",NA,NA
"3928","NY",16,2018,"H6NY16132","Lawrence, Derickson","201832161","Democrat",-0.419474380677908,NA
"3929","NY",16,2018,"H8NY16096","Lewis, Jonathan","201832161","Democrat",-0.708636881650749,NA
"3930","NY",16,2018,"H8NY19058","Engel, Eliot","201832161","Democrat",-0.520120904530414,"E000179"
"3931","NY",16,2018,NA,"Briscoe, Joyce","201832161","Democrat",NA,NA
"3932","NY",16,2020,"H0NY16135","Ghebreghiorgis, Andom A.","202032161","Democrat",NA,NA
"3933","NY",16,2020,"H0NY16143","Bowman, Jamaal","202032161","Democrat",-1.06254567115785,"B001223"
"3934","NY",16,2020,"H0NY16150","Ravelo, Samuel","202032161","Democrat",-0.982972842082717,NA
"3935","NY",16,2020,"H0NY16168","Fink, Chris","202032161","Democrat",-0.67374226517976,NA
"3936","NY",16,2020,"H8NY19058","Engel, Eliot L.","202032161","Democrat",-0.926176730041352,NA
"3937","NY",16,2022,"H0NY16143","Jamaal Bowman","202232161","Democrat",-1.27081269951332,"B001223"
"3938","NY",16,2022,"H0NY17281","Catherine Parker","202232161","Democrat",-0.820419843855042,NA
"3939","NY",16,2022,"H2NY16081","Vedat Gashi","202232161","Democrat",-0.245232393907806,NA
"3940","NY",16,2022,"H2NY16107","Mark Jaffe","202232161","Democrat",-0.461595895056369,NA
"3941","NY",16,2022,"H2NY16115","Miriam Levitt Flisser","202232160","Republican",NA,NA
"3942","NY",17,2018,"H8NY20056","Lowey, Nita","201832171","Democrat",-0.542558615396994,"L000480"
"3943","NY",17,2020,"H0NY17174","Jones, Mondaire","202032171","Democrat",-1.21051929531038,"J000306"
"3944","NY",17,2020,"H0NY17190","Buchwald, David","202032171","Democrat",-0.802870523879337,NA
"3945","NY",17,2020,"H0NY17224","Carlucci, David","202032171","Democrat",-0.846192723099215,NA
"3946","NY",17,2020,"H0NY17240","Fine, Allison","202032171","Democrat",-0.781515097876184,NA
"3947","NY",17,2020,"H0NY17257","Castleberry-Hernandez, Asha","202032171","Democrat",-1.05325066865428,NA
"3948","NY",17,2020,"H0NY17265","Farkas, Evelyn","202032171","Democrat",NA,NA
"3949","NY",17,2020,"H0NY17273","Schleifer, Adam","202032171","Democrat",-0.866380559174809,NA
"3950","NY",17,2020,"H0NY17281","Parker, Catherine F.","202032171","Democrat",-0.729898828393637,NA
"3951","NY",17,2020,"H0NY17307","Gottesfeld, Yehudis","202032170","Republican",0.625740117110394,NA
"3952","NY",17,2020,"H0NY17315","McArdle Schulman, Maureen B.","202032170","Republican",0.558107960273372,NA
"3953","NY",17,2022,"H2NY03196","Alessandra Biaggi","202232171","Democrat",-1.01711318714447,NA
"3954","NY",17,2022,"H2NY17162","Mike Lawler","202232170","Republican",0.40863071291371,"L000599"
"3955","NY",17,2022,"H2NY17170","Shoshana David","202232170","Republican",NA,NA
"3956","NY",17,2022,"H2NY22139","Sean Maloney","202232171","Democrat",-1.27274827521741,NA
"3957","NY",17,2022,NA,"Charles Falciglia","202232170","Republican",-0.0178951784460639,NA
"3958","NY",17,2022,NA,"Jack Schrepel","202232170","Republican",NA,NA
"3959","NY",17,2022,NA,"William Faulkner","202232170","Republican",0.855443954473302,NA
"3960","NY",18,2018,"H2NY22139","Maloney, Sean","201832181","Democrat",-0.499127832771764,"M001185"
"3961","NY",18,2018,"H8NY18274","O'Donnell, James","201832180","Republican",0.0234925986347398,NA
"3962","NY",18,2020,"H0NY18172","Farley, Chele C.","202032180","Republican",0.381628302771164,NA
"3963","NY",18,2020,"H2NY22139","Maloney, Sean","202032181","Democrat",-0.594070683598266,"M001185"
"3964","NY",18,2022,"H2NY18087","Colin Schmitt","202232180","Republican",0.740943854855649,NA
"3965","NY",18,2022,"H2NY18111","Aisha Mills","202232181","Democrat",NA,NA
"3966","NY",18,2022,"H8NY19223","Pat Ryan","202232181","Democrat",-0.470548380087635,"R000579"
"3967","NY",18,2022,NA,"Moses Mugulusi","202232181","Democrat",-0.952465361740099,NA
"3968","NY",19,2018,"H6NY19169","Faso, John","201832190","Republican",-0.0631437817177518,NA
"3969","NY",19,2018,"H8NY19173","Flynn, Brian","201832191","Democrat",-1.09802364277683,NA
"3970","NY",19,2018,"H8NY19181","Delgado, Antonio","201832191","Democrat",-0.63032332212806,"D000630"
"3971","NY",19,2018,"H8NY19199","Rhodes, Gareth","201832191","Democrat",-1.1176659045908,NA
"3972","NY",19,2018,"H8NY19215","Beals, Jeff","201832191","Democrat",-0.807873300439281,NA
"3973","NY",19,2018,"H8NY19223","Ryan, Pat","201832191","Democrat",-0.951425472024937,NA
"3974","NY",19,2018,"H8NY19231","Clegg, Dave","201832191","Democrat",-1.02865684255676,NA
"3975","NY",19,2018,"H8NY19256","Collier, Erin","201832191","Democrat",-1.23811470398415,NA
"3976","NY",19,2020,"H0NY19188","Hawatmeh, Ola","202032190","Republican",1.0549814868761,NA
"3977","NY",19,2020,"H0NY19204","Van De Water, Kyle","202032190","Republican",0.529996138871998,NA
"3978","NY",19,2020,"H8NY19181","Delgado, Antonio","202032191","Democrat",-0.810013628425648,"D000630"
"3979","NY",19,2022,"H2NY19127","Marc Molinaro","202232190","Republican",-0.199366993379303,"M001221"
"3980","NY",19,2022,"H2NY19135","Jamie Cheney","202232191","Democrat",-1.04830991520938,NA
"3981","NY",19,2022,"H8NY22177","Josh Riley","202232191","Democrat",-1.06708750463403,NA
"3982","NY",20,2018,"H6NY20209","Vitollo, Joe","201832200","Republican",0.744184372989065,NA
"3983","NY",20,2018,"H8NY21203","Tonko, Paul","201832201","Democrat",-0.304068009443371,"T000469"
"3984","NY",20,2020,"H0NY20111","Joy, Elizabeth L.","202032200","Republican",NA,NA
"3985","NY",20,2020,"H8NY21203","Tonko, Paul D.","202032201","Democrat",-0.434468899403061,"T000469"
"3986","NY",20,2022,"H0NY20111","Liz Joy","202232200","Republican",NA,NA
"3987","NY",20,2022,"H2NY20125","Slava Rar","202232201","Democrat",-0.851091159604217,NA
"3988","NY",20,2022,"H8NY21203","Paul Tonko","202232201","Democrat",-0.300143417177994,"T000469"
"3989","NY",21,2018,"H2NY21115","Nelson, Patrick","201832211","Democrat",-0.935697488997345,NA
"3990","NY",21,2018,"H4NY21079","Stefanik, Elise","201832210","Republican",0.0699610420711372,"S001196"
"3991","NY",21,2018,"H8NY21245","Cobb, Tedra","201832211","Democrat",-0.894608202613232,NA
"3992","NY",21,2018,"H8NY21252","Wilson, Katie","201832211","Democrat",-0.834152277335855,NA
"3993","NY",21,2018,"H8NY21260","Martz, Emily","201832211","Democrat",-1.11428577239775,NA
"3994","NY",21,2018,"H8NY21286","Boyajian, Don","201832211","Democrat",-0.83117427973763,NA
"3995","NY",21,2018,"H8NY21344","Ratigan, Dylan","201832211","Democrat",NA,NA
"3996","NY",21,2020,"H4NY21079","Stefanik, Elise","202032210","Republican",-0.0267779647524539,"S001196"
"3997","NY",21,2020,"H8NY21245","Cobb, Tedra Lynn","202032211","Democrat",-0.900074768569064,NA
"3998","NY",21,2022,"H2NY21149","Matt Putorti","202232211","Democrat",NA,NA
"3999","NY",21,2022,"H2NY21164","Matt Castelli","202232211","Democrat",-0.0367564001234355,NA
"4000","NY",21,2022,"H4NY21079","Elise Stefanik","202232210","Republican",-0.155390730160025,"S001196"
"4001","NY",22,2018,"H4NY22051","Tenney, Claudia","201832220","Republican",1.04879279869089,NA
"4002","NY",22,2018,"H8NY22151","Brindisi, Anthony","201832221","Democrat",-0.67582393262845,"B001308"
"4003","NY",22,2020,"H4NY22051","Tenney, Claudia","202032220","Republican",0.992656596648723,"T000478"
"4004","NY",22,2020,"H6NY22098","Phillips, George K.","202032220","Republican",1.0661121479484,NA
"4005","NY",22,2020,"H8NY22151","Brindisi, Anthony","202032221","Democrat",-0.356671053522278,NA
"4006","NY",22,2022,"H0NY24063","Francis Conole","202232221","Democrat",-1.20906645063366,NA
"4007","NY",22,2022,"H2NY22204","Sam Roberts","202232221","Democrat",-0.906600227299389,NA
"4008","NY",22,2022,"H2NY22212","Brandon Williams","202232220","Republican",1.13017378097063,"W000828"
"4009","NY",22,2022,"H2NY22238","Steve Wells","202232220","Republican",0.796361318238451,NA
"4010","NY",22,2022,"H2NY24150","Sarah Hood","202232221","Democrat",-1.06873710713582,NA
"4011","NY",22,2022,NA,"Chol Majok","202232221","Democrat",-1.07898262974485,NA
"4012","NY",23,2018,"H0NY29054","Reed, Tom","201832230","Republican",0.876485423792504,"R000585"
"4013","NY",23,2018,"H8NY23134","Sundquist, Edward","201832231","Democrat",-0.944978647032434,NA
"4014","NY",23,2018,"H8NY23167","Golden, Ian","201832231","Democrat",NA,NA
"4015","NY",23,2018,"H8NY23175","Della Pia, Max","201832231","Democrat",-0.418576299342734,NA
"4016","NY",23,2018,"H8NY23183","Mitrano, Tracy","201832231","Democrat",-0.947452530431662,NA
"4017","NY",23,2018,"H8NY23225","Andrei, Linda","201832231","Democrat",-0.79918208265667,NA
"4018","NY",23,2020,"H0NY29054","Reed, Thomas W. II","202032230","Republican",0.863248144556241,"R000585"
"4019","NY",23,2020,"H8NY23183","Mitrano, Tracy","202032231","Democrat",-0.972176380168048,NA
"4020","NY",23,2022,"H2NY23202","Carl Paladino","202232230","Republican",1.25393658708617,NA
"4021","NY",23,2022,"H2NY23228","Nick Langworthy","202232230","Republican",NA,"L000600"
"4022","NY",23,2022,"H8NY23175","Max Della Pia","202232231","Democrat",-0.772496283150367,NA
"4023","NY",24,2018,"H4NY24073","Katko, John","201832240","Republican",0.165852580638441,"K000386"
"4024","NY",24,2018,"H8NY24090","Balter, Dana","201832241","Democrat",-1.08348590772162,NA
"4025","NY",24,2018,"H8NY24132","Williams, Juanita","201832241","Democrat",-1.05064109995891,NA
"4026","NY",24,2020,"H0NY24063","Conole, Francis","202032241","Democrat",-1.08215763049651,NA
"4027","NY",24,2020,"H4NY24073","Katko, John M.","202032240","Republican",0.0700036189654161,"K000386"
"4028","NY",24,2020,"H8NY24090","Balter, Dana","202032241","Democrat",-1.22989814897505,NA
"4029","NY",24,2022,"H2NY23152","Mario Fratto","202232240","Republican",NA,NA
"4030","NY",24,2022,"H2NY24127","Steve Holden","202232241","Democrat",-0.714140299194996,NA
"4031","NY",24,2022,"H4NY22051","Claudia Tenney","202232240","Republican",1.11575701003271,"T000478"
"4032","NY",24,2022,NA,"George Phillips","202232240","Republican",NA,NA
"4033","NY",25,2018,"H8NY25097","Maxwell, James","201832250","Republican",0.300645760719096,NA
"4034","NY",25,2018,"H8NY25105","Morelle, Joseph","201832251","Democrat",-0.756211420674724,"M001206"
"4035","NY",25,2018,"H8NY25113","Wilt, Robin","201832251","Democrat",-1.26318011549871,NA
"4036","NY",25,2018,"H8NY25121","Barnhart, Rachel","201832251","Democrat",-1.64710691359331,NA
"4037","NY",25,2018,"H8NY25139","McFadden, Adam","201832251","Democrat",-0.597276936378453,NA
"4038","NY",25,2020,"H0NY25094","Mitris, George","202032250","Republican",NA,NA
"4039","NY",25,2020,"H8NY25105","Morelle, Joseph D.","202032251","Democrat",-1.0319423392932,"M001206"
"4040","NY",25,2020,"H8NY25113","Wilt, Robin","202032251","Democrat",-1.16336605626354,NA
"4041","NY",25,2022,"H2NY25082","La'Ron Singletary","202232250","Republican",1.20029484679241,NA
"4042","NY",25,2022,"H8NY25105","Joe Morelle","202232251","Democrat",-1.17698024347594,"M001206"
"4043","NY",26,2018,"H4NY27076","Higgins, Brian","201832261","Democrat",-0.344967901675406,"H001038"
"4044","NY",26,2018,"H8NY26137","Zeno, Renee","201832260","Republican",1.01015648781758,NA
"4045","NY",26,2020,"H0NY26084","Donovan, Ricky Thomas","202032260","Republican",-0.180138771024333,NA
"4046","NY",26,2020,"H4NY27076","Higgins, Brian M.","202032261","Democrat",-0.338145956407898,"H001038"
"4047","NY",26,2022,"H0NY26068","Eddie Egriu","202232261","Democrat",-0.167123028991675,NA
"4048","NY",26,2022,"H2NY26189","Steve Sams","202232260","Republican",0.103300900549106,NA
"4049","NY",26,2022,"H4NY27076","Brian Higgins","202232261","Democrat",-0.528159404290565,"H001038"
"4050","NY",27,2018,"H8NY27176","McMurray, Nate","201832271","Democrat",-1.05090545246329,NA
"4051","NY",27,2018,"H8NY29032","Collins, Chris","201832270","Republican",0.762586438548657,"C001092"
"4052","NY",27,2020,"H0NY27090","Jacobs, Christopher","202032270","Republican",0.684725725550367,"J000020"
"4053","NY",27,2020,"H0NY27108","Parlato, Beth","202032270","Republican",1.36998358737253,NA
"4054","NY",27,2020,"H0NY27132","Mychajliw, Stefan Iwan Jr.","202032270","Republican",0.908010558945263,NA
"4055","NY",27,2020,"H8NY27176","McMurray, Nathan D.","202032271","Democrat",-0.649523367151536,NA
"4056","OH",1,2018,"H6OH01088","Ronan, Samuel","201835010","Republican",-0.293899145202955,NA
"4057","OH",1,2018,"H8OH01043","Chabot, Steve","201835010","Republican",0.9252339794643,"C000266"
"4058","OH",1,2018,"H8OH01118","Pureval, Aftab","201835011","Democrat",-0.907514071914197,NA
"4059","OH",1,2020,"H0OH01081","Foster, Nikki","202035011","Democrat",-0.619239839844434,NA
"4060","OH",1,2020,"H0OH01099","Schroder, Kate","202035011","Democrat",-0.91821345866401,NA
"4061","OH",1,2020,"H8OH01043","Chabot, Steve","202035010","Republican",0.794182665291849,"C000266"
"4062","OH",1,2022,"H2OH01194","Greg Landsman","202235011","Democrat",NA,"L000601"
"4063","OH",1,2022,"H8OH01043","Steve Chabot","202235010","Republican",0.808390750818265,NA
"4064","OH",2,2018,"H2OH02085","Wenstrup, Brad","201835020","Republican",1.0256249673062,"W000815"
"4065","OH",2,2018,"H6OH02292","Everhard, Janet","201835021","Democrat",NA,NA
"4066","OH",2,2018,"H8OH02124","Schiller, Jill","201835021","Democrat",-0.700057708296251,NA
"4067","OH",2,2018,NA,"Smith, William","201835021","Democrat",NA,NA
"4068","OH",2,2020,"H0OH02139","Castle, Jamie M.","202035021","Democrat",-0.810186003842671,NA
"4069","OH",2,2020,"H0OH02147","Harris, H. Robert","202035020","Republican",NA,NA
"4070","OH",2,2020,"H2OH02085","Wenstrup, Brad","202035020","Republican",1.36388014732514,"W000815"
"4071","OH",2,2022,"H2OH02085","Brad Wenstrp","202235020","Republican",1.28410471162682,"W000815"
"4072","OH",2,2022,"H2OH02127","Samantha Meadows","202235021","Democrat",-1.80903052704455,NA
"4073","OH",2,2022,"H2OH02135","Alan Darnowsky","202235021","Democrat",-0.653120958741657,NA
"4074","OH",2,2022,"H2OH02143","David Windisch","202235020","Republican",NA,NA
"4075","OH",2,2022,NA,"James Condit Jr.","202235020","Republican",1.03891696025385,NA
"4076","OH",3,2018,"H2OH03125","Beatty, Joyce","201835031","Democrat",-0.562995308772728,"B001281"
"4077","OH",3,2018,"H8OH03106","Burgess, Jim","201835030","Republican",NA,NA
"4078","OH",3,2018,NA,"Haji, Abdulkadir","201835030","Republican",NA,NA
"4079","OH",3,2020,"H0OH03103","Harper, Morgan","202035031","Democrat",-1.06162930877258,NA
"4080","OH",3,2020,"H0OH03111","Richardson, Mark Francis","202035030","Republican",-0.0236152253516316,NA
"4081","OH",3,2020,"H0OH03137","Dulaney, Cleophus","202035030","Republican",NA,NA
"4082","OH",3,2020,"H2OH03125","Beatty, Joyce","202035031","Democrat",-0.638845494889353,"B001281"
"4083","OH",3,2022,"H2OH03125","Joyce Beatty","202235031","Democrat",-0.759070198675116,"B001281"
"4084","OH",3,2022,"H2OH03190","Lee Stahley","202235030","Republican",0.440817536246645,NA
"4085","OH",4,2018,"H4OH04046","Garrett, Janet","201835041","Democrat",-0.624137053054718,NA
"4086","OH",4,2018,"H6OH04082","Jordan, Jim","201835040","Republican",NA,"J000289"
"4087","OH",4,2018,"H8OH04088","Slatzer-Rose, Cody James","201835041","Democrat",NA,NA
"4088","OH",4,2018,"H8OH04096","Miller, Joseph","201835040","Republican",NA,NA
"4089","OH",4,2020,"H0OH04085","Sites, Jeffrey Alan","202035041","Democrat",NA,NA
"4090","OH",4,2020,"H0OH04093","Freshour, Shannon","202035041","Democrat",-0.993269616937439,NA
"4091","OH",4,2020,"H0OH04101","Larsen, Mike","202035041","Democrat",-0.713025245373666,NA
"4092","OH",4,2020,"H6OH04082","Jordan, Jim","202035040","Republican",1.35680678460209,"J000289"
"4093","OH",4,2022,"H0OH04085","Jeff Sites","202235041","Democrat",-0.59946923939396,NA
"4094","OH",4,2022,"H2OH04164","Tamie Wilson","202235041","Democrat",-0.59800468698404,NA
"4095","OH",4,2022,"H6OH04082","Jim Jordan","202235040","Republican",1.33506287263834,"J000289"
"4096","OH",5,2018,"H6OH05097","Neu Jr, James","201835051","Democrat",NA,NA
"4097","OH",5,2018,"H8OH05036","Latta, Bob","201835050","Republican",1.42419789684588,"L000566"
"4098","OH",5,2018,"H8OH05150","Galbraith, J. Michael","201835051","Democrat",-0.63010107794664,NA
"4099","OH",5,2018,"H8OH05168","Wolfrum, Todd","201835050","Republican",NA,NA
"4100","OH",5,2018,NA,"Kreienkamp, Robert","201835050","Republican",0.048539777153403,NA
"4101","OH",5,2020,"H0OH05074","Rubando, Nick","202035051","Democrat",-0.965493853560041,NA
"4102","OH",5,2020,"H0OH05082","Carrigan, Xavier Michael","202035051","Democrat",-0.304598008867688,NA
"4103","OH",5,2020,"H0OH05090","Redinger, Gene C.","202035051","Democrat",-1.2368304522639,NA
"4104","OH",5,2020,"H8OH05036","Latta, Bob","202035050","Republican",1.59202265352914,"L000566"
"4105","OH",5,2022,"H2OH05062","Craig Swartz","202235051","Democrat",-0.668306860447939,NA
"4106","OH",5,2022,"H2OH05070","Martin Heberling","202235051","Democrat",-1.32021072497541,NA
"4107","OH",5,2022,"H8OH05036","Bob Latta","202235050","Republican",1.06857317232871,"L000566"
"4108","OH",6,2018,"H0OH06189","Johnson, Bill","201835060","Republican",0.632154300025355,"J000292"
"4109","OH",6,2018,"H8OH06117","Lange, Werner","201835061","Democrat",NA,NA
"4110","OH",6,2018,"H8OH06133","Roberts, Shawna","201835061","Democrat",-0.853629540497425,NA
"4111","OH",6,2018,NA,"Blazek, Robert","201835060","Republican",NA,NA
"4112","OH",6,2020,"H0OH06189","Johnson, Bill","202035060","Republican",0.72232925721733,"J000292"
"4113","OH",6,2020,"H0OH06221","Morgan, Kenneth F. III","202035060","Republican",0.184493874078099,NA
"4114","OH",6,2020,"H8OH06133","Roberts, Shawna","202035061","Democrat",NA,NA
"4115","OH",6,2022,"H0OH06189","Bill Johnson","202235060","Republican",0.506903068402032,"J000292"
"4116","OH",6,2022,"H0OH07104","John Anderson","202235060","Republican",0.58047441436179,NA
"4117","OH",6,2022,"H2OH06110","Michael Morgenstern","202235060","Republican",0.736610263669236,NA
"4118","OH",6,2022,"H2OH06128","Greg Zelenitz","202235060","Republican",NA,NA
"4119","OH",6,2022,"H2OH11300","Martin Alexander","202235061","Democrat",NA,NA
"4120","OH",6,2022,"H2OH13215","Eric Jones","202235061","Democrat",-0.48054600874151,NA
"4121","OH",6,2022,"H8OH06133","Shawna Roberts","202235061","Democrat",-1.0290662659584,NA
"4122","OH",6,2022,"H8OH13154","Lou Lyras","202235061","Democrat",NA,NA
"4123","OH",7,2018,"H0OH18077","Gibbs, Bob","201835070","Republican",1.13068394794906,"G000563"
"4124","OH",7,2018,"H6OH07119","Robertson, Terry","201835070","Republican",1.06949143848497,NA
"4125","OH",7,2018,"H8OH07123","Harbaugh, Ken","201835071","Democrat",-0.338681426036987,NA
"4126","OH",7,2018,"H8OH07131","Pikus, Patrick","201835071","Democrat",NA,NA
"4127","OH",7,2018,"H8OH07149","Quinn, Patrick","201835070","Republican",NA,NA
"4128","OH",7,2020,"H0OH07153","Potter, Quentin","202035071","Democrat",NA,NA
"4129","OH",7,2020,"H0OH18077","Gibbs, Bob","202035070","Republican",1.28647039906121,"G000563"
"4130","OH",7,2022,"H2OH07233","Tristan Rader","202235071","Democrat",-1.20100780963137,NA
"4131","OH",7,2022,"H2OH13249","Charlie Gaddis","202235070","Republican",NA,NA
"4132","OH",7,2022,"H2OH16044","Matthew Diemer","202235071","Democrat",-0.200364742633294,NA
"4133","OH",7,2022,"H2OH16051","Max Miller","202235070","Republican",NA,"M001222"
"4134","OH",7,2022,"H2OH16069","Jonah Schulz","202235070","Republican",0.922071911595988,NA
"4135","OH",7,2022,NA,"Anthony Alexander","202235070","Republican",-0.732024714303666,NA
"4136","OH",7,2022,NA,"Patrick Malley","202235071","Democrat",NA,NA
"4137","OH",8,2018,"H4OH08088","Guyette, Matthew","201835081","Democrat",-0.268744410598285,NA
"4138","OH",8,2018,"H6OH08315","Davidson, Warren","201835080","Republican",1.54984827574685,"D000626"
"4139","OH",8,2018,"H8OH08071","Jones, Ted","201835081","Democrat",-0.579460232676188,NA
"4140","OH",8,2018,"H8OH08097","Enoch, Vanessa","201835081","Democrat",-0.308030399003188,NA
"4141","OH",8,2018,"H8OH08105","Ebben, Bill","201835081","Democrat",NA,NA
"4142","OH",8,2020,"H4OH08088","Guyette, Matthew J.","202035081","Democrat",-0.150483817742751,NA
"4143","OH",8,2020,"H6OH08232","Meer, Edward R.","202035080","Republican",NA,NA
"4144","OH",8,2020,"H6OH08315","Davidson, Warren","202035080","Republican",1.75155740883473,"D000626"
"4145","OH",8,2020,"H8OH08097","Enoch, Vanessa","202035081","Democrat",-0.364665709696976,NA
"4146","OH",8,2022,"H2OH08082","Phil Heimlich","202235080","Republican",0.10929938651682,NA
"4147","OH",8,2022,"H6OH08315","Warren Davidson","202235080","Republican",0.295765672469341,"D000626"
"4148","OH",8,2022,"H8OH08097","Vanessa Enoch","202235081","Democrat",-0.555928600111998,NA
"4149","OH",9,2018,"H0OH10090","Franklin, W. Benjamin","201835090","Republican",NA,NA
"4150","OH",9,2018,"H2OH09031","Kaptur, Marcy","201835091","Democrat",-0.469246174029088,"K000009"
"4151","OH",9,2018,"H8OH09087","Colton, Keith","201835090","Republican",NA,NA
"4152","OH",9,2018,"H8OH09111","Kraus, Steven","201835090","Republican",0.799844454628194,NA
"4153","OH",9,2018,NA,"Garcia, Joshua","201835091","Democrat",NA,NA
"4154","OH",9,2020,"H0OH09159","Connors, Timothy W. II","202035090","Republican",0.567416461817628,NA
"4155","OH",9,2020,"H0OH09167","Weber, Robert Marion","202035090","Republican",NA,NA
"4156","OH",9,2020,"H0OH09175","Rosewicz, Peter","202035091","Democrat",NA,NA
"4157","OH",9,2020,"H0OH09183","Barrett, Charles W.","202035090","Republican",NA,NA
"4158","OH",9,2020,"H0OH09191","Corrigan, Timothy P.","202035090","Republican",NA,NA
"4159","OH",9,2020,"H2OH09031","Kaptur, Marcy","202035091","Democrat",-0.587664048309082,"K000009"
"4160","OH",9,2022,"H2OH09031","Marcy Kaptur","202235091","Democrat",-0.250171038330641,"K000009"
"4161","OH",9,2022,"H2OH09155","JR Majewski","202235090","Republican",1.30367882265569,NA
"4162","OH",9,2022,"H2OH09171","Theresa Gavarone","202235090","Republican",1.04246130796727,NA
"4163","OH",9,2022,"H2OH09189","Craig Riedel","202235090","Republican",1.49782649517006,NA
"4164","OH",9,2022,NA,"Beth Deck","202235090","Republican",NA,NA
"4165","OH",10,2018,"H2OH03067","Turner, Mike","201835100","Republican",0.313502039307678,"T000463"
"4166","OH",10,2018,"H4OH10167","Klepinger, Robert","201835101","Democrat",NA,NA
"4167","OH",10,2018,"H8OH10101","Milisits, Michael","201835101","Democrat",-0.860698880686367,NA
"4168","OH",10,2018,"H8OH10119","Gasper, Theresa","201835101","Democrat",-0.577646006917877,NA
"4169","OH",10,2018,NA,"Anderson, John","201835100","Republican",NA,NA
"4170","OH",10,2018,NA,"Mitchel, John","201835100","Republican",0.760459558615991,NA
"4171","OH",10,2020,"H0OH07104","Anderson, John","202035100","Republican",NA,NA
"4172","OH",10,2020,"H0OH10116","Tims, Desiree","202035101","Democrat",-0.783573305409483,NA
"4173","OH",10,2020,"H0OH10124","Flanders, Kathi","202035100","Republican",0.149008799251233,NA
"4174","OH",10,2020,"H0OH10132","Moyer, Eric","202035101","Democrat",-0.89291100973264,NA
"4175","OH",10,2020,"H2OH03067","Turner, Michael R.","202035100","Republican",0.206947562654322,"T000463"
"4176","OH",10,2022,"H2OH03067","Mike Turner","202235100","Republican",0.349634674006727,"T000463"
"4177","OH",10,2022,"H2OH08058","Jeff Hardenbrook","202235101","Democrat",-0.579405250355212,NA
"4178","OH",10,2022,"H2OH10252","Baxter Stapleton","202235101","Democrat",-0.709521416286012,NA
"4179","OH",10,2022,"H2OH10260","Kirk Benjamin","202235101","Democrat",NA,NA
"4180","OH",10,2022,"H8OH03098","David Esrati","202235101","Democrat",-0.853598613257584,NA
"4181","OH",11,2018,"H6OH11160","Goldstein, Beverly","201835110","Republican",NA,NA
"4182","OH",11,2018,"H8OH11141","Fudge, Marcia","201835111","Democrat",-0.794695684807802,"F000455"
"4183","OH",11,2018,"H8OH11315","Dunham, Gregory","201835110","Republican",NA,NA
"4184","OH",11,2018,NA,"Ross, Felicia Washington","201835111","Democrat",NA,NA
"4185","OH",11,2020,"H0OH11080","Taylor, Shalira Lisa","202035110","Republican",-0.272523906841795,NA
"4186","OH",11,2020,"H0OH11098","Gore, Laverne","202035110","Republican",NA,NA
"4187","OH",11,2020,"H0OH11106","Schulz, Jonah","202035110","Republican",0.72119626888524,NA
"4188","OH",11,2020,"H0OH11114","Hood, Michael","202035111","Democrat",NA,NA
"4189","OH",11,2020,"H0OH11122","Shabazz, Tariq Khajuan","202035111","Democrat",NA,NA
"4190","OH",11,2020,"H8OH11141","Fudge, Marcia L.","202035111","Democrat",-0.542505534917235,"F000455"
"4191","OH",11,2020,"H8OH11281","Bell, James Jerome","202035111","Democrat",NA,NA
"4192","OH",11,2022,"H2OH11151","Nina Turner","202235111","Democrat",-1.41288464687366,NA
"4193","OH",11,2022,"H2OH11169","Shontel Brown","202235111","Democrat",-1.18743516317857,"B001313"
"4194","OH",11,2022,"H2OH11250","James Hemphill","202235110","Republican",0.481647970109413,NA
"4195","OH",11,2022,"H2OH11326","Eric Brewer","202235110","Republican",NA,NA
"4196","OH",12,2018,"H6OH12127","Albertson, Ed","201835121","Democrat",-0.55274537111142,NA
"4197","OH",12,2018,"H8OH12131","Wilson, Doug","201835121","Democrat",-0.581945520987388,NA
"4198","OH",12,2018,"H8OH12149","Peters, John","201835121","Democrat",-0.27938794392724,NA
"4199","OH",12,2018,"H8OH12164","Scott, Zach","201835121","Democrat",-0.0186703449706283,NA
"4200","OH",12,2018,"H8OH12180","Balderson, Troy","201835120","Republican",1.76942288025074,"B001306"
"4201","OH",12,2018,"H8OH12198","Halverstadt, Jon","201835120","Republican",1.02044925531822,NA
"4202","OH",12,2018,"H8OH12206","O'Brien, Carol","201835120","Republican",0.655134488197997,NA
"4203","OH",12,2018,"H8OH12214","Patton, Jackie","201835121","Democrat",-0.799976178731503,NA
"4204","OH",12,2018,"H8OH12222","Bacon, Kevin","201835120","Republican",NA,NA
"4205","OH",12,2018,"H8OH12248","Leneghan, Melanie","201835120","Republican",1.41717130853944,NA
"4206","OH",12,2018,"H8OH12263","Kane, Tim","201835120","Republican",NA,NA
"4207","OH",12,2018,"H8OH12271","Russell, John","201835121","Democrat",-0.788780223635998,NA
"4208","OH",12,2018,"H8OH12297","O'Connor, Danny","201835121","Democrat",-0.727680482193556,NA
"4209","OH",12,2018,NA,"Adams, John","201835120","Republican",NA,NA
"4210","OH",12,2018,NA,"Cohen, Lawrence","201835120","Republican",NA,NA
"4211","OH",12,2018,NA,"Shoemaker, Mick","201835120","Republican",1.19051835416265,NA
"4212","OH",12,2018,NA,"Manley, Pat","201835120","Republican",NA,NA
"4213","OH",12,2020,"H0OH12161","Bell, Jennifer Ann","202035121","Democrat",-0.651062558463759,NA
"4214","OH",12,2020,"H0OH12179","Shearer, Alaina","202035121","Democrat",-0.841627895022694,NA
"4215","OH",12,2020,"H0OH12203","Day, Tim","202035120","Republican",NA,NA
"4216","OH",12,2020,"H8OH12180","Balderson, Troy","202035120","Republican",2.18233963057179,"B001306"
"4217","OH",12,2022,"H0OH07146","Brandon Lape","202235120","Republican",0.68591491613208,NA
"4218","OH",12,2022,"H2OH12134","Amy Rippel-Elton","202235121","Democrat",NA,NA
"4219","OH",12,2022,"H2OH12142","Michael Fletcher","202235121","Democrat",NA,NA
"4220","OH",12,2022,"H8OH12180","Troy Balderson","202235120","Republican",1.68953386460102,"B001306"
"4221","OH",13,2018,"H2OH17109","Ryan, Tim","201835131","Democrat",-0.966031950764157,"R000577"
"4222","OH",13,2018,"H8OH13147","DePizzo, Chris","201835130","Republican",0.462277414612169,NA
"4223","OH",13,2018,NA,"Crow, Robert","201835131","Democrat",NA,NA
"4224","OH",13,2018,NA,"Luchansky, John Stephen","201835131","Democrat",NA,NA
"4225","OH",13,2020,"H0OH13193","Hennen, Duane","202035130","Republican",NA,NA
"4226","OH",13,2020,"H0OH13201","Santos, Robert J.","202035130","Republican",0.298057591392187,NA
"4227","OH",13,2020,"H0OH13219","Truex, Donald Daryl","202035130","Republican",NA,NA
"4228","OH",13,2020,"H0OH13227","Mormando, Jason","202035130","Republican",NA,NA
"4229","OH",13,2020,"H2OH17109","Ryan, Tim","202035131","Democrat",-0.993850584735106,"R000577"
"4230","OH",13,2020,"H6OH13240","Morckel, Richard A.","202035130","Republican",0.81818482872134,NA
"4231","OH",13,2020,"H8OH13154","Lyras, Louis George","202035130","Republican",0.688726393441023,NA
"4232","OH",13,2020,"H8OH16108","Hagan, Christina","202035130","Republican",NA,NA
"4233","OH",13,2022,"H2OH07209","Dante Sabatucci","202235130","Republican",1.19973271391667,NA
"4234","OH",13,2022,"H2OH07225","Ryan Saylor","202235130","Republican",0.524860224167504,NA
"4235","OH",13,2022,"H2OH09163","Madison Gilbert","202235130","Republican",1.13561825762902,NA
"4236","OH",13,2022,"H2OH13231","Shay Hawkins","202235130","Republican",0.385703647009938,NA
"4237","OH",13,2022,"H2OH13256","Greg Wheeler","202235130","Republican",0.555714812508735,NA
"4238","OH",13,2022,"H2OH13264","Emilia Sykes","202235131","Democrat",NA,"S001223"
"4239","OH",13,2022,"H2OH13272","Janet Porter","202235130","Republican",1.16134322783616,NA
"4240","OH",13,2022,"H2OH13280","Santana King","202235130","Republican",-0.0542734133914271,NA
"4241","OH",14,2018,"H2OH14064","Joyce, David","201835140","Republican",NA,"J000295"
"4242","OH",14,2018,"H8OH14111","Rader, Betsy","201835141","Democrat",-0.626527230806859,NA
"4243","OH",14,2020,"H0OH14084","Mueri, Hillary O'Connor","202035141","Democrat",NA,NA
"4244","OH",14,2020,"H2OH14064","Joyce, David","202035140","Republican",0.439226961313956,"J000295"
"4245","OH",14,2020,"H8OH18104","Pitrone, Mark","202035140","Republican",NA,NA
"4246","OH",14,2022,"H2OH13223","Matt Kilboy","202235141","Democrat",-0.640768931779627,NA
"4247","OH",14,2022,"H2OH14064","Dave Joyce","202235140","Republican",NA,"J000295"
"4248","OH",14,2022,"H2OH14106","Patrick Awtrey","202235140","Republican",1.40754389211443,NA
"4249","OH",14,2022,NA,"Bevin Cormack","202235140","Republican",0.717994828673475,NA
"4250","OH",15,2018,"H8OH15076","Stivers, Steve","201835150","Republican",0.421039676938559,"S001187"
"4251","OH",15,2018,"H8OH15134","Neal, Rick","201835151","Democrat",-0.878520286292424,NA
"4252","OH",15,2018,"H8OH15159","Jarvis, Rob","201835151","Democrat",NA,NA
"4253","OH",15,2020,"H0OH15131","Kilgore, Daniel","202035151","Democrat",-0.739122726753987,NA
"4254","OH",15,2020,"H0OH15149","Newby, Joel","202035151","Democrat",-0.750252245672598,NA
"4255","OH",15,2020,"H0OH15156","Hunt, Shelby Xavier","202035150","Republican",0.723858346896192,NA
"4256","OH",15,2020,"H8OH15076","Stivers, Steve","202035150","Republican",0.458755897960337,"S001187"
"4257","OH",15,2022,"H2OH15228","Mike Carey","202235150","Republican",0.836848591368464,"C001126"
"4258","OH",15,2022,"H2OH15269","Gary Josephson","202235151","Democrat",NA,NA
"4259","OH",16,2018,"H8OH16090","Godfrey, Aaron","201835161","Democrat",-1.2407901287972,NA
"4260","OH",16,2018,"H8OH16108","Hagan, Christina","201835160","Republican",0.717923995854859,NA
"4261","OH",16,2018,"H8OH16124","Gonzalez, Anthony","201835160","Republican",0.982740926759126,"G000588"
"4262","OH",16,2018,"H8OH16140","Dent, Mark","201835161","Democrat",-0.432684779469793,NA
"4263","OH",16,2018,"H8OH16157","Palmer, Susan Moran","201835161","Democrat",-0.835355370899783,NA
"4264","OH",16,2018,"H8OH16165","Grusenmeyer, Michael","201835160","Republican",NA,NA
"4265","OH",16,2018,"H8OH16173","Goodrich, Grant","201835161","Democrat",-0.491007565529857,NA
"4266","OH",16,2018,"H8OH16181","Mulloy, TJ","201835161","Democrat",-0.610410943543148,NA
"4267","OH",16,2018,"H8OH16199","Wilson, John","201835161","Democrat",-1.26374238243628,NA
"4268","OH",16,2020,"H0OH16121","Karpus, Ronald III","202035161","Democrat",-0.645504782812227,NA
"4269","OH",16,2020,"H8OH16090","Godfrey, Aaron","202035161","Democrat",-1.26204680411148,NA
"4270","OH",16,2020,"H8OH16124","Gonzalez, Anthony","202035160","Republican",0.578556966688772,"G000588"
"4271","OK",1,2018,"H0OK01089","Dahm, Nathan","201836010","Republican",1.19520851758106,NA
"4272","OK",1,2018,"H6OK01193","Hullum, David","201836011","Democrat",NA,NA
"4273","OK",1,2018,"H8OK01124","Coleman, Andy","201836010","Republican",1.44314072348151,NA
"4274","OK",1,2018,"H8OK01140","Stockstill, Danny","201836010","Republican",0.630130696273757,NA
"4275","OK",1,2018,"H8OK01157","Hern, Kevin","201836010","Republican",1.60345035192558,"H001082"
"4276","OK",1,2018,"H8OK01165","Harris, Tim","201836010","Republican",1.64754850649196,NA
"4277","OK",1,2018,"H8OK01173","Gilpin, Tim","201836011","Democrat",-0.275920836723061,NA
"4278","OK",1,2018,"H8OK01181","Douglas, Amanda","201836011","Democrat",-0.501260342192097,NA
"4279","OK",1,2018,"H8OK01199","Keeter, Mark","201836011","Democrat",NA,NA
"4280","OK",1,2018,"H8OK05141","Fields, Gwendolyn","201836011","Democrat",0.00767102183770387,NA
"4281","OK",1,2020,"H0OK01147","Asamoa-Caesar, Kojo","202036011","Democrat",-1.85460651227674,NA
"4282","OK",1,2020,"H8OK01157","Hern, Kevin","202036010","Republican",1.25347034732804,"H001082"
"4283","OK",1,2020,"H8OK01199","Keeter, Mark A.","202036011","Democrat",NA,NA
"4284","OK",1,2022,"H2OK01176","Adam Martin","202236011","Democrat",-1.63371899467163,NA
"4285","OK",1,2022,"H8OK01157","Kevin Hern","202236010","Republican",1.28724292764791,"H001082"
"4286","OK",2,2018,"H2OK02083","Mullin, Markwayne","201836020","Republican",1.33292615960763,"M001190"
"4287","OK",2,2018,"H6OK02183","Jenner, Virginia","201836021","Democrat",NA,NA
"4288","OK",2,2018,"H6OK02233","Jackson, Jarrin","201836020","Republican",0.975385226688359,NA
"4289","OK",2,2018,"H6OK02258","McCarthy, John","201836020","Republican",NA,NA
"4290","OK",2,2018,"H8OK02130","Jackson, Brian","201836020","Republican",1.22162243306727,NA
"4291","OK",2,2018,"H8OK02148","Nichols, Jason","201836021","Democrat",-0.113367263494351,NA
"4292","OK",2,2018,"H8OK02155","Padgett, Clay","201836021","Democrat",-0.0012742866420725,NA
"4293","OK",2,2018,"H8OK02163","McIntosh, Elijah","201836021","Democrat",NA,NA
"4294","OK",2,2020,"H0OK02210","Lanier, Danyell","202036021","Democrat",-0.863315057160547,NA
"4295","OK",2,2020,"H0OK02228","Silk, Joseph Wesley","202036020","Republican",1.25383575413031,NA
"4296","OK",2,2020,"H0OK02244","Hopkins, Rhonda","202036020","Republican",NA,NA
"4297","OK",2,2020,"H2OK02083","Mullin, Markwayne","202036020","Republican",1.35299740659879,"M001190"
"4298","OK",2,2022,"H2OK02182","Marty Quinn","202236020","Republican",1.69146092734019,NA
"4299","OK",2,2022,"H2OK02190","Chris Schiller","202236020","Republican",2.03142386735004,NA
"4300","OK",2,2022,"H2OK02208","Erick P. Wyatt","202236020","Republican",NA,NA
"4301","OK",2,2022,"H2OK02216","Dustin Roberts","202236020","Republican",1.58110253988935,NA
"4302","OK",2,2022,"H2OK02224","John Bennett","202236020","Republican",0.96237512567823,NA
"4303","OK",2,2022,"H2OK02232","Johnny Teehee","202236020","Republican",1.28660962131171,NA
"4304","OK",2,2022,"H2OK02240","Clint Johnson","202236020","Republican",NA,NA
"4305","OK",2,2022,"H2OK02257","Avery Frix","202236020","Republican",NA,NA
"4306","OK",2,2022,"H2OK02273","Pamela Gordon","202236020","Republican",1.50601078393944,NA
"4307","OK",2,2022,"H2OK02281","Guy Barker","202236020","Republican",0.688866813727611,NA
"4308","OK",2,2022,"H2OK02299","Wes Nofire","202236020","Republican",1.33801618532052,NA
"4309","OK",2,2022,"H2OK02307","Naomi Andrews","202236021","Democrat",NA,NA
"4310","OK",2,2022,"H2OK02315","Josh Brecheen","202236020","Republican",1.49169103054488,"B001317"
"4311","OK",2,2022,"H2OK02323","David Derby","202236020","Republican",1.4781591993168,NA
"4312","OK",2,2022,NA,"Rhonda Hopkins","202236020","Republican",NA,NA
"4313","OK",3,2018,"H4OK06056","Lucas, Frank","201836030","Republican",0.884867557493144,"L000491"
"4314","OK",3,2018,"H8OK03047","Robbins, Frankie","201836031","Democrat",NA,NA
"4315","OK",3,2018,"H8OK03062","Thibodeaux, Murray","201836031","Democrat",-0.278097557289364,NA
"4316","OK",3,2020,"H0OK03093","Midyett, Zoe Ann","202036031","Democrat",-0.458637616752903,NA
"4317","OK",3,2020,"H4OK06056","Lucas, Frank D.","202036030","Republican",1.6271709453147,"L000491"
"4318","OK",3,2022,"H2OK03123","Wade Burleson","202236030","Republican",1.16782928181598,NA
"4319","OK",3,2022,"H2OK03149","Jeremiah A Ross","202236031","Democrat",NA,NA
"4320","OK",3,2022,"H4OK06056","Frank D. Lucas","202236030","Republican",1.51752521420487,"L000491"
"4321","OK",3,2022,NA,"Stephen Butler","202236030","Republican",NA,NA
"4322","OK",4,2018,"H2OK04055","Cole, Tom","201836040","Republican",1.45994561461798,"C001053"
"4323","OK",4,2018,"H6OK04114","Taylor, James","201836040","Republican",1.18643674165739,NA
"4324","OK",4,2018,"H8OK04078","Gipson, Fred","201836041","Democrat",0.0284275439916316,NA
"4325","OK",4,2018,"H8OK04094","Brannon, Mary","201836041","Democrat",-0.0708266092606081,NA
"4326","OK",4,2018,"H8OK04102","Varner, Mallory","201836041","Democrat",NA,NA
"4327","OK",4,2018,NA,"Klutts, Roxann","201836041","Democrat",-0.601910405792804,NA
"4328","OK",4,2020,"H0OK04174","Sanders, Gilbert","202036040","Republican",NA,NA
"4329","OK",4,2020,"H0OK04182","Argo, John","202036041","Democrat",NA,NA
"4330","OK",4,2020,"H0OK04190","Slemmons, David","202036041","Democrat",NA,NA
"4331","OK",4,2020,"H0OK04208","Sipes, Trevor","202036040","Republican",0.639054834467889,NA
"4332","OK",4,2020,"H2OK04055","Cole, Tom","202036040","Republican",1.51489591029833,"C001053"
"4333","OK",4,2020,"H6OK04114","Taylor, James","202036040","Republican",1.21446944570831,NA
"4334","OK",4,2020,"H8OK04094","Brannon, Mary","202036041","Democrat",-0.241649133799156,NA
"4335","OK",4,2022,"H2OK04055","Tom Cole","202236040","Republican",1.63889259611539,"C001053"
"4336","OK",4,2022,"H6OK04114","James Taylor","202236040","Republican",1.2453687034328,NA
"4337","OK",4,2022,"H8OK04094","Mary Brannon","202236041","Democrat",-0.0941961954194339,NA
"4338","OK",4,2022,NA,"Frank W Blacke","202236040","Republican",NA,NA
"4339","OK",5,2018,"H0OK05155","Guild, Tom","201836051","Democrat",-0.47146193921905,NA
"4340","OK",5,2018,"H4OK05132","Russell, Steve","201836050","Republican",1.21765979607166,NA
"4341","OK",5,2018,"H8OK05091","Porter, Ed","201836051","Democrat",-0.34807853398276,NA
"4342","OK",5,2018,"H8OK05109","Horn, Kendra","201836051","Democrat",-0.0645519879084926,"H001083"
"4343","OK",5,2018,"H8OK05158","Britt, Elysabeth","201836051","Democrat",-0.456802757388776,NA
"4344","OK",5,2018,"H8OK05190","Edwards, DeJuan","201836050","Republican",NA,NA
"4345","OK",5,2018,NA,"Dunson, Gregory","201836050","Republican",NA,NA
"4346","OK",5,2018,NA,"Kelley-Leonard, Leona","201836051","Democrat",NA,NA
"4347","OK",5,2018,NA,"Meade, Tyson","201836051","Democrat",NA,NA
"4348","OK",5,2020,"H0OK05205","Bice, Stephanie","202036050","Republican",0.775538398958673,"B000740"
"4349","OK",5,2020,"H0OK05213","Neese, Terry","202036050","Republican",1.48423679480362,NA
"4350","OK",5,2020,"H0OK05247","Hill, David","202036050","Republican",1.09187918375601,NA
"4351","OK",5,2020,"H0OK05254","Barresi, Janet","202036050","Republican",1.63282125429358,NA
"4352","OK",5,2020,"H0OK05270","Rahimi, Miles V.","202036050","Republican",1.05499545612884,NA
"4353","OK",5,2020,"H0OK05288","Landon, Shelli","202036050","Republican",NA,NA
"4354","OK",5,2020,"H0OK05296","Ballard, Michael","202036050","Republican",0.983216026033725,NA
"4355","OK",5,2020,"H0OK05304","Merrick, Jake","202036050","Republican",0.329620223518096,NA
"4356","OK",5,2020,"H8OK05109","Horn, Kendra","202036051","Democrat",-0.559711874962432,NA
"4357","OK",5,2020,"H8OK05125","Guild, Tom","202036051","Democrat",-0.551019191258894,NA
"4358","OK",5,2020,NA,"Pringle, Charles Tuffy","202036050","Republican",NA,NA
"4359","OK",5,2022,"H0OK05205","Stephanie Bice","202236050","Republican",1.0909333133581,"B000740"
"4360","OK",5,2022,"H2OK05169","Joshua Harris-Till","202236051","Democrat",-0.445034942973714,NA
"4361","OK",5,2022,"H2OK05177","Subrina Banks","202236050","Republican",NA,NA
"4362","OR",1,2018,"H2OR01133","Bonamici, Suzanne","201837011","Democrat",-1.0605320465955,"B001278"
"4363","OR",1,2018,"H8OR01221","Griffith, George","201837010","Republican",0.0405436805497323,NA
"4364","OR",1,2018,"H8OR01262","Verbeek, John","201837010","Republican",NA,NA
"4365","OR",1,2018,NA,"Barajas, Ricky","201837011","Democrat",-1.31429355728034,NA
"4366","OR",1,2018,NA,"Miller, Preston","201837010","Republican",NA,NA
"4367","OR",1,2018,NA,"Stansfield, Michael","201837011","Democrat",NA,NA
"4368","OR",1,2020,"H0OR01152","Barajas, Ricky","202037011","Democrat",-1.17446242996407,NA
"4369","OR",1,2020,"H0OR01160","Siebe, Amanda Nicole","202037011","Democrat",-0.707519837697719,NA
"4370","OR",1,2020,"H0OR01186","Briones, Heidi","202037011","Democrat",-0.727883585864133,NA
"4371","OR",1,2020,"H0OR01194","Christensen, Christopher C","202037010","Republican",NA,NA
"4372","OR",1,2020,"H0OR01202","Murray, Armidia","202037010","Republican",NA,NA
"4373","OR",1,2020,"H2OR01133","Bonamici, Suzanne","202037011","Democrat",-1.10161843348038,"B001278"
"4374","OR",1,2022,"H2OR01133","Suzanne Bonamici","202237011","Democrat",-1.24523301457571,"B001278"
"4375","OR",1,2022,"H2OR01265","Scott Phillips","202237011","Democrat",-0.492737944292219,NA
"4376","OR",1,2022,"H2OR01273","Christopher A Mann","202237010","Republican",-0.287203970426897,NA
"4377","OR",1,2022,"H2OR01281","Armidia (Army) Murray","202237010","Republican",0.739078372674595,NA
"4378","OR",1,2022,NA,"Christian Robertson","202237011","Democrat",-0.382442364762285,NA
"4379","OR",2,2018,"H6OR02116","Walden, Greg","201837020","Republican",0.182687550854654,"W000791"
"4380","OR",2,2018,"H6OR02181","Crary, James","201837021","Democrat",-0.403054923909776,NA
"4381","OR",2,2018,"H6OR02199","Romero Jr, Paul","201837020","Republican",0.668815564911599,NA
"4382","OR",2,2018,"H8OR02146","White, Tim","201837021","Democrat",-0.305112504141095,NA
"4383","OR",2,2018,"H8OR02153","Burnette, Eric","201837021","Democrat",-0.620271483531929,NA
"4384","OR",2,2018,"H8OR02161","McLeod-Skinner, Jamie","201837021","Democrat",-0.962002289503576,NA
"4385","OR",2,2018,"H8OR02179","Neahring, Jennifer","201837021","Democrat",-0.860832024557298,NA
"4386","OR",2,2018,"H8OR02187","Mason, Raz","201837021","Democrat",-0.131832872001099,NA
"4387","OR",2,2018,NA,"Byrne, Michael","201837021","Democrat",-0.772121438522943,NA
"4388","OR",2,2018,NA,"Pollock, Randy","201837020","Republican",NA,NA
"4389","OR",2,2020,"H0OR02119","Holm, John Paul","202037021","Democrat",-0.663680093807509,NA
"4390","OR",2,2020,"H0OR02127","Bentz, Cliff","202037020","Republican",0.457858337014079,"B000668"
"4391","OR",2,2020,"H0OR02135","Atkinson, Jason A.","202037020","Republican",NA,NA
"4392","OR",2,2020,"H0OR02150","Buehler, Knute","202037020","Republican",0.55549040988108,NA
"4393","OR",2,2020,"H0OR02168","Crumpacker, Jimmy","202037020","Republican",1.36733648502403,NA
"4394","OR",2,2020,"H0OR02176","Heuertz, Nick L","202037021","Democrat",-0.679983683564271,NA
"4395","OR",2,2020,"H0OR02184","Smith, Jeff","202037020","Republican",0.173953402623209,NA
"4396","OR",2,2020,"H0OR02192","Campbell, David R.","202037020","Republican",0.398092766880785,NA
"4397","OR",2,2020,"H0OR02226","Livingston, Justin","202037020","Republican",0.916213441063004,NA
"4398","OR",2,2020,"H0OR02234","Medenbach, Kenneth W.","202037020","Republican",NA,NA
"4399","OR",2,2020,"H0OR02242","Vaughn, Chris","202037021","Democrat",-0.994459283816063,NA
"4400","OR",2,2020,"H0OR02259","Howard, Jack","202037021","Democrat",NA,NA
"4401","OR",2,2020,"H0OR02267","Spenser, Alex","202037021","Democrat",NA,NA
"4402","OR",2,2020,"H0OR02275","Carey, Glenn","202037020","Republican",NA,NA
"4403","OR",2,2020,"H0OR02283","Fager, Travis A.","202037020","Republican",NA,NA
"4404","OR",2,2020,"H8OR02229","Roberts, Mark R.","202037020","Republican",NA,NA
"4405","OR",2,2022,"H0OR02127","Cliff S Bentz","202237020","Republican",0.566880477020525,"B000668"
"4406","OR",2,2022,"H2OR02156","Joe Yetter","202237021","Democrat",-0.501897495594961,NA
"4407","OR",2,2022,"H2OR02164","Mark Cavener","202237020","Republican",0.747903491233561,NA
"4408","OR",2,2022,NA,"Adam Prine","202237021","Democrat",-1.03108031932431,NA
"4409","OR",2,2022,NA,"Katherine M Gallant","202237020","Republican",0.394036564674207,NA
"4410","OR",3,2018,"H6OR03064","Blumenauer, Earl","201837031","Democrat",-0.386175517386019,"B000574"
"4411","OR",3,2018,"H8OR03060","Barnett, Charles Rand","201837031","Democrat",-0.376243333990435,NA
"4412","OR",3,2018,"H8OR03102","Harrison IV, Thomas S","201837030","Republican",NA,NA
"4413","OR",3,2018,NA,"Hafner, Eric","201837031","Democrat",NA,NA
"4414","OR",3,2018,NA,"Lavine, Ben","201837031","Democrat",-0.219630861364155,NA
"4415","OR",3,2020,"H0OR03125","Lee, Albert","202037031","Democrat",-0.929777760387707,NA
"4416","OR",3,2020,"H0OR03158","Wilcox, Dane","202037031","Democrat",-0.763221177572418,NA
"4417","OR",3,2020,"H0OR03166","Hecker, Frank","202037030","Republican",-0.208310033027613,NA
"4418","OR",3,2020,"H0OR03174","Harbour, Joanna","202037030","Republican",NA,NA
"4419","OR",3,2020,"H0OR03182","Davis, Matthew S","202037031","Democrat",NA,NA
"4420","OR",3,2020,"H6OR03064","Blumenauer, Earl","202037031","Democrat",-1.2784620741934,"B000574"
"4421","OR",3,2020,"H8OR03060","Barnett, Charles","202037031","Democrat",NA,NA
"4422","OR",3,2020,"H8OR03102","Harrison, Thomas S. IV","202037030","Republican",NA,NA
"4423","OR",3,2022,"H0OR03174","Joanna Harbour","202237030","Republican",0.147355401756124,NA
"4424","OR",3,2022,"H2OR03121","Jonathan E Polhemus","202237031","Democrat",NA,NA
"4425","OR",3,2022,"H6OR03064","Earl Blumenauer","202237031","Democrat",-1.08944746702642,"B000574"
"4426","OR",4,2018,"H0OR04081","Robinson, Arthur","201837040","Republican",1.15636608335035,NA
"4427","OR",4,2018,"H6OR04047","DeFazio, Peter","201837041","Democrat",-0.49309494154635,"D000191"
"4428","OR",4,2018,"H6OR04203","Perkins, Jo Rae","201837040","Republican",1.39783590990592,NA
"4429","OR",4,2018,"H8OR04142","Boice, Court","201837040","Republican",0.299396423522935,NA
"4430","OR",4,2018,"H8OR04159","Arcangel, Daniel","201837041","Democrat",-0.894369156791036,NA
"4431","OR",4,2018,NA,"Strek, Stefan","201837040","Republican",0.606398082284299,NA
"4432","OR",4,2018,NA,"Polen, Michael","201837040","Republican",1.05172166082193,NA
"4433","OR",4,2020,"H0OR04099","Canning, Doyle Elizabeth","202037041","Democrat",-0.87111143128291,NA
"4434","OR",4,2020,"H0OR04107","Skarlatos, Alek","202037040","Republican",0.966156438507174,NA
"4435","OR",4,2020,"H0OR04123","Ijih, Nelson","202037040","Republican",0.0247607288706168,NA
"4436","OR",4,2020,"H6OR04047","DeFazio, Peter A.","202037041","Democrat",-0.913241886059924,"D000191"
"4437","OR",4,2022,"H0OR04107","Alek Skarlatos","202237040","Republican",NA,NA
"4438","OR",4,2022,"H2OR04095","Val Hoyle","202237041","Democrat",-1.19592898840476,"H001094"
"4439","OR",4,2022,"H2OR04103","Andrew Kalloch","202237041","Democrat",-1.06971823655081,NA
"4440","OR",4,2022,"H2OR04111","John S Selker","202237041","Democrat",-0.58601533881831,NA
"4441","OR",4,2022,"H2OR04152","Sami Al-Abdrabbuh","202237041","Democrat",-0.892526598160009,NA
"4442","OR",4,2022,"H2OR04160","Doyle E Canning","202237041","Democrat",-1.0449952144999,NA
"4443","OR",4,2022,NA,"G Tommy Smith","202237041","Democrat",NA,NA
"4444","OR",4,2022,NA,"Jake Matthews","202237041","Democrat",-0.128380118855438,NA
"4445","OR",4,2022,NA,"Steve William Laible","202237041","Democrat",NA,NA
"4446","OR",5,2018,"H8OR05107","Schrader, Kurt","201837051","Democrat",NA,"S001180"
"4447","OR",5,2018,"H8OR05198","Callahan, Mark","201837050","Republican",0.621027078013268,NA
"4448","OR",5,2018,"H8OR05206","Nations, Joey","201837050","Republican",0.620691414921335,NA
"4449","OR",5,2018,"H8OR05222","Reynolds, Robert","201837050","Republican",0.277341509704749,NA
"4450","OR",5,2018,NA,"Wright, Peter","201837051","Democrat",NA,NA
"4451","OR",5,2020,"H0OR05088","Roman, Angela","202037050","Republican",1.56455577227134,NA
"4452","OR",5,2020,"H0OR05096","Gamba, Mark F.","202037051","Democrat",-0.936853175222663,NA
"4453","OR",5,2020,"H0OR05104","Courser, Amy Ryan","202037050","Republican",0.960215682236821,NA
"4454","OR",5,2020,"H0OR05112","Reynolds, Blair G.","202037051","Democrat",-0.879199967274059,NA
"4455","OR",5,2020,"H0OR05120","Dinkel, G. Shane","202037050","Republican",0.853171149267622,NA
"4456","OR",5,2020,"H8OR05107","Schrader, Kurt","202037051","Democrat",-0.580506273535638,"S001180"
"4457","OR",5,2020,"H8OR05206","Nations, Joey","202037050","Republican",1.39151316869992,NA
"4458","OR",5,2022,"H0OR02168","Jimmy Crumpacker","202237050","Republican",NA,NA
"4459","OR",5,2022,"H2OR05209","Lori Chavez-DeRemer","202237050","Republican",1.09941438639351,"C001135"
"4460","OR",5,2022,"H2OR05217","John Di Paola","202237050","Republican",-0.0666187155649019,NA
"4461","OR",5,2022,"H2OR05225","Madison Oatman","202237050","Republican",1.17435648897104,NA
"4462","OR",5,2022,"H2OR05233","Laurel L Roses","202237050","Republican",0.550080473799846,NA
"4463","OR",5,2022,"H8OR02161","Jamie McLeod-Skinner","202237051","Democrat",-1.25826705427438,NA
"4464","OR",5,2022,"H8OR05107","Kurt Schrader","202237051","Democrat",-0.641461005464577,NA
"4465","OR",6,2022,"H0OR01152","Ricky Barajas","202237061","Democrat",-1.01083826531181,NA
"4466","OR",6,2022,"H0OR05104","Amy L Ryan Courser","202237060","Republican",1.57394695764068,NA
"4467","OR",6,2022,"H2OR01216","Cody Reynolds","202237061","Democrat",-1.05797169055688,NA
"4468","OR",6,2022,"H2OR01240","David Russ","202237060","Republican",0.314282723798825,NA
"4469","OR",6,2022,"H2OR05183","Nathan A Sandvig","202237060","Republican",0.847320427243512,NA
"4470","OR",6,2022,"H2OR06017","Loretta Smith","202237061","Democrat",-1.02428074720101,NA
"4471","OR",6,2022,"H2OR06033","Angela Plowhead","202237060","Republican",0.967062300529866,NA
"4472","OR",6,2022,"H2OR06041","Matt West","202237061","Democrat",-0.883381086265105,NA
"4473","OR",6,2022,"H2OR06058","Ron Noble","202237060","Republican",1.09360076229136,NA
"4474","OR",6,2022,"H2OR06066","Andrea Salinas","202237061","Democrat",-1.0067933256422,"S001226"
"4475","OR",6,2022,"H2OR06074","Kathleen Harder","202237061","Democrat",-0.774253438821628,NA
"4476","OR",6,2022,"H2OR06090","Carrick Flynn","202237061","Democrat",-0.570010927475351,NA
"4477","OR",6,2022,"H2OR06108","Teresa Alonso Leon","202237061","Democrat",-1.00782099872003,NA
"4478","OR",6,2022,"H2OR06116","Jim Bunn","202237060","Republican",0.745247152843742,NA
"4479","OR",6,2022,"H2OR06124","Mike Erickson","202237060","Republican",1.07751498525395,NA
"4480","OR",6,2022,NA,"Greg Goodwin","202237061","Democrat",NA,NA
"4481","PA",1,2018,"H6PA08277","Fitzpatrick, Brian","201838010","Republican",0.664783167118528,"F000466"
"4482","PA",1,2018,"H8PA01286","Malik, Dean","201838010","Republican",0.729847860870846,NA
"4483","PA",1,2018,"H8PA08141","Reddick, Rachel","201838011","Democrat",-0.8122891339283,NA
"4484","PA",1,2018,"H8PA08166","Bacher, Steve","201838011","Democrat",-0.877150971470013,NA
"4485","PA",1,2018,"H8PA08174","Wallace, Scott","201838011","Democrat",-0.7048765685808,NA
"4486","PA",1,2020,"H0PA01317","Meehan, Andrew","202038010","Republican",0.133182343006068,NA
"4487","PA",1,2020,"H0PA01325","Finello,  Christina","202038011","Democrat",-0.962966387931974,NA
"4488","PA",1,2020,"H0PA01333","Hurwitz, Skylar","202038011","Democrat",-1.13429469310417,NA
"4489","PA",1,2020,"H6PA08277","Fitzpatrick, Brian K.","202038010","Republican",0.60068545669003,"F000466"
"4490","PA",1,2022,"H2PA01099","Ashley Ehasz","202238011","Democrat",-1.01513602049994,NA
"4491","PA",1,2022,"H2PA01149","Alex Entin","202238010","Republican",0.770509152246846,NA
"4492","PA",1,2022,"H6PA08277","Brian Fitzpatrick","202238010","Republican",-0.243038010136197,"F000466"
"4493","PA",2,2018,"H4PA13199","Boyle, Brendan","201838021","Democrat",NA,"B001296"
"4494","PA",2,2018,"H8PA01245","Lawrence, Michele","201838021","Democrat",NA,NA
"4495","PA",2,2018,"H8PA02110","Torres, David","201838020","Republican",NA,NA
"4496","PA",2,2020,"H4PA13199","Boyle, Brendan F.","202038021","Democrat",NA,"B001296"
"4497","PA",2,2020,"H8PA02110","Torres, David","202038020","Republican",NA,NA
"4498","PA",2,2022,"H2PA02170","Aaron Bashir","202238020","Republican",0.180703425905934,NA
"4499","PA",2,2022,"H4PA13199","Brendan F Boyle","202238021","Democrat",NA,"B001296"
"4500","PA",3,2018,"H6PA01165","Leib, Bryan","201838030","Republican",0.172881824965667,NA
"4501","PA",3,2018,"H6PA02171","Evans, Dwight","201838031","Democrat",-0.654570328410678,"E000296"
"4502","PA",3,2018,"H8PA01260","Johnson, Kevin","201838031","Democrat",-0.958078018648797,NA
"4503","PA",3,2020,"H0PA03347","Harvey, Michael","202038030","Republican",NA,NA
"4504","PA",3,2020,"H6PA02171","Evans, Dwight","202038031","Democrat",-0.571518691485114,"E000296"
"4505","PA",3,2022,"H2PA03129","Alexandra Marguerite Hunt","202238031","Democrat",-1.01803838047575,NA
"4506","PA",3,2022,"H2PA03145","Michael S Cogbill","202238031","Democrat",-1.04782565808663,NA
"4507","PA",3,2022,"H6PA02171","Dwight Evans","202238031","Democrat",-0.590354758040021,"E000296"
"4508","PA",4,2018,"H8PA04116","Dean, Madeleine","201838041","Democrat",-1.14113889126819,"D000631"
"4509","PA",4,2018,"H8PA04132","Hoeffel, Joe","201838041","Democrat",-0.693490734390967,NA
"4510","PA",4,2018,"H8PA13117","Goodman, Shira","201838041","Democrat",-0.683736918245037,NA
"4511","PA",4,2018,"H8PA15286","David, Dan","201838040","Republican",NA,NA
"4512","PA",4,2020,"H0PA04279","Barnette, Kathy","202038040","Republican",NA,NA
"4513","PA",4,2020,"H8PA04116","Dean, Madeleine","202038041","Democrat",-1.0083596640967,"D000631"
"4514","PA",4,2022,"H2PA04226","Sergio Christian Nascimento","202238040","Republican",0.321935187578635,NA
"4515","PA",4,2022,"H8PA04116","Madeleine D Cunnane","202238041","Democrat",-1.03819770855849,"D000631"
"4516","PA",4,2022,NA,"Daniel L. Burton Jr.","202238040","Republican",1.47451363314125,NA
"4517","PA",5,2018,"H6PA07113","Li, Lindy","201838051","Democrat",-1.12776404538358,NA
"4518","PA",5,2018,"H8PA01278","Lazer, Richard","201838051","Democrat",-1.17812786358604,NA
"4519","PA",5,2018,"H8PA05261","Arata, Larry","201838051","Democrat",-1.04826544828947,NA
"4520","PA",5,2018,"H8PA05279","Kirkland, Thaddeus","201838051","Democrat",-0.326700730494488,NA
"4521","PA",5,2018,"H8PA05287","Davidson, Margo","201838051","Democrat",NA,NA
"4522","PA",5,2018,"H8PA05295","Kim, Pearl","201838050","Republican",-0.170841494808072,NA
"4523","PA",5,2018,"H8PA07119","Sheehan, Molly","201838051","Democrat",-0.841467839598908,NA
"4524","PA",5,2018,"H8PA07176","Vitali, Gregoy","201838051","Democrat",NA,NA
"4525","PA",5,2018,"H8PA07184","Lunkenheimer, Ashley","201838051","Democrat",-0.742232278541973,NA
"4526","PA",5,2018,"H8PA07200","Scanlon, Mary","201838051","Democrat",-1.01826279490639,"S001205"
"4527","PA",5,2018,"H8PA07259","Wright, Theresa","201838051","Democrat",-1.08273876095721,NA
"4528","PA",5,2020,"H0PA05094","Pruett, Dasha","202038050","Republican",0.854839458203746,NA
"4529","PA",5,2020,"H0PA05102","Jordan, Robert","202038050","Republican",NA,NA
"4530","PA",5,2020,"H8PA07200","Scanlon, Mary Gay","202038051","Democrat",NA,"S001205"
"4531","PA",5,2022,"H2PA05074","David Lewczyk Galluch","202238050","Republican",0.63594535393822,NA
"4532","PA",5,2022,"H8PA07200","Mary Gay Scanlon","202238051","Democrat",NA,"S001205"
"4533","PA",6,2018,"H8PA06087","Houlahan, Chrissy","201838061","Democrat",-0.634492848817202,"H001085"
"4534","PA",6,2018,"H8PA07192","McCauley, Greg","201838060","Republican",-0.0594990035254684,NA
"4535","PA",6,2020,"H0PA06167","Emmons, John","202038060","Republican",1.0196919076768,NA
"4536","PA",6,2020,"H8PA06087","Houlahan, Chrissy","202038061","Democrat",-0.831025136925203,"H001085"
"4537","PA",6,2022,"H2PA06163","Stephen A Fanelli","202238060","Republican",1.22881280390889,NA
"4538","PA",6,2022,"H2PA06171","Ronald Christopher Vogel","202238060","Republican",0.335633368119228,NA
"4539","PA",6,2022,"H2PA06189","Regina Mauro","202238060","Republican",NA,NA
"4540","PA",6,2022,"H2PA06197","Guy Louis Ciarrocchi","202238060","Republican",NA,NA
"4541","PA",6,2022,"H8PA06087","Christina Jampoler Houlahan","202238061","Democrat",-0.722311008864514,"H001085"
"4542","PA",7,2018,"H2PA15099","Daugherty, Rick","201838071","Democrat",-0.477984563629625,NA
"4543","PA",7,2018,"H8PA07242","Ruggles, Roger","201838071","Democrat",-0.741724369071243,NA
"4544","PA",7,2018,"H8PA07267","Clark, David","201838071","Democrat",0.0153440567575641,NA
"4545","PA",7,2018,"H8PA15187","Edwards, Greg","201838071","Democrat",-1.39961181259791,NA
"4546","PA",7,2018,"H8PA15229","Wild, Susan","201838071","Democrat",-0.785901930238409,"W000826"
"4547","PA",7,2018,"H8PA15245","Nothstein, Marty","201838070","Republican",1.04172161482074,NA
"4548","PA",7,2018,"H8PA15260","Browning, Dean","201838070","Republican",1.07702603005717,NA
"4549","PA",7,2018,"H8PA15278","Morganelli, John","201838071","Democrat",NA,NA
"4550","PA",7,2020,"H0PA07132","Scheller, Lisa","202038070","Republican",NA,NA
"4551","PA",7,2020,"H8PA15229","Wild, Susan","202038071","Democrat",NA,"W000826"
"4552","PA",7,2020,"H8PA15260","Browning, Dean","202038070","Republican",1.10459695846808,NA
"4553","PA",7,2022,"H0PA07132","Lisa Jane Scheller","202238070","Republican",1.64975336466704,NA
"4554","PA",7,2022,"H2PA07096","Kevin Willard Dellicker","202238070","Republican",0.790366900444159,NA
"4555","PA",7,2022,"H8PA15229","Susan Ellis Wild","202238071","Democrat",-0.98605015316055,"W000826"
"4556","PA",8,2018,"H2PA17079","Cartwright, Matt","201838081","Democrat",-0.220889408502522,"C001090"
"4557","PA",8,2018,"H8PA11103","Peters, Joe","201838080","Republican",0.711326484213129,NA
"4558","PA",8,2018,"H8PA17050","Chrin, John","201838080","Republican",0.676897637423313,NA
"4559","PA",8,2018,"H8PA17068","Kuniegel, Robert","201838080","Republican",0.0992048719432641,NA
"4560","PA",8,2020,"H0PA08189","Haas, Harry IV","202038080","Republican",NA,NA
"4561","PA",8,2020,"H0PA08197","Daniels, Teddy V","202038080","Republican",1.47478491579917,NA
"4562","PA",8,2020,"H0PA08205","Granville, Earl","202038080","Republican",NA,NA
"4563","PA",8,2020,"H0PA08213","Marsicano, Michael","202038080","Republican",0.686552651357603,NA
"4564","PA",8,2020,"H0PA08221","Bognet, Jim","202038080","Republican",0.64247093585873,NA
"4565","PA",8,2020,"H0PA08239","Cammisa, Mike","202038080","Republican",0.189080702261351,NA
"4566","PA",8,2020,"H2PA17079","Cartwright, Matt","202038081","Democrat",-0.171725343813195,"C001090"
"4567","PA",8,2022,"H0PA08221","James Rocco Bognet","202238080","Republican",1.0834314620814,NA
"4568","PA",8,2022,"H2PA17079","Matthew A Cartwright","202238081","Democrat",-0.835015238172219,"C001090"
"4569","PA",8,2022,"H6PA11073","Michael Paul Marsicano","202238080","Republican",1.73952053457887,NA
"4570","PA",9,2018,"H6PA16338","Wegman, Gary","201838091","Democrat",-0.542362000240595,NA
"4571","PA",9,2018,"H8PA09073","Halcovage, George","201838090","Republican",1.39375342498481,NA
"4572","PA",9,2018,"H8PA09081","Quick, Laura","201838091","Democrat",-0.644518596530779,NA
"4573","PA",9,2018,"H8PA10147","Meuser, Dan","201838090","Republican",0.41565951185768,"M001204"
"4574","PA",9,2018,"H8PA11095","Wolff, Denny","201838091","Democrat",-0.828437992701756,NA
"4575","PA",9,2018,"H8PA15237","Uehlinger, Scott","201838090","Republican",0.603857048398529,NA
"4576","PA",9,2020,"H6PA16338","Wegman, Gary","202038091","Democrat",-0.371789174228563,NA
"4577","PA",9,2020,"H8PA09081","Quick, Laura","202038091","Democrat",-0.772213560974944,NA
"4578","PA",9,2020,"H8PA10147","Meuser, Dan","202038090","Republican",-0.156926639720004,"M001204"
"4579","PA",9,2022,"H2PA09126","Amanda R Waldman","202238091","Democrat",-0.923241566464233,NA
"4580","PA",9,2022,"H8PA10147","Daniel P Meuser","202238090","Republican",-0.21202247185624,"M001204"
"4581","PA",10,2018,"H2PA04135","Perry, Scott","201838100","Republican",1.16831584803875,"P000605"
"4582","PA",10,2018,"H8PA04090","Scott, George","201838101","Democrat",-0.718274047259553,NA
"4583","PA",10,2018,"H8PA04108","Corbin-Johnson, Shavonnia","201838101","Democrat",-0.673554858712057,NA
"4584","PA",10,2018,"H8PA10204","Ding, Eric","201838101","Democrat",-0.963733962474052,NA
"4585","PA",10,2018,"H8PA11053","Howe, Alan","201838101","Democrat",NA,NA
"4586","PA",10,2020,"H0PA10102","Brier, Thomas F.","202038101","Democrat",-0.989534713097154,NA
"4587","PA",10,2020,"H0PA10110","DePasquale, Eugene","202038101","Democrat",-0.687027970297716,NA
"4588","PA",10,2020,"H2PA04135","Perry, Scott","202038100","Republican",0.975429859435498,"P000605"
"4589","PA",10,2022,"H2PA04135","Scott G Perry","202238100","Republican",1.03603141015025,"P000605"
"4590","PA",10,2022,"H2PA10116","Richard Chase Coplen","202238101","Democrat",-0.705115091621474,NA
"4591","PA",10,2022,"H2PA10124","Shamaine Andrea Daniels","202238101","Democrat",-0.686707263483366,NA
"4592","PA",11,2018,"H6PA16320","Smucker, Lloyd","201838110","Republican",0.882353879508039,"S001199"
"4593","PA",11,2018,"H8PA11111","Beiler, Chester","201838110","Republican",1.21332110118398,NA
"4594","PA",11,2018,"H8PA16078","King, Jessica","201838111","Democrat",-1.05396760005984,NA
"4595","PA",11,2020,"H0PA11183","Hammond, Sarah","202038111","Democrat",-1.34766251453068,NA
"4596","PA",11,2020,"H0PA11191","Daigle, Paul Richard","202038111","Democrat",-0.490842665528293,NA
"4597","PA",11,2020,"H6PA16320","Smucker, Lloyd K.","202038110","Republican",0.827187141382439,"S001199"
"4598","PA",11,2022,"H2PA11114","Robert M Hollister Ii","202238111","Democrat",-0.661435931944542,NA
"4599","PA",11,2022,"H6PA16320","Lloyd K. Smucker","202238110","Republican",0.348292364813703,"S001199"
"4600","PA",12,2018,"H0PA10078","Marino, Tom","201838120","Republican",1.42121870310069,NA
"4601","PA",12,2018,"H8PA05204","Friedenberg, Marc","201838121","Democrat",-0.807289149814294,NA
"4602","PA",12,2018,"H8PA10170","Herschel, Judy","201838121","Democrat",-1.0778889060927,NA
"4603","PA",12,2018,"H8PA10188","McLinko, Doug","201838120","Republican",0.765935594168549,NA
"4604","PA",12,2020,"H0PA12181","Keller, Fred","202038120","Republican",0.381329946391402,"K000395"
"4605","PA",12,2020,"H0PA12199","Griffin, Lee","202038121","Democrat",NA,NA
"4606","PA",12,2022,"H0PA18097","Gerald Dickinson","202238121","Democrat",-1.37578689419657,NA
"4607","PA",12,2022,"H2PA12070","Michael J Doyle","202238120","Republican",NA,NA
"4608","PA",12,2022,"H2PA18200","Summer Lee","202238121","Democrat",-1.43464541007939,"L000602"
"4609","PA",12,2022,"H2PA18218","Steven Dane Irwin","202238121","Democrat",-1.14228208332669,NA
"4610","PA",12,2022,NA,"Jeffrey D Woodard","202238121","Democrat",-0.587334975095415,NA
"4611","PA",12,2022,NA,"William Parker","202238121","Democrat",-1.25251840865345,NA
"4612","PA",13,2018,"H0PA09039","Hornberger, Benjamin","201838130","Republican",NA,NA
"4613","PA",13,2018,"H2PA09092","Schooley, Travis","201838130","Republican",NA,NA
"4614","PA",13,2018,"H4PA09056","Halvorson, Art","201838130","Republican",0.965292784478642,NA
"4615","PA",13,2018,"H8PA09024","Eichelberger, John","201838130","Republican",NA,NA
"4616","PA",13,2018,"H8PA09057","Mastriano, Doug","201838130","Republican",1.08837074261825,NA
"4617","PA",13,2018,"H8PA11061","Bloom, Stephen","201838130","Republican",NA,NA
"4618","PA",13,2018,"H8PA13125","Joyce, John","201838130","Republican",0.952878441150856,"J000302"
"4619","PA",13,2018,"H8PA13133","Ottaway, Brent","201838131","Democrat",-0.198183597148646,NA
"4620","PA",13,2018,"H8PA13141","Washabaugh, Bernard","201838130","Republican",1.24393913285287,NA
"4621","PA",13,2020,"H0PA13114","Rowley, Todd","202038131","Democrat",-0.555502858486669,NA
"4622","PA",13,2020,"H8PA13125","Joyce, John","202038130","Republican",0.975720175499459,"J000302"
"4623","PA",13,2022,"H8PA13125","John Joyce","202238130","Republican",0.55235445286408,"J000302"
"4624","PA",14,2018,"H2PA09100","Sedlock, Adam","201838141","Democrat",-0.62561544458655,NA
"4625","PA",14,2018,"H8PA12069","Prigg, Tom","201838141","Democrat",NA,NA
"4626","PA",14,2018,"H8PA14065","Boerio, Bibiana","201838141","Democrat",-0.976023017741882,NA
"4627","PA",14,2018,"H8PA18157","Solomon, Robert","201838141","Democrat",-0.671359126525444,NA
"4628","PA",14,2018,"H8PA18199","Reschenthaler, Guy","201838140","Republican",0.908980038355873,"R000610"
"4629","PA",14,2018,"H8PA18231","Saccone, Rick","201838140","Republican",1.26728863926695,NA
"4630","PA",14,2020,"H0PA14138","Marx, William A.","202038141","Democrat",NA,NA
"4631","PA",14,2020,"H8PA18199","Reschenthaler, Guy","202038140","Republican",0.971579660709067,"R000610"
"4632","PA",14,2022,"H8PA18199","Guy Reschenthaler","202238140","Republican",0.996996795757769,"R000610"
"4633","PA",15,2018,"H8PA05071","Thompson, Glenn","201838150","Republican",0.332148956397063,"T000467"
"4634","PA",15,2018,"H8PA05212","Jodun, Wade","201838151","Democrat",NA,NA
"4635","PA",15,2018,"H8PA09065","Boser, Susan","201838151","Democrat",-1.09834219149842,NA
"4636","PA",15,2020,"H0PA15127","Williams, Robert","202038151","Democrat",-0.560195590566672,NA
"4637","PA",15,2020,"H8PA05071","Thompson, Glenn Jr.","202038150","Republican",0.353631398135779,"T000467"
"4638","PA",15,2022,"H2PA15131","Mike Molesevich","202238151","Democrat",NA,NA
"4639","PA",15,2022,"H8PA05071","Glenn William Thompson Jr","202238150","Republican",0.0350008125492259,"T000467"
"4640","PA",16,2018,"H0PA03271","Kelly, Mike","201838160","Republican",0.702733241384154,"K000376"
"4641","PA",16,2018,"H4PA21069","DiNicola, Ronald","201838161","Democrat",-0.760599972328986,NA
"4642","PA",16,2018,"H8PA03126","Rieger, Chris","201838161","Democrat",-0.476273349974148,NA
"4643","PA",16,2018,"H8PA16086","Multari, Robert","201838161","Democrat",-0.599993888728077,NA
"4644","PA",16,2020,"H0PA03271","Kelly, Mike","202038160","Republican",0.666109915694601,"K000376"
"4645","PA",16,2020,"H0PA16034","Gnibus, Kristy","202038161","Democrat",-1.4069395501487,NA
"4646","PA",16,2022,"H0PA03271","George J Kelly Jr","202238160","Republican",0.831432081816248,"K000376"
"4647","PA",16,2022,"H2PA16089","Richard E Telesz","202238161","Democrat",-0.574038870083742,NA
"4648","PA",16,2022,"H2PA16097","Daniel Pastore","202238161","Democrat",-0.773656602931899,NA
"4649","PA",17,2018,"H0PA04220","Rothfus, Keith","201838170","Republican",0.609905556357173,NA
"4650","PA",17,2018,"H8PA18181","Lamb, Conor","201838171","Democrat",-0.591865583511888,"L000588"
"4651","PA",17,2020,"H0PA17115","Parnell, Sean Richard","202038170","Republican",NA,NA
"4652","PA",17,2020,"H8PA18181","Lamb, Conor","202038171","Democrat",-0.598087004253268,"L000588"
"4653","PA",17,2022,"H2PA17103","Christopher Deluzio","202238171","Democrat",-0.46780708810305,"D000530"
"4654","PA",17,2022,"H2PA17137","Sean Michael Meloy","202238171","Democrat",-0.924829151082505,NA
"4655","PA",17,2022,"H2PA17152","Jason Killmeyer","202238170","Republican",NA,NA
"4656","PA",17,2022,"H2PA17160","Jeremy Kevin Shaffer","202238170","Republican",1.33300239992605,NA
"4657","PA",17,2022,"H2PA17186","Kathleen Ann Coder","202238170","Republican",0.538472019240618,NA
"4658","PA",18,2018,"H2PA14092","Brooks, Janis","201838181","Democrat",-0.416818249391481,NA
"4659","PA",18,2018,"H4PA18131","Doyle, Mike","201838181","Democrat",-0.110539668683939,"D000482"
"4660","PA",18,2020,"H0PA18097","Dickinson, Jerry","202038181","Democrat",-1.19684663899041,NA
"4661","PA",18,2020,"H0PA18113","Negron, Luke","202038180","Republican",0.372186451983426,NA
"4662","PA",18,2020,"H4PA18131","Doyle, Mike","202038181","Democrat",-0.62025194820877,"D000482"
"4663","RI",1,2018,"H0RI01073","Cicilline, David","201839011","Democrat",-0.669933226828823,"C001084"
"4664","RI",1,2018,"H8RI01092","Wysocki, Frederick","201839010","Republican",NA,NA
"4665","RI",1,2018,"H8RI01100","Donovan, Patrick","201839010","Republican",NA,NA
"4666","RI",1,2018,NA,"Young, Christopher","201839011","Democrat",NA,NA
"4667","RI",1,2020,"H0RI01073","Cicilline, David","202039011","Democrat",-0.684917772281017,"C001084"
"4668","RI",1,2022,"H0RI01073","David Cicilline","202239011","Democrat",-0.786061567505585,"C001084"
"4669","RI",1,2022,"H2RI01202","Allen Waters","202239010","Republican",0.495068312501111,NA
"4670","RI",2,2018,"H0RI02139","Langevin, James","201839021","Democrat",-0.735187422812084,"L000559"
"4671","RI",2,2018,"H6RI02284","Caiozzo, Salvatore","201839020","Republican",NA,NA
"4672","RI",2,2020,"H0RI02139","Langevin, James","202039021","Democrat",-0.776042121354378,"L000559"
"4673","RI",2,2020,"H0RI02246","Robbio, Donald F.","202039020","Republican",NA,NA
"4674","RI",2,2020,"H0RI02287","Lancia, Bob","202039020","Republican",-0.176950720121539,NA
"4675","RI",2,2020,"H0RI02295","Conley, Dylan","202039021","Democrat",-0.979834283010218,NA
"4676","RI",2,2022,"H2RI02069","Spencer Dickinson","202239021","Democrat",NA,NA
"4677","RI",2,2022,"H2RI02176","Joy Fox","202239021","Democrat",-1.40972498828562,NA
"4678","RI",2,2022,"H2RI02184","Seth Magaziner","202239021","Democrat",-0.554887379933111,"M001223"
"4679","RI",2,2022,"H2RI02218","Omar Bah","202239021","Democrat",-0.946542792027889,NA
"4680","RI",2,2022,"H2RI02226","Allan Fung","202239020","Republican",0.136580046455938,NA
"4681","RI",2,2022,"H2RI02234","David Segal","202239021","Democrat",-0.879496617514964,NA
"4682","RI",2,2022,"H2RI02242","Sarah Morgenthau","202239021","Democrat",NA,NA
"4683","SC",1,2018,"H4SC01073","Sanford, Mark","201840010","Republican",0.827529458479705,NA
"4684","SC",1,2018,"H4SC01271","Cherny, Dimitri","201840010","Republican",-0.376988666728269,NA
"4685","SC",1,2018,"H8SC01116","Cunningham, Joe","201840011","Democrat",-1.03140575380777,"C001122"
"4686","SC",1,2018,"H8SC01124","Arrington, Katie","201840010","Republican",0.977838698001792,NA
"4687","SC",1,2018,"H8SC01132","Smith, Toby","201840011","Democrat",NA,NA
"4688","SC",1,2020,"H0SC01386","Landing, Kathy","202040010","Republican",0.688366497123592,NA
"4689","SC",1,2020,"H0SC01394","Mace, Nancy","202040010","Republican",0.683891161747957,"M000194"
"4690","SC",1,2020,"H0SC01402","Cox, Chris","202040010","Republican",1.34380415503429,NA
"4691","SC",1,2020,"H0SC01428","Mole, Brad","202040010","Republican",NA,NA
"4692","SC",1,2020,"H8SC01116","Cunningham, Joe","202040011","Democrat",-0.606004625562194,NA
"4693","SC",1,2022,"H0SC01394","Nancy Mace","202240010","Republican",0.884506851370701,"M000194"
"4694","SC",1,2022,"H2SC01077","Lynz Piper-Loomis","202240010","Republican",1.44019068943106,NA
"4695","SC",1,2022,"H2SC01127","Annie Andrews","202240011","Democrat",-0.634465467513732,NA
"4696","SC",1,2022,"H2SC01150","Katie Arrington","202240010","Republican",0.915306383606698,NA
"4697","SC",2,2018,"H2SC02059","Wilson, Joe","201840020","Republican",NA,"W000795"
"4698","SC",2,2018,"H8SC02098","Black, Phil","201840021","Democrat",0.446076300464348,NA
"4699","SC",2,2018,"H8SC02106","Carrigan, Sean","201840021","Democrat",-0.447714805504984,NA
"4700","SC",2,2018,"H8SC02114","Robertson, Annabelle","201840021","Democrat",-0.87048652383192,NA
"4701","SC",2,2020,"H0SC02061","Boroughs, Adair Ford","202040021","Democrat",-0.734454629948321,NA
"4702","SC",2,2020,"H0SC02095","Bishop, Michael","202040020","Republican",NA,NA
"4703","SC",2,2020,"H2SC02059","Wilson, Joe","202040020","Republican",1.07173611563925,"W000795"
"4704","SC",2,2022,"H2SC02059","Joe Wilson","202240020","Republican",1.00044184889638,"W000795"
"4705","SC",2,2022,"H2SC02182","Judd Larkins","202240021","Democrat",-0.45424572009222,NA
"4706","SC",3,2018,"H0SC03077","Duncan, Jeff","201840030","Republican",NA,"D000615"
"4707","SC",3,2018,"H4SC03111","Cleveland, Hosea","201840031","Democrat",0.138264708549364,NA
"4708","SC",3,2018,"H8SC03070","Geren, Mary","201840031","Democrat",-1.40949902837999,NA
"4709","SC",3,2020,"H0SC03077","Duncan, Jeff","202040030","Republican",1.81952105404336,"D000615"
"4710","SC",3,2020,"H0SC03150","Welch, Mark Dilling","202040031","Democrat",-0.360551490282257,NA
"4711","SC",3,2020,"H4SC03111","Cleveland, Hosea","202040031","Democrat",-0.802985930419708,NA
"4712","SC",3,2022,"H0SC03077","Jeff Duncan","202240030","Republican",1.93291715282629,"D000615"
"4713","SC",4,2018,"H8SC04201","Davis, JT","201840041","Democrat",0.200533956125995,NA
"4714","SC",4,2018,"H8SC04227","Turner, Doris Lee","201840041","Democrat",-0.654803438531478,NA
"4715","SC",4,2018,"H8SC04235","Morin, Will","201840041","Democrat",NA,NA
"4716","SC",4,2018,"H8SC04250","Timmons, William","201840040","Republican",1.83628434870648,"T000480"
"4717","SC",4,2018,"H8SC04276","Hamilton, Dan","201840040","Republican",0.587685275137468,NA
"4718","SC",4,2018,"H8SC04284","Burns, Mark","201840040","Republican",0.452314774787189,NA
"4719","SC",4,2018,"H8SC04292","Bell, Barry","201840040","Republican",NA,NA
"4720","SC",4,2018,"H8SC04300","Brown, Brandon","201840041","Democrat",NA,NA
"4721","SC",4,2018,"H8SC04318","Kimbrell, Josh","201840040","Republican",1.31694370205636,NA
"4722","SC",4,2018,"H8SC04326","Pierce, Shannon","201840040","Republican",NA,NA
"4723","SC",4,2018,"H8SC04342","Bright, Lee","201840040","Republican",1.63471845128854,NA
"4724","SC",4,2018,"H8SC04359","Graben, Eric","201840041","Democrat",-0.264101346269455,NA
"4725","SC",4,2018,"H8SC04367","Sanders, Justin","201840040","Republican",0.554669126758729,NA
"4726","SC",4,2018,"H8SC04375","Brown, Stephen","201840040","Republican",1.25521789360715,NA
"4727","SC",4,2018,"H8SC04383","Mosser, John","201840040","Republican",1.26980731690776,NA
"4728","SC",4,2018,"H8SC04409","Epley, James","201840040","Republican",1.25049505388686,NA
"4729","SC",4,2018,"H8SC04417","Schmid, Claude","201840040","Republican",NA,NA
"4730","SC",4,2018,"H8SC04425","Albert, Dan","201840040","Republican",0.457302763974843,NA
"4731","SC",4,2020,"H0SC04281","Nelson, Kimberly","202040041","Democrat",-1.34565542069223,NA
"4732","SC",4,2020,"H8SC04250","Timmons, William","202040040","Republican",1.96576026509203,"T000480"
"4733","SC",4,2022,"H2SC04139","Michael LaPierre","202240040","Republican",0.524203313379482,NA
"4734","SC",4,2022,"H2SC04147","Mark Burns","202240040","Republican",NA,NA
"4735","SC",4,2022,"H2SC04154","George Abuzeid","202240040","Republican",0.964115892560135,NA
"4736","SC",4,2022,"H2SC04170","Ken Hill","202240041","Democrat",NA,NA
"4737","SC",4,2022,"H8SC04250","William Timmons","202240040","Republican",1.95863207251057,"T000480"
"4738","SC",5,2018,"H8SC05158","Norman, Ralph","201840050","Republican",1.249017081964,"N000190"
"4739","SC",5,2018,"H8SC05174","Parnell, Archie","201840051","Democrat",-0.757318887545897,NA
"4740","SC",5,2018,"H8SC05240","Ali, Mark","201840051","Democrat",-0.837688264357086,NA
"4741","SC",5,2018,"H8SC05257","Lough, Steve","201840051","Democrat",-0.773414955766787,NA
"4742","SC",5,2018,"H8SC05265","Moore, Sidney","201840051","Democrat",NA,NA
"4743","SC",5,2020,"H8SC05158","Norman, Ralph","202040050","Republican",1.42602093233341,"N000190"
"4744","SC",5,2020,"H8SC05265","Moore, Sidney","202040051","Democrat",NA,NA
"4745","SC",5,2020,NA,"Brown, MoeÊ","202040051","Democrat",-0.773010979513653,NA
"4746","SC",5,2022,"H2SC05094","Kevin Eckert","202240051","Democrat",-1.34932200325893,NA
"4747","SC",5,2022,"H2SC05102","Evangeline Hundley","202240051","Democrat",NA,NA
"4748","SC",5,2022,"H8SC05158","Ralph Norman","202240050","Republican",1.33627389946599,"N000190"
"4749","SC",6,2018,"H2SC02042","Clyburn, James","201840061","Democrat",-0.426182335335039,"C000537"
"4750","SC",6,2018,"H8SC06107","Gressmann, Gerhard","201840060","Republican",NA,NA
"4751","SC",6,2020,"H0SC06237","McCollum, John","202040060","Republican",NA,NA
"4752","SC",6,2020,"H2SC02042","Clyburn, James E.","202040061","Democrat",-0.401413110124174,"C000537"
"4753","SC",6,2022,"H2SC02042","Jim Clyburn","202240061","Democrat",-0.381223347388071,"C000537"
"4754","SC",6,2022,"H2SC06126","Michael Addison","202240061","Democrat",NA,NA
"4755","SC",6,2022,"H2SC06134","Gregg Dixon","202240061","Democrat",-0.767461922326928,NA
"4756","SC",6,2022,"H2SC06142","Duke Buckner","202240060","Republican",NA,NA
"4757","SC",6,2022,"H2SC06159","Sonia Morris","202240060","Republican",NA,NA
"4758","SC",7,2018,"H2SC07066","Rice, Tom","201840070","Republican",0.915401245343587,"R000597"
"4759","SC",7,2018,"H6SC07018","Hyman, Mal","201840071","Democrat",-0.829380890220314,NA
"4760","SC",7,2018,"H8SC07048","Fischer, Bruce","201840071","Democrat",NA,NA
"4761","SC",7,2018,"H8SC07055","Hopkins, Bill","201840071","Democrat",-0.0715316701742958,NA
"4762","SC",7,2018,"H8SC07063","Williams, Robert","201840071","Democrat",NA,NA
"4763","SC",7,2018,"H8SC07071","Hammond, Larry","201840070","Republican",0.0781956512341134,NA
"4764","SC",7,2020,"H0SC07029","Watson, Melissa Ward","202040071","Democrat",-0.541826958673421,NA
"4765","SC",7,2020,"H0SC07037","Williams, William","202040071","Democrat",-0.342986961470683,NA
"4766","SC",7,2020,"H2SC07066","Rice, Tom","202040070","Republican",0.931469077252501,"R000597"
"4767","SC",7,2020,"H8SC07063","Williams, Robert","202040071","Democrat",-0.651836821766045,NA
"4768","SC",7,2022,"H2SC07066","Tom Rice","202240070","Republican",0.8762846712492,NA
"4769","SC",7,2022,"H2SC07173","Ken Richardson","202240070","Republican",1.45761056688146,NA
"4770","SC",7,2022,"H2SC07231","Barbara Arthur","202240070","Republican",1.12537832169068,NA
"4771","SC",7,2022,"H2SC07272","Mark McBride","202240070","Republican",0.830385867401567,NA
"4772","SC",7,2022,"H2SC07280","Russell Fry","202240070","Republican",1.14527079551098,"F000478"
"4773","SC",7,2022,"H2SC07298","Garrett Barton","202240070","Republican",0.573795568126064,NA
"4774","SC",7,2022,"H2SC07306","Spencer Morris","202240070","Republican",0.696930693770376,NA
"4775","SC",7,2022,"H2SC07314","Daryl Scott","202240071","Democrat",NA,NA
"4776","SD",1,2018,"H8SD00024","Tapio, Neal","201841010","Republican",1.23774151861297,NA
"4777","SD",1,2018,"H8SD01055","Johnson, Dusty","201841010","Republican",0.820287676107742,"J000301"
"4778","SD",1,2018,"H8SD01063","Krebs, Shantel","201841010","Republican",1.54706276649408,NA
"4779","SD",1,2018,"H8SD01097","Bjorkman, Timothy","201841011","Democrat",-0.13833845337862,NA
"4780","SD",1,2020,"H0SD01094","May, Liz Marty","202041010","Republican",0.92913364996195,NA
"4781","SD",1,2020,"H8SD01055","Johnson, Dusty","202041010","Republican",NA,"J000301"
"4782","SD",1,2022,"H2SD01041","Taffy Howard","202241010","Republican",1.20076618237681,NA
"4783","SD",1,2022,"H8SD01055","Dusty Johnson","202241010","Republican",NA,"J000301"
"4784","TN",1,2018,"H6TN01388","Roe, Phil","201842010","Republican",1.47257257427473,"R000582"
"4785","TN",1,2018,"H8TN01079","Olsen, Marty","201842011","Democrat",-0.0331773351817815,NA
"4786","TN",1,2018,"H8TN01087","McKinley, Todd","201842010","Republican",0.95440347343698,NA
"4787","TN",1,2018,"H8TN01095","Banyas, Mickie","201842010","Republican",NA,NA
"4788","TN",1,2018,NA,"Brooks, James","201842010","Republican",NA,NA
"4789","TN",1,2020,"H0TN01043","Rowe, Christopher Lee","202042011","Democrat",-0.964885089702734,NA
"4790","TN",1,2020,"H0TN01050","Smith, Larry Joseph","202042011","Democrat",NA,NA
"4791","TN",1,2020,"H0TN01076","Clark, John","202042010","Republican",0.68725864433285,NA
"4792","TN",1,2020,"H0TN01084","Crowe, Dewey Rusty Edward II","202042010","Republican",1.27954426781127,NA
"4793","TN",1,2020,"H0TN01092","Walsingham, Blair Nicole","202042011","Democrat",-0.619460971016717,NA
"4794","TN",1,2020,"H0TN01100","Darden, Steve Matson","202042010","Republican",NA,NA
"4795","TN",1,2020,"H0TN01118","Harshbarger, Diana","202042010","Republican",1.38303030014505,"H001086"
"4796","TN",1,2020,"H0TN01126","Arlinghaus, William Philip","202042010","Republican",1.35014333555162,NA
"4797","TN",1,2020,"H0TN01134","Hill, Timothy Aaron","202042010","Republican",1.53242510179811,NA
"4798","TN",1,2020,"H0TN01142","Gapp, Josh","202042010","Republican",1.27162815399478,NA
"4799","TN",1,2020,"H0TN01159","Hawk, David B.","202042010","Republican",0.284882133200178,NA
"4800","TN",1,2020,"H0TN01167","Fleenor, Chad James","202042010","Republican",NA,NA
"4801","TN",1,2020,"H0TN01175","Quillen, Carter M.","202042010","Republican",0.280443582615719,NA
"4802","TN",1,2020,"H0TN01183","Adkins, Jay","202042010","Republican",0.782339311858922,NA
"4803","TN",1,2020,"H0TN01191","Baker, Richard","202042010","Republican",NA,NA
"4804","TN",1,2020,"H0TN01209","Cansler, Chance L.","202042010","Republican",NA,NA
"4805","TN",1,2020,"H0TN01217","Miller, Chuck","202042010","Republican",NA,NA
"4806","TN",1,2020,"H0TN01225","Williams, Nichole","202042010","Republican",NA,NA
"4807","TN",1,2020,"H4TN01144","Franklin, Robert D.","202042010","Republican",NA,NA
"4808","TN",1,2022,"H0TN01118","Diana Lynn Harshbarger","202242010","Republican",1.34775864185146,"H001086"
"4809","TN",1,2022,"H2TN01106","Cameron Parsons","202242011","Democrat",0.248219793289284,NA
"4810","TN",2,2018,"H8TN02101","Williams, Joshua","201842021","Democrat",-0.530724145159565,NA
"4811","TN",2,2018,"H8TN02119","Burchett, Tim","201842020","Republican",1.39077966067783,"B001309"
"4812","TN",2,2018,"H8TN02127","Matlock, Jimmy","201842020","Republican",1.52003730066484,NA
"4813","TN",2,2018,"H8TN02168","Sagliano, Vito","201842020","Republican",0.256472012938939,NA
"4814","TN",2,2018,"H8TN02176","Hoyos, Renee","201842021","Democrat",-0.671636332641984,NA
"4815","TN",2,2018,"H8TN02200","Emert, Jason","201842020","Republican",1.31199303805807,NA
"4816","TN",2,2018,"H8TN02218","Nickloes, Sarah","201842020","Republican",1.3123869064794,NA
"4817","TN",2,2018,"H8TN02226","Stansberry, C. David","201842020","Republican",0.393021147772795,NA
"4818","TN",2,2018,"H8TN02242","Hamblin, Hank","201842020","Republican",0.970157728124459,NA
"4819","TN",2,2018,"H8TN02259","Schenkenfelder, Joseph","201842021","Democrat",NA,NA
"4820","TN",2,2020,"H0TN02090","Brown, Chance C.","202042021","Democrat",-1.39684997496259,NA
"4821","TN",2,2020,"H8TN02119","Burchett, Tim","202042020","Republican",1.43039128596391,"B001309"
"4822","TN",2,2020,"H8TN02176","Hoyos, Renee","202042021","Democrat",-0.941034173694134,NA
"4823","TN",2,2022,"H2TN02120","Mark Harmon","202242021","Democrat",-1.27867610301295,NA
"4824","TN",2,2022,"H8TN02119","Tim Burchett","202242020","Republican",1.43889042676473,"B001309"
"4825","TN",3,2018,"H0TN03254","Fleischmann, Chuck","201842030","Republican",1.09934358219972,"F000459"
"4826","TN",3,2018,"H8TN03208","Mitchell, Danielle","201842031","Democrat",-0.726532956897068,NA
"4827","TN",3,2018,"H8TN03216","Massengale, Jeremy","201842030","Republican",1.44804614269598,NA
"4828","TN",3,2018,NA,"Shevlin, Harold","201842030","Republican",NA,NA
"4829","TN",3,2018,NA,"Spurlock, William","201842030","Republican",0.205689384674147,NA
"4830","TN",3,2020,"H0TN03254","Fleischmann, Chuck","202042030","Republican",1.54855229132187,"F000459"
"4831","TN",3,2020,"H0TN03452","Gorman, Meg","202042031","Democrat",-1.0104397727379,NA
"4832","TN",3,2022,"H0TN03254","Chuck Fleischmann","202242030","Republican",1.51395399507779,"F000459"
"4833","TN",3,2022,"H2TN03219","Meg Gorman","202242031","Democrat",-0.960014309577594,NA
"4834","TN",3,2022,"H2TN03243","Sandy Casey","202242030","Republican",0.811210499564164,NA
"4835","TN",4,2018,"H0TN04195","DesJarlais, Scott","201842040","Republican",1.03006850662299,"D000616"
"4836","TN",4,2018,"H6TN04200","Reynolds, Steven","201842041","Democrat",-0.586718865485499,NA
"4837","TN",4,2018,"H8TN04081","Maddux, Jack","201842040","Republican",1.19341597859328,NA
"4838","TN",4,2018,"H8TN04099","Phillips, Mariah","201842041","Democrat",-0.149693562001833,NA
"4839","TN",4,2018,"H8TN04107","Hale, Christopher","201842041","Democrat",-0.502911748243233,NA
"4840","TN",4,2020,"H0TN04195","DesJarlais, Scott","202042040","Republican",0.861030121685604,"D000616"
"4841","TN",4,2020,"H0TN04260","Meyer, Doug Norville","202042040","Republican",NA,NA
"4842","TN",4,2020,"H0TN04278","Bivens, Noelle Lydia","202042041","Democrat",-1.29674679989706,NA
"4843","TN",4,2020,"H0TN04294","Sharp, Randy","202042040","Republican",0.724536422088627,NA
"4844","TN",4,2020,"H8TN04107","Hale, Christopher J.","202042041","Democrat",-0.454286640421196,NA
"4845","TN",4,2022,"H0TN04195","Scott DesJarlais","202242040","Republican",1.0756635268669,"D000616"
"4846","TN",4,2022,"H8TN04123","Wayne Steele","202242041","Democrat",-0.303876277609033,NA
"4847","TN",4,2022,NA,"Arnold J. White","202242041","Democrat",NA,NA
"4848","TN",5,2018,"H2TN05131","Cooper, James","201842051","Democrat",0.0239254302181368,"C000754"
"4849","TN",5,2018,"H6TN05314","Ball, Jody","201842050","Republican",0.381584768587208,NA
"4850","TN",5,2018,"H8TN05294","Dean, Glen","201842050","Republican",0.722534217210336,NA
"4851","TN",5,2020,"H0TN05317","Rawlings, Joshua","202042051","Democrat",-0.743181576811172,NA
"4852","TN",5,2020,"H0TN05382","Haynes, Keeda J.","202042051","Democrat",-1.3131881338992,NA
"4853","TN",5,2020,"H2TN05131","Cooper, Jim","202042051","Democrat",-0.731465522101286,"C000754"
"4854","TN",5,2022,"H2TN05347","Natisha Brooks","202242050","Republican",-0.194656627685608,NA
"4855","TN",5,2022,"H2TN05370","Kurt Winstead","202242050","Republican",NA,NA
"4856","TN",5,2022,"H2TN05396","Geni Batchelor","202242050","Republican",NA,NA
"4857","TN",5,2022,"H2TN05404","Beth Harwell","202242050","Republican",NA,NA
"4858","TN",5,2022,"H2TN05420","Timothy Bruce Lee","202242050","Republican",NA,NA
"4859","TN",5,2022,"H2TN05438","Heidi Campbell","202242051","Democrat",NA,NA
"4860","TN",5,2022,"H2TN05446","Andy Ogles","202242050","Republican",1.28948833262573,"O000175"
"4861","TN",5,2022,"H2TN05453","Tres Wittum","202242050","Republican",NA,NA
"4862","TN",5,2022,"H2TN05461","Stewart T. Parks","202242050","Republican",0.865840124438373,NA
"4863","TN",5,2022,"H2TN05479","Jeff Beierlein","202242050","Republican",0.960677594819777,NA
"4864","TN",6,2018,"H0TN06364","Finley, Christopher","201842061","Democrat",NA,NA
"4865","TN",6,2018,"H8TN06078","Monday, Christopher","201842060","Republican",0.67598552610638,NA
"4866","TN",6,2018,"H8TN06086","Matheny, Judd","201842060","Republican",1.52013711285412,NA
"4867","TN",6,2018,"H8TN06094","Rose, John","201842060","Republican",1.44279551860285,"R000612"
"4868","TN",6,2018,"H8TN06102","Corlew, Bob","201842060","Republican",1.45296998015686,NA
"4869","TN",6,2018,"H8TN06128","Barlow, Dawn","201842061","Democrat",-0.729064476542017,NA
"4870","TN",6,2018,"H8TN06144","Wineinger, Merrilee","201842061","Democrat",-0.495886585652884,NA
"4871","TN",6,2018,"H8TN06151","Vivio, Lavern","201842060","Republican",0.807409548346779,NA
"4872","TN",6,2018,"H8TN06177","Heffernan, Peter","201842061","Democrat",NA,NA
"4873","TN",6,2020,"H0TN06364","Finley, Christopher Martin","202042061","Democrat",NA,NA
"4874","TN",6,2020,"H8TN06094","Rose, John","202042060","Republican",1.49886255154975,"R000612"
"4875","TN",6,2022,"H2TN06162","Randal Cooper","202242061","Democrat",-0.126884877944696,NA
"4876","TN",6,2022,"H8TN06094","John Rose","202242060","Republican",1.40188378380085,"R000612"
"4877","TN",6,2022,NA,"Clay Faircloth","202242061","Democrat",-0.0867816551389855,NA
"4878","TN",7,2018,"H8TN07068","Kanew, Justin","201842071","Democrat",-0.75164749541209,NA
"4879","TN",7,2018,"H8TN07076","Green, Mark","201842070","Republican",1.03697329802563,"G000590"
"4880","TN",7,2018,"H8TN07100","Reel, Matt","201842071","Democrat",0.0586525761603757,NA
"4881","TN",7,2020,"H0TN07255","Sreepada, Kiran","202042071","Democrat",-0.831283559550861,NA
"4882","TN",7,2020,"H8TN07076","Green, Mark","202042070","Republican",1.151358748372,"G000590"
"4883","TN",7,2022,"H2TN05305","Odessa Kelly","202242071","Democrat",-1.24963128536223,NA
"4884","TN",7,2022,"H8TN07076","Mark E Green","202242070","Republican",1.18799808276646,"G000590"
"4885","TN",8,2018,"H2TN07103","Kustoff, David","201842080","Republican",0.941794175800949,"K000392"
"4886","TN",8,2018,"H6TN08169","Flinn Jr, George","201842080","Republican",1.25887993547098,NA
"4887","TN",8,2018,"H6TN08250","Pearson, Erika","201842081","Democrat",-0.64176746855427,NA
"4888","TN",8,2018,"H8TN08108","Boatner, John","201842081","Democrat",-0.780535352531398,NA
"4889","TN",8,2018,"H8TN08116","Owens, Colleen","201842080","Republican",0.84573812618004,NA
"4890","TN",8,2020,"H0TN08345","Skinner, Hollis W.","202042081","Democrat",NA,NA
"4891","TN",8,2020,"H2TN07103","Kustoff, David","202042080","Republican",0.958873291703174,"K000392"
"4892","TN",8,2020,"H4TN08065","Pivnick, Lawrence A.","202042081","Democrat",-0.820316137150336,NA
"4893","TN",8,2020,"H6TN08250","Pearson, Erika Stotts","202042081","Democrat",NA,NA
"4894","TN",8,2020,NA,"Williamson, Savannah","202042081","Democrat",NA,NA
"4895","TN",8,2022,"H2TN07103","David Kustoff","202242080","Republican",1.07522818466242,"K000392"
"4896","TN",8,2022,"H2TN08150","Bob Hendry","202242080","Republican",NA,NA
"4897","TN",8,2022,"H2TN08168","Gary Dean Clouse","202242080","Republican",0.84625644029244,NA
"4898","TN",8,2022,"H2TN08184","Lynnette P. Williams","202242081","Democrat",NA,NA
"4899","TN",8,2022,NA,"Danny Ray Bridger Jr","202242080","Republican",0.960511205766355,NA
"4900","TN",8,2022,NA,"Tim McDonald","202242081","Democrat",NA,NA
"4901","TN",9,2018,"H6TN09068","Cohen, Stephen","201842091","Democrat",NA,"C001068"
"4902","TN",9,2018,"H8TN09106","Smith, Kasandra","201842091","Democrat",NA,NA
"4903","TN",9,2018,"H8TN09114","Bergmann, Charlotte","201842090","Republican",0.00946345881560511,NA
"4904","TN",9,2018,NA,"Richmond, Isaac","201842091","Democrat",NA,NA
"4905","TN",9,2020,"H0TN09129","Strong, Corey O.","202042091","Democrat",-0.701206925771639,NA
"4906","TN",9,2020,"H6TN09068","Cohen, Stephen I.","202042091","Democrat",-0.794141998693174,"C001068"
"4907","TN",9,2020,"H8TN09114","Charlotte Bergmann","202042090","Republican",NA,NA
"4908","TN",9,2020,"H8TN09122","AwGoWhat, Leo","202042091","Democrat",NA,NA
"4909","TN",9,2022,"H0TN09061","Charlotte Bergmann","202242090","Republican",0.305627088499737,NA
"4910","TN",9,2022,"H2TN09216","Brown Dudley","202242090","Republican",-0.18634688783227,NA
"4911","TN",9,2022,"H6TN09068","Steve Cohen","202242091","Democrat",-0.168260780463237,"C001068"
"4912","TN",9,2022,NA,"Leo AwGoWhat","202242090","Republican",NA,NA
"4913","TN",9,2022,NA,"M. Latroy Alexandria-Williams","202242091","Democrat",NA,NA
"4914","TX",1,2018,"H2TX01062","McKellar, Shirley","201843011","Democrat",0.443739123192332,NA
"4915","TX",1,2018,"H4TX04039","Gohmert, Louie","201843010","Republican",1.31613385243965,"G000552"
"4916","TX",1,2018,"H8TX01044","Beal, Brent","201843011","Democrat",-0.73493479956249,NA
"4917","TX",1,2018,NA,"Culler, Anthony","201843010","Republican",NA,NA
"4918","TX",1,2018,NA,"Rowjee, Roshin","201843010","Republican",NA,NA
"4919","TX",1,2020,"H0TX01108","Gilbert, Hank","202043011","Democrat",-0.526288205163891,NA
"4920","TX",1,2020,"H0TX01124","Davidson, Johnathan Kyle","202043010","Republican",-0.0903524034533967,NA
"4921","TX",1,2020,"H4TX04039","Gohmert, Louie","202043010","Republican",NA,"G000552"
"4922","TX",1,2022,"H2TX01104","Aditya Atholi","202243010","Republican",1.16337189581907,NA
"4923","TX",1,2022,"H2TX01112","Nathaniel Moran","202243010","Republican",1.33980328317257,"M001224"
"4924","TX",1,2022,"H2TX01120","Joe McDaniel","202243010","Republican",1.08241031510997,NA
"4925","TX",1,2022,"H2TX01138","Gavin Dass","202243011","Democrat",-0.376361382417329,NA
"4926","TX",1,2022,"H2TX01146","Jrmar Jefferson","202243011","Democrat",NA,NA
"4927","TX",1,2022,"H2TX01153","Stephen Kocen","202243011","Democrat",-0.891761583235595,NA
"4928","TX",1,2022,"H2TX32125","John Porro","202243010","Republican",1.18720266878633,NA
"4929","TX",1,2022,NA,"Victor Dunn","202243011","Democrat",NA,NA
"4930","TX",2,2018,"H8TX02067","Litton, Todd","201843021","Democrat",-0.769883965060252,NA
"4931","TX",2,2018,"H8TX02083","Khorasani, Ali","201843021","Democrat",-0.824430284141863,NA
"4932","TX",2,2018,"H8TX02091","Jones, J Darnell","201843021","Democrat",NA,NA
"4933","TX",2,2018,"H8TX02109","Whittaker, Malcolm","201843020","Republican",0.398709617525908,NA
"4934","TX",2,2018,"H8TX02117","Roberts, Kevin","201843020","Republican",1.52634976366759,NA
"4935","TX",2,2018,"H8TX02125","Walker, Rick","201843020","Republican",0.931523701005498,NA
"4936","TX",2,2018,"H8TX02141","Wall, Kathaleen","201843020","Republican",1.18120864336278,NA
"4937","TX",2,2018,"H8TX02158","Malik, Silky","201843021","Democrat",-0.634440662506764,NA
"4938","TX",2,2018,"H8TX02166","Crenshaw, Dan","201843020","Republican",0.562884238266919,"C001120"
"4939","TX",2,2018,"H8TX02174","Parvizian, HP","201843021","Democrat",-0.0644505755559659,NA
"4940","TX",2,2018,"H8TX02182","Havens, Jonny","201843020","Republican",1.30066624049816,NA
"4941","TX",2,2018,"H8TX02190","Lurie, Justin","201843020","Republican",0.811119331302793,NA
"4942","TX",2,2018,"H8TX02208","Spiers, Jon","201843020","Republican",0.796408995592328,NA
"4943","TX",2,2018,"H8TX07082","Balat, David","201843020","Republican",1.30313826752217,NA
"4944","TX",2,2020,"H0TX02098","Olsen, Travis","202043021","Democrat",NA,NA
"4945","TX",2,2020,"H0TX02106","Ladjevardian, Sima","202043021","Democrat",NA,NA
"4946","TX",2,2020,"H8TX02166","Crenshaw, Daniel","202043020","Republican",0.592686881691575,"C001120"
"4947","TX",2,2022,"H2TX02383","Robin Fulford","202243021","Democrat",NA,NA
"4948","TX",2,2022,"H2TX02417","Milam Langella","202243020","Republican",0.356714285478166,NA
"4949","TX",2,2022,"H2TX08158","Jameson Ellis","202243020","Republican",1.31297532887674,NA
"4950","TX",2,2022,"H2TX08232","Martin Etwop","202243020","Republican",1.52595365037847,NA
"4951","TX",2,2022,"H8TX02166","Dan Crenshaw","202243020","Republican",0.31293355667805,"C001120"
"4952","TX",3,2018,"H2TX03118","Johnson, Sam","201843031","Democrat",-0.304162409803074,NA
"4953","TX",3,2018,"H8TX03099","Burch, Laurie","201843031","Democrat",-0.79033567331052,NA
"4954","TX",3,2018,"H8TX03115","Yhap, Medrick","201843031","Democrat",NA,NA
"4955","TX",3,2018,"H8TX03123","Taylor, Van","201843030","Republican",1.51724588422794,"T000479"
"4956","TX",3,2018,"H8TX03149","Niederkorn, David","201843030","Republican",NA,NA
"4957","TX",3,2018,"H8TX03156","Bell, Adam","201843031","Democrat",-0.524404835298782,NA
"4958","TX",3,2018,NA,"Donkervoet, Alex","201843030","Republican",0.41060890583795,NA
"4959","TX",3,2020,"H0TX03096","Do, Tanner","202043031","Democrat",-0.415991925020422,NA
"4960","TX",3,2020,"H0TX03112","McCaffity, Sean","202043031","Democrat",-0.836088497644152,NA
"4961","TX",3,2020,"H0TX03120","Seikaly, Lulu","202043031","Democrat",-1.20837187759271,NA
"4962","TX",3,2020,"H8TX03123","Taylor, Van","202043030","Republican",1.74650056803672,"T000479"
"4963","TX",3,2022,"H2TX03266","Doc Shelby","202243031","Democrat",-0.146487509070493,NA
"4964","TX",3,2022,"H2TX03274","Sandeep Srivastava","202243031","Democrat",-0.723656696567433,NA
"4965","TX",3,2022,"H2TX03282","Suzanne Harp","202243030","Republican",1.12486536780307,NA
"4966","TX",3,2022,"H2TX03290","Keith Self","202243030","Republican",1.22134873829866,"S001224"
"4967","TX",3,2022,"H2TX03308","Rickey Williams","202243030","Republican",0.919812991009256,NA
"4968","TX",3,2022,"H2TX03316","Jeremy Ivanovskis","202243030","Republican",0.736637376695134,NA
"4969","TX",3,2022,"H8TX03123","Van Taylor","202243030","Republican",1.19370861088689,NA
"4970","TX",4,2018,"H4TX04153","Ratcliffe, John","201843040","Republican",1.28952602129807,"R000601"
"4971","TX",4,2018,"H8TX04162","Krantz, Catherine","201843041","Democrat",-0.247895068075372,NA
"4972","TX",4,2018,"H8TX04170","Bethel, Lander","201843041","Democrat",-0.493575635732722,NA
"4973","TX",4,2018,"H8TX04188","Cooper, John","201843040","Republican",1.03821257557833,NA
"4974","TX",4,2020,"H0TX04151","Foster, Russell","202043041","Democrat",-0.727631377597537,NA
"4975","TX",4,2020,"H4TX04153","Ratcliffe, John","202043040","Republican",1.36830749038856,NA
"4976","TX",4,2022,"H0TX04219","Pat Fallon","202243040","Republican",1.49365465758201,"F000246"
"4977","TX",4,2022,"H2TX04124","Iro Omere","202243041","Democrat",-0.91461944540113,NA
"4978","TX",4,2022,"H2TX04132","Dan Thomas","202243040","Republican",0.0747077463770849,NA
"4979","TX",4,2022,"H2TX04140","John Harper","202243040","Republican",NA,NA
"4980","TX",5,2018,"H0TX30032","Lingerfelt, Charles","201843050","Republican",NA,NA
"4981","TX",5,2018,"H8TX05086","Wood, Dan","201843051","Democrat",-0.717155155870573,NA
"4982","TX",5,2018,"H8TX05094","Sheets, Kenneth","201843050","Republican",NA,NA
"4983","TX",5,2018,"H8TX05102","Campbell, Danny","201843050","Republican",1.13801407306738,NA
"4984","TX",5,2018,"H8TX05110","Deen, Sam","201843050","Republican",1.33871886458069,NA
"4985","TX",5,2018,"H8TX05128","Pounds, Bunni","201843050","Republican",1.35679258493359,NA
"4986","TX",5,2018,"H8TX05136","Wright, Jason","201843050","Republican",1.65522506264104,NA
"4987","TX",5,2018,"H8TX05144","Gooden, Lance","201843050","Republican",1.36817578655805,"G000589"
"4988","TX",5,2018,"H8TX05151","Williams, David","201843050","Republican",0.513441816181979,NA
"4989","TX",5,2020,"H0TX05109","Salter, Carolyn","202043051","Democrat",NA,NA
"4990","TX",5,2020,"H0TX05117","Hill, Don","202043050","Republican",NA,NA
"4991","TX",5,2020,"H8TX05144","Gooden, Lance","202043050","Republican",1.45044540960879,"G000589"
"4992","TX",5,2022,"H2TX05238","Kathleen Cordelia Bailey","202243051","Democrat",-0.532467425740849,NA
"4993","TX",5,2022,"H2TX05246","Tartisha Hill","202243051","Democrat",-0.853189960745613,NA
"4994","TX",5,2022,"H8TX05144","Lance Gooden","202243050","Republican",1.47726179760921,"G000589"
"4995","TX",6,2018,"H6TX06203","Woolridge, Ruby Faye","201843061","Democrat",-0.151926702381171,NA
"4996","TX",6,2018,"H8TX06175","Snider, Justin","201843061","Democrat",-0.337558471875295,NA
"4997","TX",6,2018,"H8TX06183","Sanchez, Jana Lynne","201843061","Democrat",-0.267871163567745,NA
"4998","TX",6,2018,"H8TX06191","Duncan, John","201843061","Democrat",-1.14539036720041,NA
"4999","TX",6,2018,"H8TX06217","Shocklee, Levii","201843061","Democrat",-0.165328735102901,NA
"5000","TX",6,2018,"H8TX06225","Mitchell, Mark","201843060","Republican",0.852425197497439,NA
"5001","TX",6,2018,"H8TX06233","Wright, Ron","201843060","Republican",1.67086632444363,"W000827"
"5002","TX",6,2018,"H8TX06241","Dandridge, Shawn","201843060","Republican",NA,NA
"5003","TX",6,2018,"H8TX06258","Dubberly, Shannon","201843060","Republican",NA,NA
"5004","TX",6,2018,"H8TX06266","Ellzey, Jake","201843060","Republican",1.16126089197594,NA
"5005","TX",6,2018,"H8TX06274","Gagliardi, Deborah","201843060","Republican",NA,NA
"5006","TX",6,2018,"H8TX06282","Cope, Ken","201843060","Republican",NA,NA
"5007","TX",6,2018,"H8TX06290","Dillingham, Thomas","201843060","Republican",NA,NA
"5008","TX",6,2018,"H8TX06308","Harrison, Kevin","201843060","Republican",0.198888404797651,NA
"5009","TX",6,2018,"H8TX06316","Hassell, Mel","201843060","Republican",NA,NA
"5010","TX",6,2018,"H8TX06340","Ratterree, Troy","201843060","Republican",0.314861134286594,NA
"5011","TX",6,2020,"H0TX06099","Daniel, Stephen","202043061","Democrat",-0.550012431817804,NA
"5012","TX",6,2020,"H8TX06233","Wright, Ronald","202043060","Republican",1.74204244052591,"W000827"
"5013","TX",6,2022,"H2TX06392","James Buford","202243060","Republican",0.987678049590426,NA
"5014","TX",6,2022,"H8TX06266","Jake Ellzey","202243060","Republican",1.52004527753458,"E000071"
"5015","TX",6,2022,NA,"Bill Payne","202243060","Republican",NA,NA
"5016","TX",7,2018,"H0TX07055","Culberson, John","201843070","Republican",0.965653590423988,NA
"5017","TX",7,2018,"H2TX07036","Cargas, James","201843071","Democrat",-0.253034821999131,NA
"5018","TX",7,2018,"H8TX07090","Butler, Joshua","201843071","Democrat",-0.862849172648813,NA
"5019","TX",7,2018,"H8TX07116","Moser, Laura","201843071","Democrat",-1.01201780542585,NA
"5020","TX",7,2018,"H8TX07124","Triantaphyllis, Alex","201843071","Democrat",-0.731534802027176,NA
"5021","TX",7,2018,"H8TX07132","Westin, Jason","201843071","Democrat",-0.596853130072263,NA
"5022","TX",7,2018,"H8TX07140","Fletcher, Lizzie Pannill","201843071","Democrat",-0.613548457944221,"F000468"
"5023","TX",7,2018,"H8TX07165","Sanchez, Ivan","201843071","Democrat",-0.539298588632402,NA
"5024","TX",7,2018,"H8TX07173","Ziegler, Edward","201843070","Republican",NA,NA
"5025","TX",7,2020,"H0TX07170","Hunt, Wesley","202043070","Republican",0.681459570361662,NA
"5026","TX",7,2020,"H0TX07188","Siegel, Cindy","202043070","Republican",NA,NA
"5027","TX",7,2020,"H0TX07196","Noteware, Jim","202043070","Republican",0.327242775354453,NA
"5028","TX",7,2020,"H0TX07204","Espinoza, Maria","202043070","Republican",1.23179730144823,NA
"5029","TX",7,2020,"H0TX07220","Rehman, Laique","202043070","Republican",0.82361909094429,NA
"5030","TX",7,2020,"H0TX07246","Preston, Kyle","202043070","Republican",0.67469269627039,NA
"5031","TX",7,2020,"H8TX07140","Fletcher, Lizzie Pannill","202043071","Democrat",-0.646019006276479,"F000468"
"5032","TX",7,2022,"H0TX07220","Laique Rehman","202243070","Republican",0.672158921906431,NA
"5033","TX",7,2022,"H0TX09176","Johnny Teague","202243070","Republican",0.326318089000475,NA
"5034","TX",7,2022,"H2TX07077","Tim Stroud","202243070","Republican",0.80702427755538,NA
"5035","TX",7,2022,"H2TX07119","Tina Blum Cohen","202243070","Republican",NA,NA
"5036","TX",7,2022,"H2TX07135","Lance Stewart","202243070","Republican",0.946668138212578,NA
"5037","TX",7,2022,"H2TX07143","Benson Gitau","202243070","Republican",0.555374143114397,NA
"5038","TX",7,2022,"H2TX08109","Rudy Atencio","202243070","Republican",-0.536909685023361,NA
"5039","TX",7,2022,"H8TX07140","Lizzie Fletcher","202243071","Democrat",-0.714303194917888,"F000468"
"5040","TX",8,2018,"H6TX08100","Brady, Kevin","201843080","Republican",NA,"B000755"
"5041","TX",8,2018,"H8TX08080","David, Steven","201843081","Democrat",-0.304872940486766,NA
"5042","TX",8,2020,"H0TX08129","Hernandez, Elizabeth","202043081","Democrat",-0.522334747779719,NA
"5043","TX",8,2020,"H0TX08137","Osborn, Kirk Lloyd","202043080","Republican",NA,NA
"5044","TX",8,2020,"H0TX08145","Jones, Laura","202043081","Democrat",-0.542462593418487,NA
"5045","TX",8,2020,"H0TX08152","Esparza Mathis, Melissa","202043080","Republican",0.469513885333948,NA
"5046","TX",8,2020,"H6TX08100","Brady, Kevin","202043080","Republican",0.327136417002137,"B000755"
"5047","TX",8,2022,"H0TX08145","Laura Jones","202243081","Democrat",-0.504260986878101,NA
"5048","TX",8,2022,"H2TX08125","Jonathan Mitchell","202243080","Republican",0.778939780551657,NA
"5049","TX",8,2022,"H2TX08133","Jonathan Hullihan","202243080","Republican",1.29200265622862,NA
"5050","TX",8,2022,"H2TX08182","Morgan Luttrell","202243080","Republican",NA,"L000603"
"5051","TX",8,2022,"H2TX08190","Betsy Bates","202243080","Republican",NA,NA
"5052","TX",8,2022,"H2TX08208","Taylor Whichard IV","202243080","Republican",NA,NA
"5053","TX",8,2022,"H2TX08224","Dan McKaughan","202243080","Republican",0.783183600320127,NA
"5054","TX",8,2022,"H2TX08240","Michael Philips","202243080","Republican",0.208260566723532,NA
"5055","TX",8,2022,"H2TX08265","Candice Burrows","202243080","Republican",-0.324406584900767,NA
"5056","TX",8,2022,"H2TX08273","Christian Collins","202243080","Republican",NA,NA
"5057","TX",8,2022,"H2TX08307","Jessica Wellington","202243080","Republican",0.846456807646224,NA
"5058","TX",8,2022,NA,"Chuck Montgomery","202243080","Republican",NA,NA
"5059","TX",9,2018,"H4TX09095","Green, Al","201843091","Democrat",-1.00092358338897,"G000553"
"5060","TX",9,2020,"H0TX09168","Menefee, Jon","202043090","Republican",-0.46143235796878,NA
"5061","TX",9,2020,"H0TX09176","Teague, Johnny","202043090","Republican",0.412789987494646,NA
"5062","TX",9,2020,"H0TX09192","Martinez, Julian A.","202043090","Republican",0.373019421198409,NA
"5063","TX",9,2020,"H0TX09200","Wilson, Melissa","202043091","Democrat",-0.0364521858829109,NA
"5064","TX",9,2020,"H4TX09095","Green, Al","202043091","Democrat",-0.749791348292326,"G000553"
"5065","TX",9,2022,"H2TX09156","Jimmy Leon","202243090","Republican",NA,NA
"5066","TX",9,2022,"H4TX09095","Al Green","202243091","Democrat",-0.663367408336158,"G000553"
"5067","TX",10,2018,"H2TX10113","Walter-Cadien, Tawana","201843101","Democrat",0.213920767044529,NA
"5068","TX",10,2018,"H4TX10093","McCaul, Michael","201843100","Republican",0.628235106484014,"M001157"
"5069","TX",10,2018,"H8TX10094","DeGrow, Richie","201843101","Democrat",-0.808052679634193,NA
"5070","TX",10,2018,"H8TX10102","Walker, Tami","201843101","Democrat",-0.980926290836322,NA
"5071","TX",10,2018,"H8TX10110","Siegel, Mike","201843101","Democrat",-0.7993528357099,NA
"5072","TX",10,2018,"H8TX10128","Eden, Madeline","201843101","Democrat",-0.505082829580277,NA
"5073","TX",10,2018,"H8TX10136","Nelson, Kevin","201843101","Democrat",-0.666668221837837,NA
"5074","TX",10,2018,"H8TX10144","Harris, Matt","201843101","Democrat",-0.540932058049371,NA
"5075","TX",10,2018,NA,"Cook, John","201843100","Republican",NA,NA
"5076","TX",10,2020,"H0TX10208","Siegel, Mike","202043101","Democrat",-0.937638255038931,NA
"5077","TX",10,2020,"H0TX10216","Gandhi, Pritesh","202043101","Democrat",-0.980499628271073,NA
"5078","TX",10,2020,"H4TX10093","McCaul, Michael T.","202043100","Republican",0.17406314853615,"M001157"
"5079","TX",10,2020,"H8TX10185","Hutcheson, Shannon","202043101","Democrat",-0.918348052906639,NA
"5080","TX",10,2022,"H2TX21201","Linda Nuno","202243101","Democrat",NA,NA
"5081","TX",10,2022,"H4TX10093","Michael McCaul","202243100","Republican",1.25948103339449,"M001157"
"5082","TX",11,2018,"H4TX19136","Conaway, Mike","201843110","Republican",0.773733913410079,"C001062"
"5083","TX",11,2018,"H8TX11100","Leeder, Jennie Lou","201843111","Democrat",-0.0843614671970353,NA
"5084","TX",11,2018,"H8TX11118","Pfalzgraf, Eric","201843111","Democrat",NA,NA
"5085","TX",11,2018,"H8TX11134","Myers, Paul","201843110","Republican",1.37884854285361,NA
"5086","TX",11,2020,"H0TX11172","Lacy, J. Ross","202043110","Republican",1.66212279553161,NA
"5087","TX",11,2020,"H0TX11198","Hogg, Jon Mark","202043111","Democrat",-0.320949023728006,NA
"5088","TX",11,2020,"H0TX11206","Luscombe, Ned","202043110","Republican",0.742316625745216,NA
"5089","TX",11,2020,"H0TX11222","Virdell, Wesley","202043110","Republican",1.56649969650822,NA
"5090","TX",11,2020,"H0TX11230","Pfluger, August","202043110","Republican",1.60679749667454,"P000048"
"5091","TX",11,2020,"H0TX11248","Berryhill, James","202043110","Republican",0.828911994120602,NA
"5092","TX",11,2020,"H0TX11255","Tucker, Robert W.","202043110","Republican",1.43618442929298,NA
"5093","TX",11,2020,"H0TX11263","Batch, Brandon","202043110","Republican",1.42096463535059,NA
"5094","TX",11,2020,"H0TX11271","Faircloth, James David","202043110","Republican",NA,NA
"5095","TX",11,2020,"H0TX11305","Gray, Casey","202043110","Republican",0.516206772961925,NA
"5096","TX",11,2020,"H0TX11313","Barber, Gene","202043110","Republican",NA,NA
"5097","TX",11,2022,"H0TX11230","August Pfluger","202243110","Republican",0.690864979220703,"P000048"
"5098","TX",12,2018,"H6TX12060","Granger, Kay","201843120","Republican",1.33014706372827,"G000377"
"5099","TX",12,2018,"H8TX12074","Adia, Vanessa","201843121","Democrat",-0.699392471605238,NA
"5100","TX",12,2020,"H0TX12238","Welch, Lisa","202043121","Democrat",-0.958995386647446,NA
"5101","TX",12,2020,"H0TX12246","Putnam, Chris","202043120","Republican",NA,NA
"5102","TX",12,2020,"H0TX12253","Anderson, Danny","202043121","Democrat",NA,NA
"5103","TX",12,2020,"H6TX12060","Granger, Kay","202043120","Republican",1.14397086438449,"G000377"
"5104","TX",12,2022,"H2TX12085","Trey Hunt","202243121","Democrat",NA,NA
"5105","TX",12,2022,"H2TX12101","Ryan Catala","202243120","Republican",NA,NA
"5106","TX",12,2022,"H2TX12119","Alysia Rieg","202243120","Republican",NA,NA
"5107","TX",12,2022,"H6TX12060","Kay Granger","202243120","Republican",1.13502118543677,"G000377"
"5108","TX",13,2018,"H4TX13014","Thornberry, Mac","201843130","Republican",NA,"T000238"
"5109","TX",13,2018,"H8TX13163","Sagan, Greg","201843131","Democrat",0.0882634229225198,NA
"5110","TX",13,2020,"H0TX13103","Snider, Vance Neal II","202043130","Republican",0.854208474478659,NA
"5111","TX",13,2020,"H0TX13111","Worthy, Monique","202043130","Republican",1.31573852966413,NA
"5112","TX",13,2020,"H0TX13129","Winegarner, Josh","202043130","Republican",NA,NA
"5113","TX",13,2020,"H0TX13137","Ekstrom, Chris","202043130","Republican",1.66296014700248,NA
"5114","TX",13,2020,"H0TX13145","Hays, Elaine","202043130","Republican",1.07708153069811,NA
"5115","TX",13,2020,"H0TX13152","Trujillo, Gus","202043131","Democrat",NA,NA
"5116","TX",13,2020,"H0TX13160","Culley, Jamie","202043130","Republican",0.381556038304446,NA
"5117","TX",13,2020,"H0TX13178","Herman, Richard","202043130","Republican",0.490360479178393,NA
"5118","TX",13,2020,"H0TX13186","Resendiz, Asusena","202043130","Republican",NA,NA
"5119","TX",13,2020,"H0TX13194","Knowlton, Diane","202043130","Republican",0.725204559871143,NA
"5120","TX",13,2020,"H0TX13210","Neese, Mark","202043130","Republican",0.163922044914628,NA
"5121","TX",13,2020,"H0TX13228","Jackson, Ronny","202043130","Republican",1.5561379495257,"J000304"
"5122","TX",13,2020,"H0TX13236","Gassaway, Timothy W.","202043131","Democrat",0.0892074452763328,NA
"5123","TX",13,2020,"H0TX13244","Harvey, Lee","202043130","Republican",0.0832161322142113,NA
"5124","TX",13,2020,"H0TX13251","Foglesong, Jason","202043130","Republican",0.676443348569619,NA
"5125","TX",13,2020,"H0TX13269","McArthur, Matt","202043130","Republican",0.168023981848618,NA
"5126","TX",13,2020,"H8TX13163","Sagan, Greg","202043131","Democrat",0.127047080641328,NA
"5127","TX",13,2020,NA,"Carr, Catherine","202043130","Republican",NA,NA
"5128","TX",13,2022,"H0TX13228","Ronny Jackson","202243130","Republican",1.36791639286248,"J000304"
"5129","TX",13,2022,"H2TX13117","Kathleen Brown","202243131","Democrat",0.131150649386113,NA
"5130","TX",14,2018,"H2TX14149","Weber, Randy","201843140","Republican",NA,"W000814"
"5131","TX",14,2018,"H8TX14120","Bell, Adrienne","201843141","Democrat",-0.374710014581789,NA
"5132","TX",14,2018,"H8TX14138","Barnes Jr, Levy","201843141","Democrat",NA,NA
"5133","TX",14,2018,"H8TX14153","Sargent, Bill","201843140","Republican",0.689903078734369,NA
"5134","TX",14,2018,NA,"Casey, Keith","201843140","Republican",NA,NA
"5135","TX",14,2020,"H0TX14176","Barnes, Sanjanetta","202043141","Democrat",-0.699838247053701,NA
"5136","TX",14,2020,"H0TX14184","Thomas, Robert","202043141","Democrat",0.00982972754851196,NA
"5137","TX",14,2020,"H0TX14192","Foxworth, Joshua","202043140","Republican",0.328766358463352,NA
"5138","TX",14,2020,"H0TX14218","Williams, Mikal","202043141","Democrat",-0.0254244289725762,NA
"5139","TX",14,2020,"H0TX14226","Fisher, Eddie","202043141","Democrat",-0.342456148696937,NA
"5140","TX",14,2020,"H2TX14149","Weber, Randy","202043140","Republican",NA,"W000814"
"5141","TX",14,2020,"H8TX14120","Bell, Adrienne","202043141","Democrat",-1.08191987228282,NA
"5142","TX",14,2022,"H0TX14218","Mikal Williams","202243141","Democrat",-0.511382354651952,NA
"5143","TX",14,2022,"H2TX14149","Randy Weber","202243140","Republican",0.290834592430035,"W000814"
"5144","TX",14,2022,"H2TX14198","Ruben Landon Dante","202243140","Republican",NA,NA
"5145","TX",14,2022,NA,"Eugene Howard","202243141","Democrat",-0.680221893952512,NA
"5146","TX",14,2022,NA,"Keith Casey","202243140","Republican",NA,NA
"5147","TX",15,2018,"H6TX15162","Gonzalez, Vicente","201843151","Democrat",-0.221911942619826,"G000581"
"5148","TX",15,2018,"H6TX15204","Westley, Tim","201843150","Republican",0.92190920762226,NA
"5149","TX",15,2020,"H0TX15108","Krause, Ryan","202043150","Republican",1.16363970104754,NA
"5150","TX",15,2020,"H0TX15124","De La Cruz-Hernandez, Monica","202043150","Republican",1.26677164750284,NA
"5151","TX",15,2020,"H6TX15162","Gonzalez, Vicente","202043151","Democrat",-0.107767303327234,"G000581"
"5152","TX",15,2020,"H6TX15204","Westley, Tim","202043150","Republican",0.312143162468638,NA
"5153","TX",15,2022,"H0TX15108","Ryan Krause","202243150","Republican",1.13472957811399,NA
"5154","TX",15,2022,"H0TX15124","Monica De La Cruz","202243150","Republican",1.40536876090544,"D000594"
"5155","TX",15,2022,"H2TX15138","Ruben Ramirez","202243151","Democrat",-0.286384315312806,NA
"5156","TX",15,2022,"H2TX15146","Eliza Alvarado","202243151","Democrat",-0.757916150605159,NA
"5157","TX",15,2022,"H2TX15187","Sara Canady","202243150","Republican",1.41597577673772,NA
"5158","TX",15,2022,"H2TX15195","John Villarreal Rigney","202243151","Democrat",-0.0783271327636463,NA
"5159","TX",15,2022,"H2TX15203","Michelle Vallejo","202243151","Democrat",-1.27981898544023,NA
"5160","TX",15,2022,"H2TX15211","Angela Juarez","202243150","Republican",NA,NA
"5161","TX",15,2022,"H2TX15237","Vangela Churchill","202243150","Republican",1.13422851572006,NA
"5162","TX",15,2022,"H6TX15220","Vanessa Stephanie Tijerina","202243151","Democrat",NA,NA
"5163","TX",15,2022,"H8TX21331","Mauro Garza","202243150","Republican",1.78491696130658,NA
"5164","TX",15,2022,NA,"Aizar Cavazos","202243150","Republican",NA,NA
"5165","TX",15,2022,NA,"John Lerma","202243150","Republican",NA,NA
"5166","TX",15,2022,NA,"Julio Garza","202243151","Democrat",-0.759190251806009,NA
"5167","TX",15,2022,NA,"Steve Schmuker Jr.","202243150","Republican",NA,NA
"5168","TX",16,2018,"H2TX16227","Tilghman, Jerome","201843161","Democrat",-0.337812153865257,NA
"5169","TX",16,2018,"H8TX16083","Fenenbock, Dori","201843161","Democrat",-0.089046419461016,NA
"5170","TX",16,2018,"H8TX16091","Garcia, Enrique","201843161","Democrat",0.0936002755941474,NA
"5171","TX",16,2018,"H8TX16109","Escobar, Veronica","201843161","Democrat",-0.148160533057948,"E000299"
"5172","TX",16,2018,"H8TX16117","Carrillo, John","201843161","Democrat",-0.193023073446692,NA
"5173","TX",16,2018,"H8TX16125","Garcia-Ureste, Alia","201843160","Republican",NA,NA
"5174","TX",16,2018,"H8TX16133","Seeberger, Rick","201843160","Republican",NA,NA
"5175","TX",16,2018,"H8TX16141","Chavez, Norma","201843161","Democrat",NA,NA
"5176","TX",16,2020,"H0TX16098","Aguero, Anthony","202043160","Republican",0.647171154007002,NA
"5177","TX",16,2020,"H0TX16106","Armendariz-Jackson, Irene","202043160","Republican",NA,NA
"5178","TX",16,2020,"H0TX16114","Arriola, Jaime Jr.","202043160","Republican",-0.461705105365642,NA
"5179","TX",16,2020,"H0TX16122","Trout, Blanca Ortiz","202043160","Republican",NA,NA
"5180","TX",16,2020,"H0TX16130","Hernandez-Cigarruista, Patrick","202043160","Republican",NA,NA
"5181","TX",16,2020,"H8TX16109","Escobar, Veronica","202043161","Democrat",-0.216919697199896,"E000299"
"5182","TX",16,2020,"H8TX16166","Williams, Sam","202043160","Republican",-0.122252404603022,NA
"5183","TX",16,2022,"H0TX16106","Irene Armendariz Jackson","202243160","Republican",1.43709450609825,NA
"5184","TX",16,2022,"H2TX16250","Deliris Montanez Berrios","202243161","Democrat",0.0512440500079838,NA
"5185","TX",16,2022,"H8TX16109","Veronica Escobar","202243161","Democrat",-0.209335516550225,"E000299"
"5186","TX",17,2018,"H0TX17104","Flores, Bill","201843170","Republican",NA,"F000461"
"5187","TX",17,2018,"H8TX17131","Matney, Dale","201843171","Democrat",-0.516512124672783,NA
"5188","TX",17,2018,"H8TX17149","Kennedy, Rick","201843171","Democrat",-0.533459192309196,NA
"5189","TX",17,2020,"H0TX17120","Sutton, Trent","202043170","Republican",0.755745697945601,NA
"5190","TX",17,2020,"H0TX17138","Jaramillo, David","202043171","Democrat",-0.367885844393796,NA
"5191","TX",17,2020,"H0TX17146","Adnan, Ahmad","202043170","Republican",-0.389369880308275,NA
"5192","TX",17,2020,"H0TX17153","Hindman, George W.","202043170","Republican",1.0720328676744,NA
"5193","TX",17,2020,"H0TX17161","Bland, Scott","202043170","Republican",NA,NA
"5194","TX",17,2020,"H0TX17179","Vessali, Elianor","202043170","Republican",1.43805700600375,NA
"5195","TX",17,2020,"H0TX17187","Kent, Todd","202043170","Republican",0.298565884925193,NA
"5196","TX",17,2020,"H0TX17195","Swann, Renee","202043170","Republican",NA,NA
"5197","TX",17,2020,"H0TX17203","Saucedo, David","202043170","Republican",NA,NA
"5198","TX",17,2020,"H0TX17211","Oppenheim, Jeffrey","202043170","Republican",NA,NA
"5199","TX",17,2020,"H0TX17229","Foster, William A. III","202043171","Democrat",-0.581848693476254,NA
"5200","TX",17,2020,"H0TX17237","McReynolds, Laurie Godfrey","202043170","Republican",NA,NA
"5201","TX",17,2020,"H0TX17245","Rowin, Kristen Alamo","202043170","Republican",0.411461429134582,NA
"5202","TX",17,2020,"H2TX03126","Sessions, Pete","202043170","Republican",0.300895674315184,"S000250"
"5203","TX",17,2020,"H8TX17149","Kennedy, Rick","202043171","Democrat",-0.914077805106117,NA
"5204","TX",17,2022,"H2TX03126","Pete Sessions","202243170","Republican",1.36041310664249,"S000250"
"5205","TX",17,2022,"H2TX08216","Paulette Carson","202243170","Republican",1.13477733282622,NA
"5206","TX",17,2022,"H2TX17084","Mary Jo Woods","202243171","Democrat",-0.740937994213357,NA
"5207","TX",17,2022,"H2TX17092","Jason Nelson","202243170","Republican",1.42582375326855,NA
"5208","TX",17,2022,"H2TX17100","Rob Rosenberger","202243170","Republican",1.12725456854525,NA
"5209","TX",18,2018,"H4TX18054","Lee, Sheila Jackson","201843181","Democrat",-0.612462744824654,"J000032"
"5210","TX",18,2018,"H6TX18158","Pate, Ava Reynero","201843180","Republican",1.37003663060633,NA
"5211","TX",18,2018,NA,"Johnson, Richard","201843181","Democrat",-0.668630326106758,NA
"5212","TX",18,2020,"H0TX18243","Patel, Bimal","202043181","Democrat",-0.79915339449517,NA
"5213","TX",18,2020,"H0TX18250","Orozco, Stevens","202043181","Democrat",-1.24974121615227,NA
"5214","TX",18,2020,"H0TX18268","Flores, Marc","202043181","Democrat",-0.949051045799341,NA
"5215","TX",18,2020,"H0TX18284","Ford, Jerry Sr.","202043181","Democrat",-0.473010342712019,NA
"5216","TX",18,2020,"H0TX18292","Champion, Wendell","202043180","Republican",0.26629040323447,NA
"5217","TX",18,2020,"H0TX18318","Milliron, Nathan J.","202043180","Republican",NA,NA
"5218","TX",18,2020,"H0TX18326","Allen, Michael","202043181","Democrat",NA,NA
"5219","TX",18,2020,"H0TX18334","Cadena, Robert M.","202043180","Republican",0.425666178260218,NA
"5220","TX",18,2020,"H0TX18359","Boson, Donovan","202043181","Democrat",-0.987510947916318,NA
"5221","TX",18,2020,"H0TX18367","Heiskell, Truly","202043180","Republican",0.537921021089959,NA
"5222","TX",18,2020,"H4TX18054","Jackson Lee, Sheila","202043181","Democrat",-1.03539617907267,"J000032"
"5223","TX",18,2020,"H6TX18158","Pate, Ava Reynero","202043180","Republican",NA,NA
"5224","TX",18,2020,NA,"Manning, T.C.","202043180","Republican",0.970827360082403,NA
"5225","TX",18,2022,"H2TX18207","Carmen Maria Montiel","202243180","Republican",NA,NA
"5226","TX",18,2022,"H4TX18054","Sheila Jackson Lee","202243181","Democrat",-0.186961890409636,"J000032"
"5227","TX",19,2018,"H6TX19099","Arrington, Jodey","201843190","Republican",1.45193506293697,"A000375"
"5228","TX",19,2018,"H8TX19111","Levario, Miguel","201843191","Democrat",-0.373121726536826,NA
"5229","TX",19,2020,"H0TX19068","Watson, Thomas W","202043191","Democrat",NA,NA
"5230","TX",19,2020,"H0TX19084","Boyd, Vance W.","202043190","Republican",NA,NA
"5231","TX",19,2020,"H6TX19099","Arrington, Jodey","202043190","Republican",1.32155100806653,"A000375"
"5232","TX",19,2022,"H6TX19099","Jodey C. Arrington","202243190","Republican",0.878985714393406,"A000375"
"5233","TX",20,2018,"H2TX35011","Castro, Joaquin","201843201","Democrat",NA,"C001091"
"5234","TX",20,2020,"H0TX20116","Lecea, Justin","202043201","Democrat",-0.845402617269463,NA
"5235","TX",20,2020,"H0TX20132","Dina, Dominick","202043200","Republican",NA,NA
"5236","TX",20,2020,"H0TX20140","Kegley, Anita","202043200","Republican",NA,NA
"5237","TX",20,2020,"H0TX20173","Allen, Gary","202043200","Republican",NA,NA
"5238","TX",20,2020,"H0TX20181","Orta, Tammy K.","202043200","Republican",0.316715538009115,NA
"5239","TX",20,2020,"H2TX35011","Castro, Joaquin","202043201","Democrat",0.24668705649352,"C001091"
"5240","TX",20,2020,"H8TX20143","Hostetler, Robert","202043201","Democrat",0.121917929774421,NA
"5241","TX",20,2020,"H8TX21331","Garza, Mauro","202043200","Republican",1.64943154664787,NA
"5242","TX",20,2022,"H2TX20096","Kyle Sinclair","202243200","Republican",1.33088396278008,NA
"5243","TX",20,2022,"H2TX35011","Joaquin Castro","202243201","Democrat",0.347863856266807,"C001091"
"5244","TX",21,2018,"H4TX21041","McCall, Matt","201843210","Republican",0.825267674509327,NA
"5245","TX",21,2018,"H4TX28046","Canesco, Francisco","201843210","Republican",NA,NA
"5246","TX",21,2018,"H8TX08106","Pruitt, Autry","201843210","Republican",0.742060854774661,NA
"5247","TX",21,2018,"H8TX21158","Crowe, Derrick","201843211","Democrat",-1.18634909863755,NA
"5248","TX",21,2018,"H8TX21166","McFadden, Elliott","201843211","Democrat",NA,NA
"5249","TX",21,2018,"H8TX21182","Wilson, Mary Street","201843211","Democrat",-1.21299993158407,NA
"5250","TX",21,2018,"H8TX21190","Kopser, Joseph","201843211","Democrat",-0.761546118060603,NA
"5251","TX",21,2018,"H8TX21208","Burkhart, Eric","201843210","Republican",NA,NA
"5252","TX",21,2018,"H8TX21216","Isaac, Jason","201843210","Republican",1.43270857017516,NA
"5253","TX",21,2018,"H8TX21224","Narvaiz, Susan","201843210","Republican",1.06536059461913,NA
"5254","TX",21,2018,"H8TX21240","Temple, Samuel","201843210","Republican",-0.285030438071705,NA
"5255","TX",21,2018,"H8TX21257","Negley, William","201843210","Republican",NA,NA
"5256","TX",21,2018,"H8TX21265","Andarza, Ivan","201843210","Republican",NA,NA
"5257","TX",21,2018,"H8TX21273","Stovall, Robert","201843210","Republican",0.805656466330365,NA
"5258","TX",21,2018,"H8TX21281","Krause, Ryan","201843210","Republican",NA,NA
"5259","TX",21,2018,"H8TX21299","Hagen, Foster","201843210","Republican",NA,NA
"5260","TX",21,2018,"H8TX21307","Roy, Chip","201843210","Republican",1.50807618241953,"R000614"
"5261","TX",21,2018,"H8TX21315","Sarver, Jennifer","201843210","Republican",1.01324612742815,NA
"5262","TX",21,2018,"H8TX21323","Poteet, Al","201843210","Republican",1.0495467941978,NA
"5263","TX",21,2018,"H8TX21331","Garza, Mauro","201843210","Republican",0.389406698718487,NA
"5264","TX",21,2018,"H8TX21349","Wardlaw, Peggy","201843210","Republican",0.482890606133744,NA
"5265","TX",21,2018,"H8TX21356","White, Anthony","201843210","Republican",1.12499010823327,NA
"5266","TX",21,2020,"H0TX21148","Davis, Wendy R.","202043211","Democrat",NA,NA
"5267","TX",21,2020,"H8TX11100","Leeder, Jennie Lou","202043211","Democrat",-0.78127438252764,NA
"5268","TX",21,2020,"H8TX21307","Roy, Chip","202043210","Republican",1.62750828926277,"R000614"
"5269","TX",21,2022,"H2TX21128","Scott Sturm","202243211","Democrat",-0.969021349646986,NA
"5270","TX",21,2022,"H2TX21136","Michael Alexander French","202243210","Republican",NA,NA
"5271","TX",21,2022,"H2TX21144","Robert Lowry","202243210","Republican",1.2063151928151,NA
"5272","TX",21,2022,"H2TX21169","Cherif Gacis","202243211","Democrat",-0.382628852076409,NA
"5273","TX",21,2022,"H2TX21177","Coy Gee Branscum II","202243211","Democrat",-0.97156631953979,NA
"5274","TX",21,2022,"H2TX21185","Ricardo Villarreal","202243211","Democrat",-0.590542554385068,NA
"5275","TX",21,2022,"H2TX35102","David Anderson Jr.","202243211","Democrat",-0.534056365076307,NA
"5276","TX",21,2022,"H2TX35128","Claudia Andreana Zapata","202243211","Democrat",-0.167072177015938,NA
"5277","TX",21,2022,"H8TX21307","Chip Roy","202243210","Republican",1.39673401484002,"R000614"
"5278","TX",21,2022,NA,"Dana Zavorka","202243210","Republican",0.920986553720065,NA
"5279","TX",22,2018,"H4TX22163","Gibson, Mark","201843221","Democrat",-0.239674680466844,NA
"5280","TX",22,2018,"H8TX22107","Olson, Pete","201843220","Republican",1.39250137430797,"O000168"
"5281","TX",22,2018,"H8TX22206","Plummer, Letitia","201843221","Democrat",-0.728522280229463,NA
"5282","TX",22,2018,"H8TX22230","Zmrhal, Eric","201843220","Republican",0.720875348414933,NA
"5283","TX",22,2018,"H8TX22248","Green, James","201843220","Republican",0.493495532040279,NA
"5284","TX",22,2018,"H8TX22255","Nguyen, Danny","201843220","Republican",0.783387262227966,NA
"5285","TX",22,2018,"H8TX22263","Brown, Steve","201843221","Democrat",-1.02272108579942,NA
"5286","TX",22,2018,"H8TX22271","Johnson, Margarita Ruiz","201843221","Democrat",NA,NA
"5287","TX",22,2018,"H8TX22313","Kulkarni, Sri Preston","201843221","Democrat",-0.691685984840362,NA
"5288","TX",22,2020,"H0TX22153","Walz, Thaddeus Joseph","202043220","Republican",0.906199217993595,NA
"5289","TX",22,2020,"H0TX22161","Moore, Nyanza Davis","202043221","Democrat",NA,NA
"5290","TX",22,2020,"H0TX22179","Reed, Derrick","202043221","Democrat",-0.463764960149622,NA
"5291","TX",22,2020,"H0TX22187","Hill, Greg","202043220","Republican",NA,NA
"5292","TX",22,2020,"H0TX22195","Hinton, Matthew","202043220","Republican",0.333853361618019,NA
"5293","TX",22,2020,"H0TX22203","Wall, Kathaleen","202043220","Republican",0.977600861539908,NA
"5294","TX",22,2020,"H0TX22211","Steele, Howard","202043220","Republican",0.815952540914683,NA
"5295","TX",22,2020,"H0TX22229","Haggard, Douglas","202043220","Republican",0.437528899708132,NA
"5296","TX",22,2020,"H0TX22237","Miller, Diana","202043220","Republican",NA,NA
"5297","TX",22,2020,"H0TX22245","Phan, Shandon","202043220","Republican",NA,NA
"5298","TX",22,2020,"H0TX22260","Reddy, Bangar","202043220","Republican",0.637607948595188,NA
"5299","TX",22,2020,"H0TX22286","Mathews, Daniel","202043220","Republican",NA,NA
"5300","TX",22,2020,"H0TX22302","Nehls, Troy","202043220","Republican",1.59428497211202,"N000026"
"5301","TX",22,2020,"H0TX22310","Bush, Pierce","202043220","Republican",NA,NA
"5302","TX",22,2020,"H0TX22328","Hermes, Aaron","202043220","Republican",0.397033339722673,NA
"5303","TX",22,2020,"H0TX22336","Camarillo, Jonathan","202043220","Republican",0.856722353779476,NA
"5304","TX",22,2020,"H0TX22344","Petricco, Carmine III","202043221","Democrat",NA,NA
"5305","TX",22,2020,"H0TX22351","Penko, Brandon T.","202043220","Republican",NA,NA
"5306","TX",22,2020,"H8TX22313","Kulkarni, Sri Preston","202043221","Democrat",-0.920191077830974,NA
"5307","TX",22,2022,"H0TX22302","Troy Nehls","202243220","Republican",0.19736455013889,"N000026"
"5308","TX",22,2022,"H2TX22183","Jamie Kaye Jordan","202243221","Democrat",NA,NA
"5309","TX",22,2022,"H2TX22191","Gregory Jonathan Thorne","202243220","Republican",0.267826301058904,NA
"5310","TX",23,2018,"H0TX23086","Hurd, Will","201843230","Republican",0.55960449307573,"H001073"
"5311","TX",23,2018,"H8TX23113","Arredondo-Lynch, Alma","201843230","Republican",NA,NA
"5312","TX",23,2018,"H8TX23121","Jones, Gina Ortiz","201843231","Democrat",-0.607299053759558,NA
"5313","TX",23,2018,"H8TX23139","Trevino, Rick","201843231","Democrat",-0.789109376394618,NA
"5314","TX",23,2018,"H8TX23147","Hulings, Jay","201843231","Democrat",-0.559769264425982,NA
"5315","TX",23,2018,"H8TX23154","Canales, Judy","201843231","Democrat",NA,NA
"5316","TX",23,2018,"H8TX23162","Villescaz, Angela","201843231","Democrat",NA,NA
"5317","TX",23,2020,"H0TX23169","Arredondo-Lynch, Alma","202043230","Republican",0.89091703729234,NA
"5318","TX",23,2020,"H0TX23177","Reyes, Raul","202043230","Republican",0.996328804820016,NA
"5319","TX",23,2020,"H0TX23193","Abuabara, Rosalinda Ramos","202043231","Democrat",-0.872366211380233,NA
"5320","TX",23,2020,"H0TX23201","Van Winkle, Ben","202043230","Republican",0.464785476682891,NA
"5321","TX",23,2020,"H0TX23219","Escuder, Jaime","202043231","Democrat",-1.08764577782641,NA
"5322","TX",23,2020,"H0TX23227","Jones, Cecil B.","202043230","Republican",0.0131547567479696,NA
"5323","TX",23,2020,"H0TX23243","Boedeker, Darwin","202043230","Republican",1.27417041560586,NA
"5324","TX",23,2020,"H0TX23250","Valdez, Efrain","202043231","Democrat",NA,NA
"5325","TX",23,2020,"H0TX23268","Thomas, Sharon Breckenridge","202043230","Republican",1.61496987075311,NA
"5326","TX",23,2020,"H0TX23276","McFarlin, Jeff","202043230","Republican",1.06486674012356,NA
"5327","TX",23,2020,"H0TX23284","Madrid, Ricardo","202043231","Democrat",NA,NA
"5328","TX",23,2020,"H0TX35015","Gonzales, Ernest Anthony II","202043230","Republican",1.11351516148962,"G000594"
"5329","TX",23,2020,"H8TX16125","Garcia-Ureste, Alia","202043230","Republican",0.98247718629327,NA
"5330","TX",23,2020,"H8TX23121","Jones, Gina Ortiz","202043231","Democrat",-0.854835570479968,NA
"5331","TX",23,2022,"H0TX35015","Tony Gonzales","202243230","Republican",0.983147850074033,"G000594"
"5332","TX",23,2022,"H2TX23132","John Lira","202243231","Democrat",NA,NA
"5333","TX",23,2022,"H2TX23157","Priscilla Golden","202243231","Democrat",NA,NA
"5334","TX",23,2022,"H8TX16125","Alia Garcia","202243230","Republican",1.26275467515874,NA
"5335","TX",23,2022,NA,"Alma Arredondo-Lynch","202243230","Republican",NA,NA
"5336","TX",24,2018,"H4TX24094","Marchant, Kenny","201843240","Republican",NA,"M001158"
"5337","TX",24,2018,"H6TX24149","McDowell, Jan","201843241","Democrat",-0.926164212539841,NA
"5338","TX",24,2018,"H8TX24103","Allen, Todd","201843241","Democrat",-0.583012132822127,NA
"5339","TX",24,2018,"H8TX24111","Biggan, John","201843241","Democrat",-0.81951608335932,NA
"5340","TX",24,2018,"H8TX24129","Imhoff, Josh","201843241","Democrat",NA,NA
"5341","TX",24,2018,NA,"Davidson, Jonathan","201843240","Republican",-0.120136365431471,NA
"5342","TX",24,2020,"H0TX24159","Fletcher, Crystal","202043241","Democrat",-0.656244091896168,NA
"5343","TX",24,2020,"H0TX24167","Olson, Kim","202043241","Democrat",-0.535362854273242,NA
"5344","TX",24,2020,"H0TX24175","Valenzuela, Candace","202043241","Democrat",-1.11332609348769,NA
"5345","TX",24,2020,"H0TX24183","Fleming, Richard","202043241","Democrat",-0.703420095623544,NA
"5346","TX",24,2020,"H0TX24191","Fegan, David","202043240","Republican",0.666721993182094,NA
"5347","TX",24,2020,"H0TX24209","Van Duyne, Elizabeth Ann","202043240","Republican",NA,"V000134"
"5348","TX",24,2020,"H0TX24217","Chaparala, Suneetha","202043240","Republican",1.47165291480456,NA
"5349","TX",24,2020,"H0TX24225","Liverman, Jeron","202043240","Republican",NA,NA
"5350","TX",24,2020,"H0TX24233","Maes, Desi","202043240","Republican",1.37186594684059,NA
"5351","TX",24,2020,"H0TX24258","Vega, Sam","202043241","Democrat",-1.16891143575464,NA
"5352","TX",24,2020,"H6TX24149","McDowell, Jan","202043241","Democrat",-0.942847192543059,NA
"5353","TX",24,2020,"H8TX24111","Biggan, John","202043241","Democrat",-0.904427063017391,NA
"5354","TX",24,2022,"H0TX24209","Beth Van Duyne","202243240","Republican",0.27500129971659,"V000134"
"5355","TX",24,2022,"H2TX24148","Derrik Gay","202243241","Democrat",-0.555521732822395,NA
"5356","TX",24,2022,"H2TX24163","Kathy Fragnoli","202243241","Democrat",-0.832880366710224,NA
"5357","TX",24,2022,"H2TX24171","Nate Weymouth","202243240","Republican",NA,NA
"5358","TX",24,2022,"H6TX24149","Jan McDowell","202243241","Democrat",-1.00499722992266,NA
"5359","TX",25,2018,"H2TX33040","Williams, Roger","201843250","Republican",1.37722417414721,"W000816"
"5360","TX",25,2018,"H8TX21174","Perri, Chris","201843251","Democrat",-0.72581920222857,NA
"5361","TX",25,2018,"H8TX25126","Thomas, Kathi","201843251","Democrat",-0.420500702556231,NA
"5362","TX",25,2018,"H8TX25134","Panda, Chetan","201843251","Democrat",-1.03035573061212,NA
"5363","TX",25,2018,"H8TX25142","Hansen, West","201843251","Democrat",-0.676304609643695,NA
"5364","TX",25,2018,"H8TX25159","Oliver, Julie","201843251","Democrat",-0.914290980792819,NA
"5365","TX",25,2020,"H0TX25131","Sloan, Heidi","202043251","Democrat",-0.852773861709656,NA
"5366","TX",25,2020,"H0TX25149","Neuendorff, Keith","202043250","Republican",0.285145595443909,NA
"5367","TX",25,2020,"H2TX33040","Williams, Roger","202043250","Republican",NA,"W000816"
"5368","TX",25,2020,"H8TX25159","Oliver, Julie","202043251","Democrat",-1.07904247964893,NA
"5369","TX",25,2022,"H2TX33040","Roger Williams","202243250","Republican",0.887855245615376,"W000816"
"5370","TX",26,2018,"H2TX26093","Burgess, Michael","201843260","Republican",0.717493667599384,"B001248"
"5371","TX",26,2018,"H8TX26082","Fisher, Will","201843261","Democrat",-0.6387714782501,NA
"5372","TX",26,2018,"H8TX26090","Birkenstock, Veronica","201843260","Republican",NA,NA
"5373","TX",26,2018,"H8TX26124","Fagan, Linsey","201843261","Democrat",-0.750599937326701,NA
"5374","TX",26,2020,"H0TX26071","Durrance, Neil L.","202043261","Democrat",NA,NA
"5375","TX",26,2020,"H0TX26121","Iannuzzi, Carol Higbee","202043261","Democrat",-0.724962401106056,NA
"5376","TX",26,2020,"H0TX26139","Pruneda, Mateo","202043261","Democrat",-0.721436229970476,NA
"5377","TX",26,2020,"H0TX26147","Mrochek, Jason","202043260","Republican",1.28741446938407,NA
"5378","TX",26,2020,"H0TX26154","Wyman, Jack","202043260","Republican",0.836739514906476,NA
"5379","TX",26,2020,"H0TX26188","Armstrong, Michael","202043260","Republican",NA,NA
"5380","TX",26,2020,"H2TX26093","Burgess, Michael C.","202043260","Republican",0.677032825411547,"B001248"
"5381","TX",26,2022,"H2TX26093","Michael Burgess","202243260","Republican",0.623112945977493,"B001248"
"5382","TX",26,2022,"H2TX26176","Isaac Smith","202243260","Republican",1.0121741175843,NA
"5383","TX",26,2022,"H2TX26192","Vincent Gallo","202243260","Republican",1.22426228083901,NA
"5384","TX",26,2022,"H2TX26200","Raven Harrison","202243260","Republican",1.57140096590942,NA
"5385","TX",26,2022,"H2TX26218","Brian Brazeal","202243260","Republican",0.896288241560615,NA
"5386","TX",27,2018,"H2TX27216","McDonald, Ronnie","201843271","Democrat",NA,NA
"5387","TX",27,2018,"H6TX27092","Barrera, Roy","201843271","Democrat",-0.146562059388267,NA
"5388","TX",27,2018,"H8TX27049","Cloud, Michael","201843270","Republican",1.22529087056715,"C001115"
"5389","TX",27,2018,"H8TX27056","Holguin, Eric","201843271","Democrat",-1.01515584156741,NA
"5390","TX",27,2018,"H8TX27072","Bruun, Bech","201843270","Republican",1.41724609393314,NA
"5391","TX",27,2018,"H8TX27080","Mapp, Christopher","201843270","Republican",0.658053904085071,NA
"5392","TX",27,2018,"H8TX27098","Foster, Vanessa","201843271","Democrat",-0.214990474121884,NA
"5393","TX",27,2018,NA,"Gassman, Eddie","201843270","Republican",NA,NA
"5394","TX",27,2018,NA,"Hall, Jerry","201843270","Republican",0.724806248883949,NA
"5395","TX",27,2018,NA,"Grunwald, John","201843270","Republican",NA,NA
"5396","TX",27,2020,"H0TX27087","De La Fuente, Ricardo","202043271","Democrat",-0.735559169154248,NA
"5397","TX",27,2020,"H0TX27095","Jackson, Charlie","202043271","Democrat",-0.117064303433895,NA
"5398","TX",27,2020,"H8TX27049","Cloud, Michael","202043270","Republican",1.3497514052048,"C001115"
"5399","TX",27,2022,"H2TX22134","Andrew Alvarez","202243270","Republican",NA,NA
"5400","TX",27,2022,"H2TX27273","Anthony Tristan","202243271","Democrat",NA,NA
"5401","TX",27,2022,"H2TX27281","A.J. Louderback","202243270","Republican",1.40946145846788,NA
"5402","TX",27,2022,"H2TX27299","Maclovio Perez Jr.","202243271","Democrat",-0.741562771380955,NA
"5403","TX",27,2022,"H2TX27307","Victor Melgoza","202243271","Democrat",NA,NA
"5404","TX",27,2022,"H2TX27315","Eric Mireles","202243270","Republican",NA,NA
"5405","TX",27,2022,"H8TX27049","Michael Cloud","202243270","Republican",1.11981215870858,"C001115"
"5406","TX",27,2022,"H8TX27080","Chris Mapp","202243270","Republican",0.209733085662408,NA
"5407","TX",28,2018,"H2TX23082","Cuellar, Henry","201843281","Democrat",-0.160156109076686,"C001063"
"5408","TX",28,2020,"H0TX28069","Whitten, Sandra","202043280","Republican",0.355978433214174,NA
"5409","TX",28,2020,"H0TX28077","Cisneros, Jessica","202043281","Democrat",-0.924624962988273,NA
"5410","TX",28,2020,"H2TX23082","Cuellar, Henry","202043281","Democrat",0.0122109119138119,"C001063"
"5411","TX",28,2022,"H0TX28069","Sandra Whitten","202243280","Republican",1.10710195954243,NA
"5412","TX",28,2022,"H0TX28077","Jessica Cisneros","202243281","Democrat",-1.03307326393901,NA
"5413","TX",28,2022,"H2TX23082","Henry Cuellar","202243281","Democrat",-0.0874102773858825,"C001063"
"5414","TX",28,2022,"H2TX28081","Tannya Judith Benavides","202243281","Democrat",-0.807825905447229,NA
"5415","TX",28,2022,"H2TX28099","Steven Fowler","202243280","Republican",1.39451810111921,NA
"5416","TX",28,2022,"H2TX28107","Ed Cabrera","202243280","Republican",0.58093948289217,NA
"5417","TX",28,2022,"H2TX28115","Rolando Rodriguez","202243280","Republican",NA,NA
"5418","TX",28,2022,"H2TX28123","Willie Vasquez Ng","202243280","Republican",1.63472850070206,NA
"5419","TX",28,2022,"H2TX28131","Eric Hohman","202243280","Republican",0.941423823600479,NA
"5420","TX",28,2022,"H2TX28149","Cassy Garcia","202243280","Republican",NA,NA
"5421","TX",29,2018,"H6TX29056","Garcia, Dominique","201843291","Democrat",NA,NA
"5422","TX",29,2018,"H6TX29080","Schafranek, Robert","201843290","Republican",NA,NA
"5423","TX",29,2018,"H8TX29045","Morales, Hector","201843291","Democrat",-0.743365852014837,NA
"5424","TX",29,2018,"H8TX29052","Garcia, Sylvia","201843291","Democrat",0.00626048964206195,"G000587"
"5425","TX",29,2018,"H8TX29060","Valencia, Pedro","201843291","Democrat",-0.342587347004736,NA
"5426","TX",29,2018,"H8TX29078","Garcia, Roel","201843291","Democrat",NA,NA
"5427","TX",29,2018,"H8TX29086","Javed, Tahir","201843291","Democrat",NA,NA
"5428","TX",29,2018,"H8TX29094","Aronoff, Phillip","201843290","Republican",0.525861877657735,NA
"5429","TX",29,2018,"H8TX29102","Montiel, Carmen Maria","201843290","Republican",0.752610225980893,NA
"5430","TX",29,2018,"H8TX29110","Blanco, Jaimy","201843290","Republican",1.3664715613388,NA
"5431","TX",29,2018,"H8TX29128","Reyes, Augustine","201843291","Democrat",NA,NA
"5432","TX",29,2020,"H6TX29080","Schafranek, Robert","202043290","Republican",0.12999224355559,NA
"5433","TX",29,2020,"H8TX29052","Garcia, Sylvia R.","202043291","Democrat",-0.152783335593051,"G000587"
"5434","TX",29,2020,"H8TX29136","Blanco, Jaimy Z._","202043290","Republican",0.982962627405995,NA
"5435","TX",29,2022,"H2TX29121","Lulite Ejigu","202243290","Republican",0.286397158166497,NA
"5436","TX",29,2022,"H6TX29080","Robert Schafranek","202243290","Republican",NA,NA
"5437","TX",29,2022,"H8TX29052","Sylvia Garcia","202243291","Democrat",-0.0290894457543267,"G000587"
"5438","TX",29,2022,"H8TX29110","Jaimy Blanco","202243290","Republican",1.12223473577579,NA
"5439","TX",29,2022,NA,"Julio Garza","202243290","Republican",-0.792666855362568,NA
"5440","TX",30,2018,"H2TX00015","Johnson, Bernice","201843301","Democrat",NA,"J000126"
"5441","TX",30,2018,"H2TX30079","Caraway, Barbara","201843301","Democrat",-0.617924631593345,NA
"5442","TX",30,2018,NA,"Williams, Eric","201843301","Democrat",NA,NA
"5443","TX",30,2020,"H0TX30073","Caraway, Barbara Mallory","202043301","Democrat",-0.500406338188671,NA
"5444","TX",30,2020,"H0TX30081","Cleveland, Shenita","202043301","Democrat",-0.795441343614697,NA
"5445","TX",30,2020,"H0TX30099","Burton, Hasani","202043301","Democrat",-1.10406914137333,NA
"5446","TX",30,2020,"H0TX32053","Pennie, Tre","202043300","Republican",0.194678734494387,NA
"5447","TX",30,2020,"H2TX00015","Johnson, Eddie Bernice","202043301","Democrat",-0.66099989504171,"J000126"
"5448","TX",30,2022,"H2TX30079","Barbara Mallory Caraway","202243301","Democrat",-0.0217187713264149,NA
"5449","TX",30,2022,"H2TX30111","Jessica Mason","202243301","Democrat",-1.05481049062997,NA
"5450","TX",30,2022,"H2TX30137","Jane Hope Hamilton","202243301","Democrat",-1.510517961455,NA
"5451","TX",30,2022,"H2TX30145","Abel Mulugheta","202243301","Democrat",-0.749894234549313,NA
"5452","TX",30,2022,"H2TX30152","Vonciel Jones Hill","202243301","Democrat",NA,NA
"5453","TX",30,2022,"H2TX30160","Arthur Dixon","202243301","Democrat",-1.13057158405908,NA
"5454","TX",30,2022,"H2TX30178","Jasmine Crockett","202243301","Democrat",-0.577450973201957,"C001130"
"5455","TX",30,2022,"H2TX30228","Keisha Williams-Lankford","202243301","Democrat",-1.07839524997901,NA
"5456","TX",30,2022,"H2TX30236","James Rodgers","202243300","Republican",0.242629987568091,NA
"5457","TX",30,2022,"H2TX30244","James Harris","202243300","Republican",NA,NA
"5458","TX",30,2022,"H2TX30251","Roy Williams Jr.","202243301","Democrat",NA,NA
"5459","TX",30,2022,NA,"Angeigh Roc'Ellerpitts","202243300","Republican",NA,NA
"5460","TX",30,2022,NA,"Dakinya Jefferson","202243300","Republican",NA,NA
"5461","TX",30,2022,NA,"Kelvin Goodwin-Castillo","202243300","Republican",NA,NA
"5462","TX",30,2022,NA,"Lizbeth Diaz","202243300","Republican",0.200759517349072,NA
"5463","TX",31,2018,"H2TX31044","Carter, John","201843310","Republican",1.4849512455103,"C001051"
"5464","TX",31,2018,"H6TX31045","Clark, Mike","201843311","Democrat",-0.461013772581118,NA
"5465","TX",31,2018,"H6TX31052","Sweeney, Mike","201843310","Republican",1.11980061831297,NA
"5466","TX",31,2018,"H8TX31033","Mann, Christine Eady","201843311","Democrat",-0.536541786682946,NA
"5467","TX",31,2018,"H8TX31041","Lester, Kent","201843311","Democrat",-0.253376533778864,NA
"5468","TX",31,2018,"H8TX31058","Hegar, Mary Jennings","201843311","Democrat",-0.287662554565267,NA
"5469","TX",31,2020,"H0TX31030","Garapati, Abhiram","202043310","Republican",0.799318582922415,NA
"5470","TX",31,2020,"H0TX31048","Williams, Mike","202043310","Republican",NA,NA
"5471","TX",31,2020,"H0TX31097","Imam, Donna","202043311","Democrat",-1.03021534402829,NA
"5472","TX",31,2020,"H0TX31105","Hanke, Eric","202043311","Democrat",-0.598314276895188,NA
"5473","TX",31,2020,"H0TX31121","Janjigian, Dan","202043311","Democrat",-0.0341169354437106,NA
"5474","TX",31,2020,"H0TX31147","Young, Tammy","202043311","Democrat",-1.25379223103174,NA
"5475","TX",31,2020,"H0TX31154","Grimes, Michael Edward","202043311","Democrat",NA,NA
"5476","TX",31,2020,"H0TX31170","Wall, Christoper","202043310","Republican",0.271920431696747,NA
"5477","TX",31,2020,"H2TX31044","Carter, John","202043310","Republican",1.27697558203759,"C001051"
"5478","TX",31,2020,"H8TX31033","Mann, Christine Eady","202043311","Democrat",-0.630513224713203,NA
"5479","TX",31,2022,"H0TX31030","Abhiram Garapati","202243310","Republican",1.33726101711999,NA
"5480","TX",31,2022,"H0TX31048","Mike Williams","202243310","Republican",0.817239364666105,NA
"5481","TX",31,2022,"H2TX31044","John Carter","202243310","Republican",1.25936795805628,"C001051"
"5482","TX",32,2018,"H2TX03126","Sessions, Pete","201843320","Republican",0.722814923973852,NA
"5483","TX",32,2018,"H8TX32072","Marshall, Ron","201843321","Democrat",-0.347761924298473,NA
"5484","TX",32,2018,"H8TX32098","Allred, Colin","201843321","Democrat",-1.11258528518215,"A000376"
"5485","TX",32,2018,"H8TX32106","Meier, Ed","201843321","Democrat",-0.737199402404873,NA
"5486","TX",32,2018,"H8TX32114","Maternowski, Todd","201843321","Democrat",-0.620868547884397,NA
"5487","TX",32,2018,"H8TX32122","Rodriguez, George","201843321","Democrat",-0.541865890234754,NA
"5488","TX",32,2018,"H8TX32148","Salerno, Lillian","201843321","Democrat",-0.970106882119779,NA
"5489","TX",32,2018,"H8TX32163","Shipp, Brett","201843321","Democrat",-0.257381656145055,NA
"5490","TX",32,2018,NA,"Brown, Paul","201843320","Republican",0.973015265986333,NA
"5491","TX",32,2020,"H0TX32087","Collins, Genevieve","202043320","Republican",0.480475621940134,NA
"5492","TX",32,2020,"H0TX32103","Hollis, Jon","202043320","Republican",NA,NA
"5493","TX",32,2020,"H0TX32129","Sackett, Mark","202043320","Republican",NA,NA
"5494","TX",32,2020,"H6TX32068","Tokar, Jeff","202043320","Republican",NA,NA
"5495","TX",32,2020,"H8TX32098","Allred, Colin","202043321","Democrat",-1.11542912195662,"A000376"
"5496","TX",32,2020,NA,"McLendon, Floyd Jr.","202043320","Republican",NA,NA
"5497","TX",32,2022,"H2TX32083","Brad Namdar","202243320","Republican",NA,NA
"5498","TX",32,2022,"H2TX32133","Justin Webb","202243320","Republican",NA,NA
"5499","TX",32,2022,"H2TX32141","Nathan Davis","202243320","Republican",0.275375543065874,NA
"5500","TX",32,2022,"H2TX32158","EE Okpa","202243320","Republican",0.764113789827026,NA
"5501","TX",32,2022,"H2TX32166","Antonio Swad","202243320","Republican",NA,NA
"5502","TX",32,2022,"H8TX32098","Colin Allred","202243321","Democrat",-0.931110787222074,"A000376"
"5503","TX",32,2022,NA,"Darrell Day","202243320","Republican",NA,NA
"5504","TX",33,2018,"H2TX33073","Veasey, Marc","201843331","Democrat",-0.410983739492631,"V000131"
"5505","TX",33,2018,"H8TX33021","Billups, Willie","201843330","Republican",0.186196784783847,NA
"5506","TX",33,2018,NA,"Quintanilla, Carlos","201843331","Democrat",NA,NA
"5507","TX",33,2020,"H0TX33010","Vasquez, Fabian Cordova","202043330","Republican",0.335218959148253,NA
"5508","TX",33,2020,"H0TX33044","Segura, Sean Paul","202043331","Democrat",-0.332163901379297,NA
"5509","TX",33,2020,"H2TX33073","Veasey, Marc","202043331","Democrat",-0.477669100745216,"V000131"
"5510","TX",33,2022,"H2TX06186","Carlos Quintanilla","202243331","Democrat",-0.303022710021701,NA
"5511","TX",33,2022,"H2TX33073","Marc Veasey","202243331","Democrat",-0.383133916474701,"V000131"
"5512","TX",33,2022,"H2TX33248","Patrick David Gillespie","202243330","Republican",NA,NA
"5513","TX",33,2022,NA,"Robert Mac Glaflin","202243330","Republican",0.25773106458997,NA
"5514","TX",34,2018,"H2TX27190","Vela, Filemon","201843341","Democrat",NA,"V000132"
"5515","TX",34,2018,"H6TX34031","Gonzalez, Rey","201843340","Republican",0.699554321289974,NA
"5516","TX",34,2020,"H0TX34018","Haro, Osbert Rodriguez III","202043341","Democrat",-0.572136383786474,NA
"5517","TX",34,2020,"H0TX34026","Zavala, Diego","202043341","Democrat",-0.803913900117957,NA
"5518","TX",34,2020,"H0TX34034","Lingsch, Rod","202043340","Republican",NA,NA
"5519","TX",34,2020,"H2TX27190","Vela, Filemon","202043341","Democrat",-0.543722967922778,"V000132"
"5520","TX",34,2020,"H6TX34031","Gonzalez, Rey Jr.","202043340","Republican",0.655152566553192,NA
"5521","TX",34,2022,"H0TX34026","Diego Zavala","202243341","Democrat",-0.780753238845057,NA
"5522","TX",34,2022,"H2TX15112","Frank McCaffrey","202243340","Republican",0.812762046451643,NA
"5523","TX",34,2022,"H2TX34113","Mayra Flores","202243340","Republican",1.33025589747707,NA
"5524","TX",34,2022,"H2TX34170","Beatriz Reynoso","202243341","Democrat",-0.415956839621874,NA
"5525","TX",34,2022,"H2TX34188","Laura Cisneros","202243341","Democrat",NA,NA
"5526","TX",34,2022,"H2TX34196","William Thompson","202243341","Democrat",NA,NA
"5527","TX",34,2022,"H2TX34204","Filemon Meza","202243341","Democrat",NA,NA
"5528","TX",34,2022,"H6TX15162","Vicente Gonzalez","202243341","Democrat",-0.238223770991763,"G000581"
"5529","TX",34,2022,NA,"Juana Cantú-Cabrera","202243340","Republican",NA,NA
"5530","TX",34,2022,NA,"Gregory Scott Kunkle Jr.","202243340","Republican",0.231673934307187,NA
"5531","TX",34,2022,NA,"Osbert Rodriguez Haro","202243341","Democrat",-0.406862761290555,NA
"5532","TX",35,2018,"H4TX10028","Doggett, Lloyd","201843351","Democrat",-0.780619841609253,"D000399"
"5533","TX",35,2018,"H8TX35018","Alexander, SK","201843350","Republican",1.06553824386732,NA
"5534","TX",35,2018,"H8TX35026","Smalling, David","201843350","Republican",-0.401751691461942,NA
"5535","TX",35,2020,"H0TX35023","Moutos, Nick","202043350","Republican",0.399241487505526,NA
"5536","TX",35,2020,"H0TX35049","Hayward, William R.","202043350","Republican",0.499003153046998,NA
"5537","TX",35,2020,"H0TX35064","Sharon, Jennifer","202043350","Republican",NA,NA
"5538","TX",35,2020,"H0TX35072","Alcoser, Rafael III","202043351","Democrat",NA,NA
"5539","TX",35,2020,"H4TX10028","Doggett, Lloyd","202043351","Democrat",-0.752489193872171,"D000399"
"5540","TX",35,2022,"H0TX20124","Dan McQueen","202243350","Republican",NA,NA
"5541","TX",35,2022,"H2TX35136","Eddie Rodriguez","202243351","Democrat",NA,NA
"5542","TX",35,2022,"H2TX35144","Greg Casar","202243351","Democrat",-1.42057723874291,"C001131"
"5543","TX",35,2022,"H2TX35151","Marilyn Jackson","202243350","Republican",NA,NA
"5544","TX",35,2022,"H2TX35169","Rebecca Viagran","202243351","Democrat",NA,NA
"5545","TX",35,2022,"H2TX35177","Asa Palagi","202243350","Republican",0.230519331810799,NA
"5546","TX",35,2022,"H2TX35185","Jenai Aragona","202243350","Republican",0.577590593338032,NA
"5547","TX",35,2022,"H2TX35193","Jennifer Sundt","202243350","Republican",NA,NA
"5548","TX",35,2022,"H2TX35201","Alejandro Ledezma","202243350","Republican",0.438373554472666,NA
"5549","TX",35,2022,"H2TX35219","Carla-Joy Sisco","202243351","Democrat",-0.745010459003612,NA
"5550","TX",35,2022,"H2TX35235","Sam Montoya","202243350","Republican",0.622247354045488,NA
"5551","TX",35,2022,NA,"Bill Condict","202243350","Republican",0.924507993542827,NA
"5552","TX",35,2022,NA,"Dan Sawatzki","202243350","Republican",NA,NA
"5553","TX",35,2022,NA,"Michael Rodriguez","202243350","Republican",NA,NA
"5554","TX",36,2018,"H6TX02079","Babin, Brian","201843360","Republican",1.4965911839227,"B001291"
"5555","TX",36,2018,"H8TX36016","Powell, Jon","201843361","Democrat",-0.959074931472722,NA
"5556","TX",36,2018,"H8TX36024","Steele, Dayna","201843361","Democrat",-0.625948617331543,NA
"5557","TX",36,2020,"H0TX36013","Boatman, R J","202043360","Republican",1.53063832058213,NA
"5558","TX",36,2020,"H0TX36021","Lewis, Rashad","202043361","Democrat",NA,NA
"5559","TX",36,2020,"H6TX02079","Babin, Brian","202043360","Republican",1.59596062790614,"B001291"
"5560","TX",36,2022,"H2TX36142","Jon Haire","202243361","Democrat",-0.607623926533492,NA
"5561","TX",36,2022,"H6TX02079","Brian Babin","202243360","Republican",1.4742507553118,"B001291"
"5562","TX",37,2022,"H0TX31097","Donna Imam","202243371","Democrat",-1.32605042204555,NA
"5563","TX",37,2022,"H0TX35064","Jenny Garcia Sharon","202243370","Republican",0.980241379574094,NA
"5564","TX",37,2022,"H2TX37041","Chris Jones","202243371","Democrat",-0.750684237104562,NA
"5565","TX",37,2022,"H2TX37066","Quinton Beaubouef","202243371","Democrat",NA,NA
"5566","TX",37,2022,"H2TX37074","Jeremiah Diacogiannis","202243370","Republican",1.20627313508736,NA
"5567","TX",37,2022,"H4TX10028","Lloyd Doggett","202243371","Democrat",-0.88203337623163,"D000399"
"5568","TX",37,2022,NA,"Rod Lingsch","202243370","Republican",NA,NA
"5569","TX",38,2022,"H0TX07170","Wesley Hunt","202243380","Republican",1.60471026071488,"H001095"
"5570","TX",38,2022,"H2TX02367","Brett Guillory","202243380","Republican",0.744146544057045,NA
"5571","TX",38,2022,"H2TX07051","Damien Mockus","202243380","Republican",0.252424089712609,NA
"5572","TX",38,2022,"H2TX07069","Roland Lopez","202243380","Republican",0.641568872953654,NA
"5573","TX",38,2022,"H2TX07093","Richard Welch","202243380","Republican",-0.0828896764610626,NA
"5574","TX",38,2022,"H2TX08166","Jerry Ford","202243380","Republican",1.42273918438438,NA
"5575","TX",38,2022,"H2TX38015","Phil Covarrubias","202243380","Republican",1.20536497375579,NA
"5576","TX",38,2022,"H2TX38023","Mark Ramsey","202243380","Republican",1.13778665096436,NA
"5577","TX",38,2022,"H2TX38049","Centrell Reed","202243381","Democrat",-1.29517385395259,NA
"5578","TX",38,2022,"H2TX38056","Duncan Klussmann","202243381","Democrat",-0.172072343186849,NA
"5579","TX",38,2022,"H2TX38064","Diana Martinez Alexander","202243381","Democrat",-1.54344342405761,NA
"5580","TX",38,2022,"H2TX38072","David Hogan","202243380","Republican",0.984387984787311,NA
"5581","TX",38,2022,NA,"Alex Cross","202243380","Republican",NA,NA
"5582","UT",1,2018,"H2UT01094","Bishop, Rob","201844010","Republican",0.959691513834306,"B001250"
"5583","UT",1,2018,"H8UT01117","Weiland, Kurt","201844011","Democrat",0.0249626701651978,NA
"5584","UT",1,2018,"H8UT01158","Castillo, Lee","201844011","Democrat",-0.635002617478853,NA
"5585","UT",1,2020,"H0UT01130","Witt, Katie","202044010","Republican",0.823833521930469,NA
"5586","UT",1,2020,"H0UT01148","Cheek, Jamie","202044011","Democrat",-0.952585048017461,NA
"5587","UT",1,2020,"H0UT01163","Stevenson, Bob","202044010","Republican",0.469916932068833,NA
"5588","UT",1,2020,"H0UT01171","Gibson, Kerry W.","202044010","Republican",1.31672258528756,NA
"5589","UT",1,2020,"H0UT01205","Moore, Blake David","202044010","Republican",0.416560109942674,"M001213"
"5590","UT",1,2020,"H0UT01213","Parry, Darren Bruce","202044011","Democrat",-0.517196922580875,NA
"5591","UT",1,2022,"H0UT01114","Tina Cannon","202244010","Republican",0.739291942358411,NA
"5592","UT",1,2022,"H0UT01205","Blake Moore","202244010","Republican",0.571638229101008,"M001213"
"5593","UT",1,2022,"H2UT01268","Andrew Badger","202244010","Republican",0.940063650974295,NA
"5594","UT",1,2022,"H2UT01300","Rick Jones","202244011","Democrat",NA,NA
"5595","UT",2,2018,"H2UT02324","Stewart, Chris","201844020","Republican",0.355265145974482,"S001192"
"5596","UT",2,2018,"H8UT02255","Ghorbani, Shireen","201844021","Democrat",-1.05320866743592,NA
"5597","UT",2,2020,"H0UT02302","Weston, Kael","202044021","Democrat",-0.329882021099315,NA
"5598","UT",2,2020,"H2UT02324","Stewart, Chris","202044020","Republican",0.337921502797016,"S001192"
"5599","UT",2,2022,"H2UT02324","Chris Stewart","202244020","Republican",1.12784063833085,"S001192"
"5600","UT",2,2022,"H2UT02456","Erin Rider","202244020","Republican",0.191920176377545,NA
"5601","UT",2,2022,"H2UT02498","Nick Mitchell","202244021","Democrat",-0.521876774675627,NA
"5602","UT",3,2018,"H8UT03238","Curtis, John","201844030","Republican",0.583212641260807,"C001114"
"5603","UT",3,2018,"H8UT03253","Herrod, Christopher","201844030","Republican",0.712513665898087,NA
"5604","UT",3,2018,"H8UT03402","Singer, James Courage","201844031","Democrat",NA,NA
"5605","UT",3,2020,"H0UT03193","Thorpe, Devin","202044031","Democrat",-0.959835484454605,NA
"5606","UT",3,2020,"H8UT03238","Curtis, John","202044030","Republican",0.549544955830977,"C001114"
"5607","UT",3,2022,"H2UT03306","Glenn Wright","202244031","Democrat",-0.376007653963758,NA
"5608","UT",3,2022,"H8UT03238","John Curtis","202244030","Republican",0.449611940481898,"C001114"
"5609","UT",3,2022,"H8UT03253","Chris Herrod","202244030","Republican",0.89008129912357,NA
"5610","UT",4,2018,"H2UT04023","Love, Mia","201844040","Republican",0.501141220025165,NA
"5611","UT",4,2018,"H8UT04053","McAdams, Ben","201844041","Democrat",-0.893091228256834,"M001209"
"5612","UT",4,2020,"H0UT04035","McFarland, Jay","202044040","Republican",0.232933137787699,NA
"5613","UT",4,2020,"H0UT04043","Coleman, Kim","202044040","Republican",0.673933574643617,NA
"5614","UT",4,2020,"H0UT04076","Owens, Burgess","202044040","Republican",0.7090082751337,"O000086"
"5615","UT",4,2020,"H0UT04092","Christensen, Trent","202044040","Republican",NA,NA
"5616","UT",4,2020,"H8UT04053","McAdams, Ben","202044041","Democrat",-0.88340170905507,NA
"5617","UT",4,2022,"H0UT04076","Burgess Owens","202244040","Republican",0.605731089452213,"O000086"
"5618","UT",4,2022,"H2UT04072","Jake Hunsacker","202244040","Republican",0.474299888220551,NA
"5619","UT",4,2022,"H8UT04046","Darlene McDonald","202244041","Democrat",-0.269135488243968,NA
"5620","VA",1,2018,"H8VA01147","Wittman, Rob","201846010","Republican",0.219108293004406,"W000804"
"5621","VA",1,2018,"H8VA01253","Santana Jr, Edwin","201846011","Democrat",-0.922455323984163,NA
"5622","VA",1,2018,"H8VA01295","Suddarth, John","201846011","Democrat",-0.671347028727338,NA
"5623","VA",1,2018,"H8VA01303","Williams, Vangie","201846011","Democrat",-0.669726369828763,NA
"5624","VA",1,2020,"H0VA01235","Rashid, Qasim","202046011","Democrat",-0.707480213244407,NA
"5625","VA",1,2020,"H8VA01147","Wittman, Robert J.","202046010","Republican",0.251145733768661,"W000804"
"5626","VA",1,2020,"H8VA01303","Williams, Vangie","202046011","Democrat",-0.581207578469355,NA
"5627","VA",1,2022,"H2VA01124","Herbert C. ""Herb"" Jones Jr.","202246011","Democrat",-0.729535207481632,NA
"5628","VA",1,2022,"H8VA01147","Rob J. Wittman","202246010","Republican",0.20839151606842,"W000804"
"5629","VA",2,2018,"H0VA02118","Taylor, Scott","201846020","Republican",0.598504158242538,NA
"5630","VA",2,2018,"H8VA02079","Jones, Mary","201846020","Republican",1.21171167433507,NA
"5631","VA",2,2018,"H8VA02103","Mallard, Karen","201846021","Democrat",-0.731135423810117,NA
"5632","VA",2,2018,"H8VA02111","Luria, Elaine","201846021","Democrat",-0.982915335053673,"L000591"
"5633","VA",2,2020,"H0VA02092","Loyola, Ben Jr.","202046020","Republican",1.14693641783328,NA
"5634","VA",2,2020,"H0VA02118","Taylor, Scott W.","202046020","Republican",NA,NA
"5635","VA",2,2020,"H0VA02175","Bell, Jarome","202046020","Republican",1.27257271241762,NA
"5636","VA",2,2020,"H8VA02111","Luria, Elaine","202046021","Democrat",-0.3732875088179,"L000591"
"5637","VA",2,2022,"H0VA02167","Andrew G. ""Andy"" Baan","202246020","Republican",0.754145736024972,NA
"5638","VA",2,2022,"H0VA02175","Jarome Bell","202246020","Republican",1.29537524366499,NA
"5639","VA",2,2022,"H2VA02064","Jen A. Kiggans","202246020","Republican",0.728904150315673,"K000399"
"5640","VA",2,2022,"H2VA02072","L. Tommy Altman III","202246020","Republican",1.59730127589613,NA
"5641","VA",2,2022,"H8VA02111","Elaine G. Luria","202246021","Democrat",-0.32453191218608,NA
"5642","VA",3,2018,"H6VA01117","Scott, Robert","201846031","Democrat",NA,"S000185"
"5643","VA",3,2020,"H0VA03124","Collick, John William Jr.","202046030","Republican",0.585862483550198,NA
"5644","VA",3,2020,"H0VA03132","Downs, Madison","202046030","Republican",0.297622315396324,NA
"5645","VA",3,2020,"H0VA03165","Yacus, George Michael","202046030","Republican",0.213797266411661,NA
"5646","VA",3,2020,"H6VA01117","Scott, Robert","202046031","Democrat",-0.351272016763292,"S000185"
"5647","VA",3,2022,"H2VA02056","Ted W. Engquist","202246030","Republican",0.286095070622469,NA
"5648","VA",3,2022,"H2VA03070","Terry T. Namkung","202246030","Republican",0.623109797322383,NA
"5649","VA",3,2022,"H6VA01117","Robert C. ""Bobby"" Scott","202246031","Democrat",-1.11994739167274,"S000185"
"5650","VA",4,2018,"H6VA04061","McEachin, Donald","201846041","Democrat",-1.2279033861304,"M001200"
"5651","VA",4,2018,"H8VA04026","McAdams, Ryan","201846040","Republican",0.93053411681737,NA
"5652","VA",4,2018,"H8VA04034","Fenty, Shion","201846040","Republican",0.233939039691926,NA
"5653","VA",4,2020,"H0VA04064","Benjamin, Leon","202046040","Republican",NA,NA
"5654","VA",4,2020,"H0VA04080","Levine, R. Cazel","202046041","Democrat",-0.298573936058928,NA
"5655","VA",4,2020,"H6VA04061","McEachin, A. Donald","202046041","Democrat",NA,"M001200"
"5656","VA",4,2022,"H0VA04064","Leon Benjamin Sr.","202246040","Republican",NA,NA
"5657","VA",4,2022,"H6VA04061","A. Donald McEachin","202246041","Democrat",-0.807319784208509,NA
"5658","VA",5,2018,"H8VA05155","Cockburn, Leslie","201846051","Democrat",-0.793222929027296,NA
"5659","VA",5,2018,"H8VA05171","Rigglemann, Denver","201846050","Republican",NA,"R000611"
"5660","VA",5,2020,"H0VA05145","Webb, Cameron Bryant","202046051","Democrat",-1.38181406764035,NA
"5661","VA",5,2020,"H0VA05152","Lesinski, John","202046051","Democrat",-0.70549388366841,NA
"5662","VA",5,2020,"H0VA05160","Good, Bob","202046050","Republican",1.12650942199484,"G000595"
"5663","VA",5,2020,"H0VA05178","Russo, Claire","202046051","Democrat",-1.02980891472262,NA
"5664","VA",5,2020,"H8VA05114","Huffstetler, Roger Jr.","202046051","Democrat",-1.17537313766461,NA
"5665","VA",5,2022,"H0VA05160","Bob Good","202246050","Republican",0.781234908236339,"G000595"
"5666","VA",5,2022,"H2VA05091","Joshua M. Throneburg","202246051","Democrat",-1.11416029856417,NA
"5667","VA",6,2018,"H8VA06070","Volosin, Peter","201846061","Democrat",-0.675821344060772,NA
"5668","VA",6,2018,"H8VA06088","Coppola II, Sergio","201846061","Democrat",-0.236154286289551,NA
"5669","VA",6,2018,"H8VA06104","Cline, Benjamin","201846060","Republican",1.28275088552205,"C001118"
"5670","VA",6,2018,"H8VA06138","Lewis, Jennifer","201846061","Democrat",-1.32974261919547,NA
"5671","VA",6,2018,"H8VA06161","Moore, Charlotte","201846061","Democrat",-0.242131297516587,NA
"5672","VA",6,2020,"H0VA06044","Betts, Nicholas","202046061","Democrat",-0.699689266956844,NA
"5673","VA",6,2020,"H8VA06104","Cline, Benjamin","202046060","Republican",NA,"C001118"
"5674","VA",6,2022,"H2VA06206","Merritt D. Hale","202246060","Republican",0.672732146423124,NA
"5675","VA",6,2022,"H8VA06104","Ben L. Cline","202246060","Republican",1.24502035927204,"C001118"
"5676","VA",6,2022,"H8VA06138","Jennifer Lynn Lewis","202246061","Democrat",NA,NA
"5677","VA",7,2018,"H4VA07143","Brat, David","201846070","Republican",1.1784958285937,NA
"5678","VA",7,2018,"H8VA07086","Ward, Daniel","201846071","Democrat",-0.841582425469775,NA
"5679","VA",7,2018,"H8VA07094","Spanberger, Abigail","201846071","Democrat",-0.969443728432931,"S001209"
"5680","VA",7,2020,"H0VA07158","Freitas, Nick","202046070","Republican",NA,NA
"5681","VA",7,2020,"H8VA07094","Spanberger, Abigail","202046071","Democrat",-0.775169233075026,"S001209"
"5682","VA",7,2022,"H2VA07170","Derrick M. Anderson","202246070","Republican",NA,NA
"5683","VA",7,2022,"H2VA07253","Gina R. Ciarcia","202246070","Republican",1.1884486710689,NA
"5684","VA",7,2022,"H2VA07261","Yesli I. Vega","202246070","Republican",0.908777947397868,NA
"5685","VA",7,2022,"H2VA07279","David L. Ross","202246070","Republican",1.09625615038117,NA
"5686","VA",7,2022,"H2VA07287","Crystal L. Vanuch","202246070","Republican",1.43780173936613,NA
"5687","VA",7,2022,"H2VA10216","Bryce E. Reeves","202246070","Republican",1.10360630744385,NA
"5688","VA",7,2022,"H8VA07094","Abigail A. Spanberger","202246071","Democrat",-0.862009898454308,"S001209"
"5689","VA",8,2018,"H4VA08224","Beyer, Donald","201846081","Democrat",-0.639069171379101,"B001292"
"5690","VA",8,2018,"H8VA08159","Oh, Thomas","201846080","Republican",0.278926423939133,NA
"5691","VA",8,2020,"H0VA08198","Jordan, Jeff","202046080","Republican",0.833478896737942,NA
"5692","VA",8,2020,"H4VA08224","Beyer, Donald S. Jr.","202046081","Democrat",-0.593232200723409,"B001292"
"5693","VA",8,2022,"H2VA08145","Victoria I. Virasingh","202246081","Democrat",-1.1543275438969,NA
"5694","VA",8,2022,"H2VA08152","Karina Lipsman","202246080","Republican",0.513004315692399,NA
"5695","VA",8,2022,"H4VA08224","Donald S. Beyer, Jr.","202246081","Democrat",-0.838049743768435,"B001292"
"5696","VA",9,2018,"H0VA09055","Griffith, Morgan","201846090","Republican",1.02006094051633,"G000568"
"5697","VA",9,2018,"H8VA09058","Santopietro, Justin","201846091","Democrat",-0.879890488295069,NA
"5698","VA",9,2018,"H8VA09066","Flaccavento, Anthony","201846091","Democrat",-0.673246812310064,NA
"5699","VA",9,2020,"H0VA09055","Griffith, H. Morgan","202046090","Republican",1.04877960423221,"G000568"
"5700","VA",9,2022,"H0VA09055","H. Morgan Griffith","202246090","Republican",0.527964001776611,"G000568"
"5701","VA",9,2022,"H2VA09085","Taysha Lee Devaughan","202246091","Democrat",NA,NA
"5702","VA",10,2018,"H4VA10089","Comstock, Barbara","201846100","Republican",0.0997950283635533,NA
"5703","VA",10,2018,"H8VA10080","Helmer, Dan","201846101","Democrat",-0.504841780852696,NA
"5704","VA",10,2018,"H8VA10098","Stover, Lindsey","201846101","Democrat",-0.414482762929133,NA
"5705","VA",10,2018,"H8VA10106","Wexton, Jennifer","201846101","Democrat",-1.01403279048898,"W000825"
"5706","VA",10,2018,"H8VA10122","Friedman, Alison","201846101","Democrat",-0.496841038622894,NA
"5707","VA",10,2018,"H8VA10155","Hill, Shak","201846100","Republican",NA,NA
"5708","VA",10,2018,"H8VA10163","Biggins, Julia","201846101","Democrat",NA,NA
"5709","VA",10,2018,"H8VA10171","Pelletier, Paul","201846101","Democrat",-0.149196476453387,NA
"5710","VA",10,2020,"H0VA10186","Andrews, Aliscia","202046100","Republican",1.78636742569261,NA
"5711","VA",10,2020,"H8VA10106","Wexton, Jennifer","202046101","Democrat",-1.03934356749154,"W000825"
"5712","VA",10,2022,"H2VA10240","Hung Cao","202246100","Republican",1.12052457483809,NA
"5713","VA",10,2022,"H8VA10106","Jennifer T. Wexton","202246101","Democrat",-0.965569450961435,"W000825"
"5714","VA",11,2018,"H8VA11062","Connolly, Gerald","201846111","Democrat",-0.524005309302956,"C001078"
"5715","VA",11,2018,"H8VA11070","Dove, Jeff","201846110","Republican",NA,NA
"5716","VA",11,2020,"H0VA11119","Mohsini, Zainab","202046111","Democrat",-0.99024959346538,NA
"5717","VA",11,2020,"H0VA11127","Anantatmula, Manga","202046110","Republican",NA,NA
"5718","VA",11,2020,"H8VA11062","Connolly, Gerald E.","202046111","Democrat",-0.494448123164603,"C001078"
"5719","VA",11,2022,"H2VA11255","Jim Myles","202246110","Republican",0.640512903804351,NA
"5720","VA",11,2022,"H8VA11062","Gerald E. ""Gerry"" Connolly","202246111","Democrat",-0.887621847500544,"C001078"
"5721","VT",1,2018,"H6VT00160","Welch, Pete","201845011","Democrat",NA,"W000800"
"5722","VT",1,2018,"H8VT00158","Paige, Brooke","201845010","Republican",-0.00969962573081917,NA
"5723","VT",1,2018,"H8VT01040","Freilich, Dan","201845011","Democrat",-0.800886492555456,NA
"5724","VT",1,2018,"H8VT01065","Tynio, Anya","201845010","Republican",NA,NA
"5725","VT",1,2018,NA,"Mitchell, Benjamin","201845011","Democrat",NA,NA
"5726","VT",1,2020,"H0VT00122","Corbo, Ralph","202045011","Democrat",NA,NA
"5727","VT",1,2020,"H0VT00130","Berry, Miriam","202045010","Republican",NA,NA
"5728","VT",1,2020,"H0VT01062","Rodriguez, Jimmy","202045010","Republican",NA,NA
"5729","VT",1,2020,"H0VT01070","Tuthill, Justin","202045010","Republican",-0.513979572937078,NA
"5730","VT",1,2020,"H6VT00160","Welch, Peter","202045011","Democrat",-1.05570713862717,"W000800"
"5731","VT",1,2020,"H8VT01065","Tynio, Anya","202045010","Republican",0.303964162437452,NA
"5732","VT",1,2022,"H2VT01068","Molly Gray","202245011","Democrat",-1.07825365537061,NA
"5733","VT",1,2022,"H2VT01076","Becca Balint","202245011","Democrat",-1.34563339991745,"B001318"
"5734","VT",1,2022,"H2VT01084","Ericka Redic","202245010","Republican",0.139402944950246,NA
"5735","VT",1,2022,"H2VT01092","Sianay Clifford","202245011","Democrat",-1.24932274701515,NA
"5736","VT",1,2022,"H2VT01100","Liam Madden","202245010","Republican",NA,NA
"5737","VT",1,2022,"H2VT01118","Louis Meyers","202245011","Democrat",-0.305390156010628,NA
"5738","VT",1,2022,"H8VT01065","Ayna Tynio","202245010","Republican",0.293213252645155,NA
"5739","WA",1,2018,"H0WA08046","DelBene, Suzan","201847019","Democrat",-0.786437222970156,"D000617"
"5740","WA",1,2018,"H8WA01077","Beeler, Jeffrey","201847019","Republican",NA,NA
"5741","WA",1,2018,NA,"Stafne, Scott","201847019","Republican",NA,NA
"5742","WA",1,2020,"H0WA01124","Chartrand, Derek","202047019","Republican",-0.257279609387196,NA
"5743","WA",1,2020,"H0WA08046","DelBene, Suzan","202047019","Democrat",-1.09124408418505,"D000617"
"5744","WA",1,2020,"H8WA01077","Beeler, Jeffrey Sr.","202047019","Republican",0.346550788616828,NA
"5745","WA",1,2022,"H0WA01124","Derek K Chartrand","202247019","Republican",-0.206278155454687,NA
"5746","WA",1,2022,"H0WA08046","Suzan DelBene","202247019","Democrat",-0.862501151519839,"D000617"
"5747","WA",1,2022,"H2WA01252","Vincent J Cavaleri","202247019","Republican",0.347521358661092,NA
"5748","WA",1,2022,NA,"Matthew Heines","202247019","Republican",NA,NA
"5749","WA",2,2018,"H0WA02080","Larsen, Rick","201847029","Democrat",NA,"L000560"
"5750","WA",2,2018,NA,"Carlson, Collin","201847029","Democrat",NA,NA
"5751","WA",2,2020,"H0WA01157","Golder, James Dean","202047029","Republican",NA,NA
"5752","WA",2,2020,"H0WA02080","Larsen, Rick","202047029","Democrat",-1.11982900413995,"L000560"
"5753","WA",2,2020,"H0WA02189","Call, Jason","202047029","Democrat",-1.00496879279561,NA
"5754","WA",2,2020,"H0WA02197","Hazelo, Timothy S.","202047029","Republican",1.24133114312747,NA
"5755","WA",2,2020,"H0WA02213","Uy, Tim","202047029","Republican",0.31914680507426,NA
"5756","WA",2,2020,"H0WA02221","Hart, Cody","202047029","Republican",0.657915710880499,NA
"5757","WA",2,2020,"H0WA02247","Ilonummi, Kari Olavi","202047029","Republican",NA,NA
"5758","WA",2,2020,"H0WA02254","Kennedy, Carrie R.","202047029","Republican",0.786256558100505,NA
"5759","WA",2,2022,"H0WA02080","Rick Larsen","202247029","Democrat",-0.764339736668039,"L000560"
"5760","WA",2,2022,"H0WA02189","Jason Call","202247029","Democrat",-0.973137310955674,NA
"5761","WA",2,2022,"H2WA02177","Dan Matthews","202247029","Republican",0.704933743233581,NA
"5762","WA",2,2022,"H2WA02219","Leif Johnson","202247029","Republican",0.913882539516856,NA
"5763","WA",2,2022,"H2WA02227","Carrie R. Kennedy","202247029","Republican",0.848176839238826,NA
"5764","WA",2,2022,NA,"Bill Wheeler","202247029","Republican",NA,NA
"5765","WA",2,2022,NA,"Brandon Lee Stalnaker","202247029","Republican",NA,NA
"5766","WA",2,2022,NA,"Cody Hart","202247029","Republican",1.19478006524625,NA
"5767","WA",3,2018,"H0WA03187","Beutler, Jaime Herrera","201847039","Republican",0.0623476849223837,"H001056"
"5768","WA",3,2018,"H6WA03184","McDevitt, David","201847039","Democrat",-1.00653340648468,NA
"5769","WA",3,2018,"H8WA03172","Gasque, Dorothy","201847039","Democrat",-0.746856116122927,NA
"5770","WA",3,2018,"H8WA03198","Long, Carolyn","201847039","Democrat",-0.757350086456695,NA
"5771","WA",3,2018,"H8WA03206","Cortney, Michael","201847039","Republican",-0.0213465787792601,NA
"5772","WA",3,2018,"H8WA03222","Bowerman, Earl","201847039","Republican",0.21030598360821,NA
"5773","WA",3,2018,NA,"Hash, Martin","201847039","Democrat",NA,NA
"5774","WA",3,2020,"H0WA03187","Beutler, Jaime Herrera","202047039","Republican",-0.0487175160924974,"H001056"
"5775","WA",3,2020,"H0WA03252","Gray, Devin C.","202047039","Democrat",NA,NA
"5776","WA",3,2020,"H0WA03260","Ray, Davy","202047039","Democrat",-0.719382592057811,NA
"5777","WA",3,2020,"H8WA03198","Long, Carolyn","202047039","Democrat",NA,NA
"5778","WA",3,2022,"H0WA03187","Jaime Herrera Beutler","202247039","Republican",0.0798451823817209,NA
"5779","WA",3,2022,"H2WA03100","Joe Kent","202247039","Republican",0.932414113847876,NA
"5780","WA",3,2022,"H2WA03126","Heidi St. John","202247039","Republican",0.960324896684899,NA
"5781","WA",3,2022,"H2WA03175","Davy Ray","202247039","Democrat",-0.733788273798244,NA
"5782","WA",3,2022,"H2WA03183","Leslie L. French","202247039","Republican",NA,NA
"5783","WA",3,2022,"H2WA03191","Vicki Kraft","202247039","Republican",1.06915538990323,NA
"5784","WA",3,2022,"H2WA03217","Marie Gluesenkamp Perez","202247039","Democrat",-0.656404399243367,"G000600"
"5785","WA",4,2018,"H4WA04104","Newhouse, Dan","201847049","Republican",0.917592722591817,"N000189"
"5786","WA",4,2018,"H8WA04089","Brown, Chirstine","201847049","Democrat",-0.626950521639886,NA
"5787","WA",4,2020,"H0WA04128","Sloot, Sarena","202047049","Republican",0.159976771026834,NA
"5788","WA",4,2020,"H0WA04136","Wright, Tracy Justice","202047049","Republican",NA,NA
"5789","WA",4,2020,"H4WA04104","Newhouse, Dan M.","202047049","Republican",0.812218098175632,"N000189"
"5790","WA",4,2020,"H6WA04141","McKinley, Doug","202047049","Democrat",NA,NA
"5791","WA",4,2022,"H2WA04157","Brad Klippert","202247049","Republican",1.07372098026422,NA
"5792","WA",4,2022,"H2WA04165","Jerrod Sessler","202247049","Republican",0.671741849705166,NA
"5793","WA",4,2022,"H2WA04173","Loren Culp","202247049","Republican",0.772015657653708,NA
"5794","WA",4,2022,"H2WA04181","Benancio ""Benny"" Garcia III","202247049","Republican",1.13177645754159,NA
"5795","WA",4,2022,"H2WA04199","Doug White","202247049","Democrat",NA,NA
"5796","WA",4,2022,"H2WA14016","Corey Gibson","202247049","Republican",NA,NA
"5797","WA",4,2022,"H4WA04104","Dan Newhouse","202247049","Republican",1.23919525382477,"N000189"
"5798","WA",4,2022,NA,"Jacek Kobiesa","202247049","Republican",NA,NA
"5799","WA",5,2018,"H4WA05077","Rodgers, Cathy","201847059","Republican",-0.275215160778839,"M001159"
"5800","WA",5,2018,"H8WA05193","Brown, Lisa","201847059","Democrat",NA,NA
"5801","WA",5,2018,"H8WA05201","Bonneau, Jered","201847059","Republican",NA,NA
"5802","WA",5,2018,NA,"Ilonummi, Kari","201847059","Republican",NA,NA
"5803","WA",5,2020,"H0WA05125","Armitage, Chris","202047059","Democrat",NA,NA
"5804","WA",5,2020,"H0WA05133","Wilson, Dave","202047059","Democrat",NA,NA
"5805","WA",5,2020,"H0WA05141","Major, Stephen T.","202047059","Republican",0.99948513958643,NA
"5806","WA",5,2020,"H4WA05077","Rodgers, Cathy McMorris","202047059","Republican",0.657839831856289,"M001159"
"5807","WA",5,2022,"H2WA05097","Ann Marie Danimus","202247059","Democrat",-0.391745191952084,NA
"5808","WA",5,2022,"H2WA05105","Natasha Hill","202247059","Democrat",-1.34089921128609,NA
"5809","WA",5,2022,"H2WA05113","Sean Clynch","202247059","Republican",NA,NA
"5810","WA",5,2022,"H4WA05077","Cathy McMorris Rodgers","202247059","Republican",0.266038752889469,"M001159"
"5811","WA",6,2018,"H2WA06129","Kilmer, Derek","201847069","Democrat",-0.527555745006887,"K000381"
"5812","WA",6,2018,"H8WA06100","Dightman, Douglas","201847069","Republican",0.129002347954971,NA
"5813","WA",6,2020,"H0WA06081","Kreiselmaier, Elizabeth","202047069","Republican",0.520897117220314,NA
"5814","WA",6,2020,"H0WA06099","Parson, Rebecca","202047069","Democrat",-1.16077443456642,NA
"5815","WA",6,2020,"H0WA06107","Alberg, Johny","202047069","Republican",NA,NA
"5816","WA",6,2020,"H0WA06115","Welton, Chris","202047069","Republican",NA,NA
"5817","WA",6,2020,"H2WA06129","Kilmer, Derek","202047069","Democrat",-1.01465615472172,"K000381"
"5818","WA",6,2020,"H2WA10022","Brodhead, Stephan Andrew","202047069","Republican",-0.118284717706352,NA
"5819","WA",6,2022,"H0WA06081","Elizabeth Kreiselmaier","202247069","Republican",0.675745858045633,NA
"5820","WA",6,2022,"H0WA06099","Rebecca Parson","202247069","Democrat",-1.17622616735172,NA
"5821","WA",6,2022,"H2WA06129","Derek Kilmer","202247069","Democrat",-0.935500759551274,"K000381"
"5822","WA",6,2022,"H2WA06178","Chris Binns","202247069","Republican",0.72875034410868,NA
"5823","WA",6,2022,NA,"Todd A Bloom","202247069","Republican",0.26662381939648,NA
"5824","WA",7,2018,"H4WA07073","Keller, Craig","201847079","Republican",NA,NA
"5825","WA",7,2018,"H6WA07458","Jayapal, Pramila","201847079","Democrat",-1.29457117109368,"J000298"
"5826","WA",7,2020,"H0WA07113","Sutherland, Scott","202047079","Republican",NA,NA
"5827","WA",7,2020,"H4WA07073","Keller, Craig","202047079","Republican",NA,NA
"5828","WA",7,2020,"H6WA07458","Jayapal, Pramila","202047079","Democrat",-1.41743926575442,"J000298"
"5829","WA",7,2020,"H8WA08288","Hughes-Hageman, Jack","202047079","Democrat",-0.348970039660565,NA
"5830","WA",7,2022,"H2WA07119","Paul Glumaz","202247079","Republican",-0.165473890900267,NA
"5831","WA",7,2022,"H2WA07127","Cliff Moon","202247079","Republican",-0.096327425355122,NA
"5832","WA",7,2022,"H6WA07458","Pramila Jayapal","202247079","Democrat",-1.33147858926799,"J000298"
"5833","WA",8,2018,"H8WA08122","Cramer, Tom","201847089","Democrat",NA,NA
"5834","WA",8,2018,"H8WA08163","Rittereiser, Jason","201847089","Democrat",-0.58841508307849,NA
"5835","WA",8,2018,"H8WA08189","Schrier, Kim","201847089","Democrat",-0.848246071819363,"S001216"
"5836","WA",8,2018,"H8WA08205","Rossi, Dino","201847089","Republican",0.22059863979114,NA
"5837","WA",8,2018,"H8WA08239","Hader, Shannon","201847089","Democrat",-0.601124276832915,NA
"5838","WA",8,2018,NA,"Pross, Gordon","201847089","Republican",NA,NA
"5839","WA",8,2018,NA,"Hughes-Hageman, Jack","201847089","Republican",-0.211654279708481,NA
"5840","WA",8,2020,"H0WA08103","Jensen, Jesse","202047089","Republican",0.284972674554884,NA
"5841","WA",8,2020,"H0WA08129","Mitchell, James","202047089","Democrat",-0.320786309304991,NA
"5842","WA",8,2020,"H2WA08166","Swank, Keith","202047089","Democrat",1.28033183848452,NA
"5843","WA",8,2020,"H8WA05227","Saulibio, Dave","202047089","Republican",NA,NA
"5844","WA",8,2020,"H8WA08080","Arnold, Keith","202047089","Democrat",-0.909814285705572,NA
"5845","WA",8,2020,"H8WA08189","Schrier, Kim","202047089","Democrat",-0.897638749612809,"S001216"
"5846","WA",8,2022,"H0WA08103","Jesse Jensen","202247089","Republican",1.06166795707709,NA
"5847","WA",8,2022,"H2WA08182","Matt Larkin","202247089","Republican",NA,NA
"5848","WA",8,2022,"H2WA08208","Reagan Dunn","202247089","Republican",NA,NA
"5849","WA",8,2022,"H2WA08216","Scott Stephenson","202247089","Republican",0.785839951612356,NA
"5850","WA",8,2022,"H8WA08189","Kim Schrier","202247089","Democrat",-0.832755398554448,"S001216"
"5851","WA",8,2022,NA,"Dave Chapman","202247089","Republican",NA,NA
"5852","WA",8,2022,NA,"Emet Ward","202247089","Democrat",NA,NA
"5853","WA",8,2022,NA,"Keith Arnold","202247089","Democrat",NA,NA
"5854","WA",9,2018,"H4WA09061","Basler, Doug","201847099","Republican",NA,NA
"5855","WA",9,2018,"H6WA09025","Smith, Adam","201847099","Democrat",-0.547796860911791,"S000510"
"5856","WA",9,2018,"H8WA09054","Smith, Sarah","201847099","Democrat",-1.30977015557701,NA
"5857","WA",9,2020,"H0WA09069","Campbell, Joshua","202047099","Republican",NA,NA
"5858","WA",9,2020,"H4WA09061","Basler, Doug","202047099","Republican",NA,NA
"5859","WA",9,2020,"H6WA09025","Smith, Adam","202047099","Democrat",-0.768047403080993,"S000510"
"5860","WA",9,2022,"H2WA09115","Stephanie Gallardo","202247099","Democrat",-0.779928611785749,NA
"5861","WA",9,2022,"H2WA09156","Sea M. Chan","202247099","Republican",-0.482527856730387,NA
"5862","WA",9,2022,"H2WA09198","Seth D Pedersen","202247099","Republican",0.279270770559428,NA
"5863","WA",9,2022,"H4WA09061","Doug Basler","202247099","Republican",1.20582410734446,NA
"5864","WA",9,2022,"H6WA09025","Adam Smith","202247099","Democrat",-0.892926488900129,"S000510"
"5865","WA",10,2018,"H0WA03161","Heck, Denny","201847109","Democrat",0.0901147712148433,"H001064"
"5866","WA",10,2018,"H8WA10045","Brumbles, Joseph","201847109","Republican",0.542746317909923,NA
"5867","WA",10,2020,"H0WA10026","Tate, Ryan","202047109","Republican",-0.49762552013592,NA
"5868","WA",10,2020,"H0WA10034","Strickland, Marilyn","202047109","Democrat",-1.37409683414577,"S001159"
"5869","WA",10,2020,"H0WA10042","Reeves, Kristine M.","202047109","Democrat",-0.638835463897019,NA
"5870","WA",10,2020,"H0WA10059","Gardner, Phil","202047109","Democrat",-0.986497107357998,NA
"5871","WA",10,2020,"H0WA10067","Hewett, Don","202047109","Republican",0.326197301179966,NA
"5872","WA",10,2020,"H0WA10075","Doglio, Beth","202047109","Democrat",-0.972944086892861,NA
"5873","WA",10,2020,"H0WA10083","Ingrim, Rian","202047109","Republican",-0.359411028119605,NA
"5874","WA",10,2020,"H0WA10091","Johnson, Dean","202047109","Republican",0.29308837622487,NA
"5875","WA",10,2020,"H0WA10109","Maynard, Jackson","202047109","Republican",NA,NA
"5876","WA",10,2020,"H0WA10117","Bacon, Mary","202047109","Democrat",NA,NA
"5877","WA",10,2020,"H0WA10125","LeMay, Eric","202047109","Democrat",-0.630218878314009,NA
"5878","WA",10,2020,"H0WA10141","Johnson, Ralph","202047109","Republican",NA,NA
"5879","WA",10,2020,"H4WA10036","Wright, Sam","202047109","Democrat",NA,NA
"5880","WA",10,2020,"H8WA04048","Pross, Gordon Allen","202047109","Republican",NA,NA
"5881","WA",10,2020,"H8WA09013","Bell, Randy","202047109","Democrat",NA,NA
"5882","WA",10,2020,"H8WA10037","Slotnick, Nancy Dailey","202047109","Republican",NA,NA
"5883","WA",10,2022,"H0WA08111","Dan Earnest Gordon","202247109","Republican",NA,NA
"5884","WA",10,2022,"H0WA10034","Marilyn Strickland","202247109","Democrat",-1.19687549176439,"S001159"
"5885","WA",10,2022,"H2WA08166","Keith R Swank","202247109","Republican",0.757880963008948,NA
"5886","WA",10,2022,NA,"Eric Mahaffy","202247109","Democrat",NA,NA
"5887","WI",1,2018,"H4WI01148","Ryan, Jeremy","201849010","Republican",NA,NA
"5888","WI",1,2018,"H6WI01226","Nehlen, Paul","201849010","Republican",1.27028194707648,NA
"5889","WI",1,2018,"H8WI01123","Bryce, Randy","201849011","Democrat",-1.07836161003516,NA
"5890","WI",1,2018,"H8WI01131","Myers, Cathy","201849011","Democrat",-0.764465284640766,NA
"5891","WI",1,2018,"H8WI01149","Polce, Nick","201849010","Republican",0.789753810368363,NA
"5892","WI",1,2018,"H8WI01156","Steil, Bryan","201849010","Republican",0.956583943867593,"S001213"
"5893","WI",1,2018,"H8WI01164","Steen, Kevin","201849010","Republican",1.25569358920486,NA
"5894","WI",1,2018,"H8WI01172","Boivin, Brad","201849010","Republican",NA,NA
"5895","WI",1,2020,"H0WI01104","Pade, Josh","202049011","Democrat",NA,NA
"5896","WI",1,2020,"H0WI01120","Polack, Roger","202049011","Democrat",-0.601120485391507,NA
"5897","WI",1,2020,"H8WI01156","Steil, Bryan","202049010","Republican",0.959673846133362,"S001213"
"5898","WI",1,2022,"H2WI01100","Ann Roe","202249011","Democrat",NA,NA
"5899","WI",1,2022,"H8WI01156","Bryan Steil","202249010","Republican",1.20200962359323,"S001213"
"5900","WI",2,2018,"H2WI02124","Pocan, Mark","201849021","Democrat",NA,"P000607"
"5901","WI",2,2020,"H2WI02124","Pocan, Mark","202049021","Democrat",-0.609035129926292,"P000607"
"5902","WI",2,2020,"H8WI02121","Peter Theron","202049020","Republican",NA,NA
"5903","WI",2,2022,"H2WI02124","Mark Pocan","202249021","Democrat",-0.573372195705992,"P000607"
"5904","WI",2,2022,"H2WI02173","Charity Barry","202249020","Republican",0.746848113171871,NA
"5905","WI",2,2022,"H2WI02181","Erik Olsen","202249020","Republican",0.573942578962073,NA
"5906","WI",3,2018,"H6WI03099","Kind, Ron","201849031","Democrat",-0.120887499509621,"K000188"
"5907","WI",3,2018,"H8WI03103","Toft, Steve","201849030","Republican",0.845980680427532,NA
"5908","WI",3,2020,"H0WI03118","Neumann, Mark A.","202049031","Democrat",NA,NA
"5909","WI",3,2020,"H0WI03159","Ebben, Jessi","202049030","Republican",0.673125008131568,NA
"5910","WI",3,2020,"H0WI03175","Van Orden, Derrick F.","202049030","Republican",1.15403053464971,NA
"5911","WI",3,2020,"H6WI03099","Kind, Ron","202049031","Democrat",-0.342382559456092,"K000188"
"5912","WI",3,2022,"H0WI03118","Mark Neumann","202249031","Democrat",-0.774451399555307,NA
"5913","WI",3,2022,"H0WI03175","Derrick Van Orden","202249030","Republican",1.13424847510851,"V000135"
"5914","WI",3,2022,"H2WI03122","Brad Pfaff","202249031","Democrat",-0.888011985063242,NA
"5915","WI",3,2022,"H2WI03130","Rebecca Cooke","202249031","Democrat",-0.798996280468747,NA
"5916","WI",3,2022,"H2WI03148","Deb McGrath","202249031","Democrat",-0.389707903487841,NA
"5917","WI",4,2018,"H0WI04132","Werner, Cindy","201849040","Republican",NA,NA
"5918","WI",4,2018,"H4WI04183","Moore, Gwen","201849041","Democrat",NA,"M001160"
"5919","WI",4,2018,"H4WI04241","George, Gary","201849041","Democrat",NA,NA
"5920","WI",4,2018,"H8WI04069","Rogers, Tim","201849040","Republican",NA,NA
"5921","WI",4,2020,"H0WI04132","Werner, Cindy","202049040","Republican",0.790631411014051,NA
"5922","WI",4,2020,"H4WI04183","Moore, Gwen","202049041","Democrat",-0.619340970006045,"M001160"
"5923","WI",4,2020,"H8WI04069","Rogers, Tim","202049040","Republican",-0.565061134883576,NA
"5924","WI",4,2022,"H4WI04183","Gwen Moore","202249041","Democrat",-0.751852783928185,"M001160"
"5925","WI",4,2022,"H8WI04069","Tim Rogers","202249040","Republican",0.271189034143965,NA
"5926","WI",5,2018,"H8WI05165","Palzewicz, Tom","201849051","Democrat",-0.241892624454671,NA
"5927","WI",5,2018,"H8WI05181","Vipond, Jennifer","201849050","Republican",0.102804300841121,NA
"5928","WI",5,2018,"H8WI09050","Sensenbrenner, James","201849050","Republican",NA,"S000244"
"5929","WI",5,2020,"H0WI05113","Fitzgerald, Scott","202049050","Republican",NA,"F000471"
"5930","WI",5,2020,"H0WI05121","DeTemple, Clifford James","202049050","Republican",0.819106445423858,NA
"5931","WI",5,2020,"H8WI05165","Palzewicz, Tom","202049051","Democrat",-0.2551874240022,NA
"5932","WI",5,2022,"H0WI05113","Scott Fitzgerald","202249050","Republican",NA,"F000471"
"5933","WI",5,2022,"H2WI05275","Mike Van Someren","202249051","Democrat",-0.301270941569475,NA
"5934","WI",6,2018,"H4WI06048","Grothman, Glenn","201849060","Republican",NA,"G000576"
"5935","WI",6,2018,"H8WI06098","Kohl, Dan","201849061","Democrat",NA,NA
"5936","WI",6,2020,"H0WI06178","Boor, Matthew","202049061","Democrat",-0.423154521623703,NA
"5937","WI",6,2020,"H0WI06186","King, Jessica Jeane","202049061","Democrat",-1.02240437412381,NA
"5938","WI",6,2020,"H0WI06210","Beardsley, Michael Grant","202049061","Democrat",-1.10395135296173,NA
"5939","WI",6,2020,"H4WI06048","Grothman, Glenn S.","202049060","Republican",0.694407438075061,"G000576"
"5940","WI",6,2022,"H2WI06067","Douglas Mullenix","202249060","Republican",-0.0191776519822368,NA
"5941","WI",6,2022,"H4WI06048","Glenn Grothman","202249060","Republican",0.763901351717052,"G000576"
"5942","WI",7,2018,"H0WI07051","Duffy, Sean","201849070","Republican",0.752934269486099,"D000614"
"5943","WI",7,2018,"H8WI07096","Engebretson, Margaret","201849071","Democrat",-0.331778792878973,NA
"5944","WI",7,2018,"H8WI07104","Ewert, Brian","201849071","Democrat",-0.906752598147571,NA
"5945","WI",7,2020,"H0WI07101","Tiffany, TomÊ","202049070","Republican",1.20765969540612,"T000165"
"5946","WI",7,2020,"H0WI07135","Zunker, Tricia","202049071","Democrat",-1.13293850584919,NA
"5947","WI",7,2022,"H0WI07101","Tom Tiffany","202249070","Republican",1.16877241669937,"T000165"
"5948","WI",7,2022,"H2WI07115","Dave Kunelius","202249070","Republican",-0.0721740198712684,NA
"5949","WI",7,2022,"H2WI07123","Dick Ausman","202249071","Democrat",NA,NA
"5950","WI",8,2018,"H6WI08155","Gallagher, Mike","201849080","Republican",0.947523367175135,"G000579"
"5951","WI",8,2018,"H8WI08045","Liegeois, Beau","201849081","Democrat",NA,NA
"5952","WI",8,2020,"H0WI08125","Stuck, Amanda","202049081","Democrat",-0.935373740738465,NA
"5953","WI",8,2020,"H6WI08155","Gallagher, Mike","202049080","Republican",0.0830175064307882,"G000579"
"5954","WI",8,2022,"H2WI08089","Shaun Clarmont","202249080","Republican",NA,NA
"5955","WI",8,2022,"H6WI08155","Mike Gallagher","202249080","Republican",0.243734947694983,"G000579"
"5956","WV",1,2018,"H0WV01072","McKinley, David","201848010","Republican",0.610849420701738,"M001180"
"5957","WV",1,2018,"H6WV02119","Payne, Tom","201848011","Democrat",NA,NA
"5958","WV",1,2018,"H8WV01067","Baxter, Ralph","201848011","Democrat",-0.006035334435114,NA
"5959","WV",1,2018,"H8WV01075","Fershee, Kendra","201848011","Democrat",-0.322334502785398,NA
"5960","WV",1,2020,"H0WV01072","McKinley, David","202048010","Republican",0.350565375557797,"M001180"
"5961","WV",1,2020,"H0WV01114","Cline, Natalie","202048011","Democrat",-0.704310951211648,NA
"5962","WV",1,2020,"H6WV02119","Payne, Tom","202048011","Democrat",NA,NA
"5963","WV",1,2022,"H0WV03144","Lacy Wayson","202248011","Democrat",-0.564797566289627,NA
"5964","WV",1,2022,"H2WV01136","Scott Fuller","202248010","Republican",1.23235148590617,NA
"5965","WV",1,2022,"H6WV03117","Zane Lawhorn","202248010","Republican",0.883737591040553,NA
"5966","WV",1,2022,"H8WV03097","Carol Miller","202248010","Republican",NA,"M001205"
"5967","WV",1,2022,NA,"James Edwin Houser","202248010","Republican",NA,NA
"5968","WV",1,2022,NA,"Kent Stevens","202248010","Republican",-0.456096107931848,NA
"5969","WV",2,2018,"H4WV02080","Mooney, Alexander","201848020","Republican",0.499747442228505,"M001195"
"5970","WV",2,2018,"H8WV02107","Scheinberg, Aaron","201848021","Democrat",NA,NA
"5971","WV",2,2018,"H8WV02115","Sergent, Talley","201848021","Democrat",NA,NA
"5972","WV",2,2020,"H0WV02179","Kunkel, Catherine","202048021","Democrat",-0.988034950092556,NA
"5973","WV",2,2020,"H0WV02187","Hahn, Matthew Abner","202048020","Republican",-0.0869765984985822,NA
"5974","WV",2,2020,"H4WV02080","Mooney, Alexander Xavier","202048020","Republican",0.380871890889385,"M001195"
"5975","WV",2,2022,"H0WV01072","David B. McKinley","202248020","Republican",1.12635822764499,NA
"5976","WV",2,2022,"H2WV02175","Angela J. Dwyer","202248021","Democrat",-0.981532486863082,NA
"5977","WV",2,2022,"H2WV02183","Susan Buchser-Lochocki","202248020","Republican",-0.673234173910853,NA
"5978","WV",2,2022,"H2WV02191","Barry Lee Wendell","202248021","Democrat",NA,NA
"5979","WV",2,2022,"H2WV02209","Mike Seckman","202248020","Republican",NA,NA
"5980","WV",2,2022,"H4WV02080","Alexander X. Mooney","202248020","Republican",0.373552301335765,"M001195"
"5981","WV",2,2022,NA,"Rhonda A. Hercules","202248020","Republican",0.139369107264124,NA
"5982","WV",3,2018,"H4WV03047","Snuffer, Rick","201848030","Republican",NA,NA
"5983","WV",3,2018,"H8WV03048","Ojeda II, Richard","201848031","Democrat",-0.132990940047952,NA
"5984","WV",3,2018,"H8WV03055","Phillips, Rupie","201848030","Republican",1.01214294284077,NA
"5985","WV",3,2018,"H8WV03063","Davis, Paul","201848031","Democrat",NA,NA
"5986","WV",3,2018,"H8WV03071","Amjad, Ayne","201848030","Republican",-0.120485441177709,NA
"5987","WV",3,2018,"H8WV03097","Miller, Carol","201848030","Republican",NA,"M001205"
"5988","WV",3,2018,"H8WV03105","Lucas, Conrad","201848030","Republican",NA,NA
"5989","WV",3,2018,"H8WV03113","Gearheart, Marty","201848030","Republican",0.93972179344124,NA
"5990","WV",3,2018,"H8WV03121","Love, Shirley","201848031","Democrat",-0.346081832749125,NA
"5991","WV",3,2018,"H8WV03139","Hagerman, Janice","201848031","Democrat",NA,NA
"5992","WV",3,2018,NA,"Payton, Phillip","201848030","Republican",NA,NA
"5993","WV",3,2020,"H0WV03144","Watson, Eugene Lacy","202048031","Democrat",-0.623148169869013,NA
"5994","WV",3,2020,"H0WV03151","Turner, Hilary","202048031","Democrat",-1.00386176382542,NA
"5995","WV",3,2020,"H0WV03169","Lewis, Jeffrey","202048031","Democrat",-0.658783755711983,NA
"5996","WV",3,2020,"H0WV03177","Davis, Paul E.","202048031","Democrat",-0.849434478149459,NA
"5997","WV",3,2020,"H0WV03185","Siegel, Russell","202048030","Republican",NA,NA
"5998","WV",3,2020,"H8WV03097","Miller, Carol","202048030","Republican",0.117913723315626,"M001205"
"5999","WY",1,2018,"H6WY00159","Cheney, Liz","201850010","Republican",NA,"C001109"
"6000","WY",1,2018,"H8WY00171","Miller, Rod","201850010","Republican",-0.00510509482157283,NA
"6001","WY",1,2018,"H8WY01054","Helm, Travis","201850011","Democrat",-0.492365914173325,NA
"6002","WY",1,2018,"H8WY01062","Hunter, Greg","201850011","Democrat",-0.236581920776685,NA
"6003","WY",1,2018,"H8WY01070","Stanley, Blake","201850010","Republican",NA,NA
"6004","WY",1,2020,"H0WY01010","Hafner, Carol","202050011","Democrat",-0.71403395151031,NA
"6005","WY",1,2020,"H0WY01028","Beach, Carl","202050011","Democrat",NA,NA
"6006","WY",1,2020,"H0WY01036","Grey Bull, Lynnette","202050011","Democrat",-0.597549118242111,NA
"6007","WY",1,2020,"H6WY00159","Cheney, Elizabeth","202050010","Republican",0.929048581704106,"C001109"
"6008","WY",1,2020,"H8WY01070","Blake Stanley","202050010","Republican",NA,NA
"6009","WY",1,2022,"H0WY01036","Lynette Bull","202250011","Democrat",-0.619611412998851,NA
"6010","WY",1,2022,"H2WY00158","Anthony Bouchard","202250010","Republican",1.75234744117065,NA
"6011","WY",1,2022,"H2WY00166","Harriet Hageman","202250010","Republican",1.32956536401613,"H001096"
"6012","WY",1,2022,"H2WY01040","Denton Knapp","202250010","Republican",NA,NA
"6013","WY",1,2022,"H2WY01073","Meghan Jensen","202250011","Democrat",-0.342080702024859,NA
"6014","WY",1,2022,"H2WY29017","Bobyn Belinskey","202250010","Republican",1.19455726741326,NA
"6015","WY",1,2022,"H6WY00159","Liz Cheney","202250010","Republican",0.373099038776639,NA
"6016","WY",1,2022,NA,"Steve Helling","202250011","Democrat",0.471426822083898,NA
